Date,AAPL,AMZN,CAT,CVX,DIS,GOOGL,GS,HD,JPM,KO,META,MSFT,NEE,NFLX,NVDA,PFE,PLD,UNH,UNP,XOM
2020-06-01,78.12644958496094,123.552001953125,108.4071044921875,73.70110321044922,116.82247924804688,71.2520751953125,176.3828887939453,216.71090698242188,85.38671875,39.70985412597656,230.48912048339844,174.8793182373047,56.07518005371094,425.9200134277344,8.772820472717285,26.295724868774414,80.65253448486328,280.4965515136719,150.96951293945312,36.536285400390625
2020-06-02,78.48812866210938,123.62049865722656,110.94409942626953,75.21023559570312,116.80281829833984,71.62152862548828,180.09703063964844,221.46067810058594,85.6724853515625,39.63379669189453,231.2941436767578,176.8688507080078,56.283546447753906,427.30999755859375,8.791746139526367,26.814807891845703,82.1674575805664,280.844970703125,152.25205993652344,37.34944152832031
2020-06-03,78.92019653320312,123.91999816894531,114.33574676513672,77.18798828125,120.17656707763672,71.46957397460938,185.7697296142578,221.27557373046875,90.29688262939453,40.478858947753906,228.74981689453125,177.29933166503906,56.93717575073242,421.9700012207031,8.736209869384766,26.814807891845703,83.76844024658203,279.9648132324219,158.5847930908203,38.87308883666992
2020-06-04,78.24053955078125,123.02999877929688,116.01805877685547,76.4731216430664,121.66181182861328,70.2306137084961,189.51919555664062,219.46832275390625,92.17610168457031,40.49576950073242,224.9035186767578,174.9653778076172,55.25043869018555,414.3299865722656,8.737207412719727,26.703575134277344,80.35126495361328,273.29913330078125,157.14187622070312,38.76256561279297
2020-06-05,80.46890258789062,124.1500015258789,121.55989074707031,80.07122802734375,122.77328491210938,71.50779724121094,192.25408935546875,224.7136993408203,96.32416534423828,41.48450469970703,229.35609436035156,179.05926513671875,55.79660415649414,419.6000061035156,8.890192985534668,26.688745498657227,82.38264465332031,285.92437744140625,164.62356567382812,41.904624938964844
2020-06-08,80.94466400146484,126.2030029296875,123.8989486694336,82.00131225585938,125.19293212890625,71.90605163574219,194.80369567871094,226.3622283935547,98.24667358398438,42.12675094604492,229.9822235107422,180.1688232421875,57.13460159301758,419.489990234375,8.775577545166016,27.133682250976562,84.15579223632812,283.75146484375,161.80015563964844,43.21512985229492
2020-06-09,83.50074005126953,130.04299926757812,120.72323608398438,80.64309692382812,121.85853576660156,72.10667419433594,192.4128875732422,226.35345458984375,95.72664642333984,41.4084358215332,237.2076873779297,181.54620361328125,56.737586975097656,434.04998779296875,9.015772819519043,26.85188865661621,83.77706146240234,283.50384521484375,158.68276977539062,42.25198745727539
2020-06-10,85.64900207519531,132.37249755859375,119.14885711669922,77.50570678710938,120.17656707763672,72.73335266113281,188.37232971191406,224.31695556640625,91.84700775146484,41.08731460571289,235.27955627441406,188.28005981445312,56.32522964477539,434.4800109863281,9.335451126098633,26.636837005615234,82.98518371582031,280.3315124511719,156.251220703125,39.986244201660156
2020-06-11,81.5369644165039,127.89800262451172,109.35173034667969,70.98466491699219,110.79300689697266,69.61486053466797,171.26596069335938,211.11099243164062,84.18299102783203,38.484500885009766,223.05491638183594,178.1697235107422,54.469573974609375,425.55999755859375,8.766857147216797,24.69394874572754,78.25102996826172,260.1421203613281,145.43838500976562,36.457340240478516
2020-06-12,82.24091339111328,127.2509994506836,110.79114532470703,73.38339233398438,113.59626770019531,70.16209411621094,178.0149688720703,213.7380828857422,86.48653411865234,38.885292053222656,227.17950439453125,179.5757598876953,54.158111572265625,418.07000732421875,8.902650833129883,25.02765464782715,81.30670928955078,261.4441223144531,148.012451171875,37.23891067504883
2020-06-15,83.25800323486328,128.63400268554688,111.2049789428711,72.4620361328125,115.16019439697266,70.5504150390625,182.01144409179688,212.7771759033203,87.68159484863281,39.48221969604492,231.0754852294922,180.72364807128906,54.52222442626953,425.5,9.143095970153809,24.73844337463379,81.7483901977539,262.4801025390625,149.57113647460938,37.21522521972656
2020-06-16,85.46452331542969,130.7635040283203,117.05266571044922,74.68599700927734,116.4979019165039,71.8281021118164,184.9051513671875,220.34991455078125,88.38304138183594,39.88301467895508,234.20616149902344,185.1522674560547,54.434486389160156,436.1300048828125,9.038196563720703,24.76810646057129,83.9222412109375,268.6415100097656,152.27882385253906,38.052059173583984
2020-06-17,85.3455810546875,132.0489959716797,115.36133575439453,72.70828247070312,115.72085571289062,72.1295166015625,181.9056396484375,221.1433563232422,86.14878845214844,39.72098922729492,234.08692932128906,185.7931365966797,54.61653518676758,447.7699890136719,9.2051362991333,24.88675880432129,83.7490234375,268.27471923828125,152.45692443847656,36.81259536743164
2020-06-18,85.37957000732422,132.69900512695312,114.78556060791016,73.0259780883789,116.42904663085938,71.2148208618164,179.83236694335938,219.69754028320312,85.68115234375,40.07061767578125,234.49441528320312,187.7826690673828,54.6011848449707,449.8699951171875,9.187199592590332,24.649456024169922,82.3546371459961,267.2479248046875,152.17193603515625,37.04153823852539
2020-06-19,84.89167022705078,133.75050354003906,114.66863250732422,71.98545837402344,112.47496032714844,70.74407196044922,177.8826446533203,217.4407196044922,84.70257568359375,39.24345016479492,237.3269500732422,186.66357421875,53.127201080322266,453.7200012207031,9.230304718017578,24.78293800354004,79.56591033935547,268.1778564453125,149.49990844726562,36.29945373535156
2020-06-22,87.11273193359375,135.6909942626953,113.16622924804688,72.74796295166016,114.01921844482422,72.0361557006836,179.4618682861328,219.65345764160156,83.78462982177734,39.004676818847656,237.7543182373047,191.84788513183594,54.18662643432617,468.0400085449219,9.494915962219238,24.553050994873047,80.16349029541016,269.49462890625,149.81163024902344,36.64681625366211
2020-06-23,88.97213745117188,138.2205047607422,113.58004760742188,72.62882995605469,114.67823028564453,72.69758605957031,180.6616668701172,220.6672821044922,84.80650329589844,38.919403076171875,240.75579833984375,193.12957763671875,53.34653854370117,466.260009765625,9.418421745300293,24.300922393798828,79.2021484375,274.0342102050781,150.84481811523438,36.867862701416016
2020-06-24,87.40160369873047,136.72000122070312,109.810546875,69.61058044433594,110.23234558105469,71.14431762695312,174.69781494140625,216.98231506347656,81.97469329833984,38.07518005371094,232.586181640625,189.236572265625,53.00874710083008,457.8500061035156,9.20464038848877,23.870817184448242,77.77313232421875,266.2809143066406,147.4513397216797,35.13105010986328
2020-06-25,88.56192016601562,137.72900390625,112.19459533691406,70.85758972167969,109.53399658203125,71.56143188476562,182.7084503173828,216.3211212158203,84.83248901367188,38.3139533996582,234.23599243164062,191.6278533935547,52.45819854736328,465.9100036621094,9.458291053771973,23.96721839904785,79.21946716308594,272.7635192871094,148.76065063476562,35.65998077392578
2020-06-26,85.84076690673828,134.64349365234375,110.10743713378906,68.67332458496094,107.31104278564453,67.66033935546875,166.90780639648438,212.4686279296875,80.18209838867188,37.15420913696289,214.756103515625,187.792236328125,51.813323974609375,443.3999938964844,9.124407768249512,23.759584426879883,77.79912567138672,264.1631164550781,144.85948181152344,34.43632507324219
2020-06-29,87.81912994384766,134.0189971923828,112.68040466308594,69.63439178466797,109.69136810302734,69.3799819946289,170.68370056152344,216.97349548339844,80.53715515136719,37.8278923034668,219.2881622314453,189.8105010986328,52.25640106201172,447.239990234375,9.169259071350098,24.20452117919922,78.95965576171875,266.8150329589844,147.4157257080078,34.98895263671875
2020-06-30,88.55220031738281,137.9409942626953,113.80496215820312,70.87346649169922,109.68153381347656,70.41683197021484,174.34494018554688,220.8435821533203,81.4551010131836,38.10076904296875,225.6787567138672,194.66000366210938,52.67973327636719,455.0400085449219,9.466012954711914,24.249011993408203,80.83035278320312,271.59405517578125,150.5865020751953,35.304725646972656
2020-07-01,88.38469696044922,143.93499755859375,113.40910339355469,69.59468841552734,111.15694427490234,71.60610961914062,174.30084228515625,218.76309204101562,80.76233673095703,38.22014617919922,236.0945587158203,195.79824829101562,54.01553726196289,485.6400146484375,9.498154640197754,25.02023696899414,82.40662384033203,274.1539611816406,148.63595581054688,34.50736999511719
2020-07-02,88.38469696044922,144.51499938964844,114.90254211425781,70.14274597167969,110.34054565429688,72.99305725097656,174.1508331298828,219.07156372070312,81.02465057373047,38.27130889892578,231.98985290527344,197.29042053222656,54.04623794555664,476.8900146484375,9.580134391784668,25.591236114501953,82.75303649902344,274.6419677734375,150.59544372558594,34.799468994140625
2020-07-06,90.74900817871094,152.8520050048828,116.44092559814453,70.34925079345703,112.55365753173828,74.4688720703125,182.9378204345703,219.9972686767578,83.07081604003906,38.56977462768555,238.80784606933594,201.53732299804688,54.16908264160156,493.80999755859375,9.806370735168457,25.591236114501953,82.76170349121094,278.83172607421875,153.3386993408203,35.0442008972168
2020-07-07,90.46743774414062,150.00599670410156,114.43472290039062,68.55418395996094,111.76676177978516,73.9857177734375,175.87998962402344,218.05783081054688,80.72734069824219,38.55271530151367,239.38426208496094,199.1938934326172,54.11643600463867,493.1600036621094,9.838761329650879,25.23529052734375,82.12947845458984,273.1594543457031,151.21885681152344,34.136329650878906
2020-07-08,92.57442474365234,154.0554962158203,115.2713623046875,68.58594512939453,114.7470932006836,74.66502380371094,178.42962646484375,219.66229248046875,81.58428955078125,38.433345794677734,242.0876007080078,203.57470703125,55.55313491821289,502.7799987792969,10.18186092376709,25.02765464782715,82.93492126464844,274.73406982421875,150.55975341796875,34.0573844909668
2020-07-09,92.97254943847656,159.13150024414062,113.11224365234375,65.7186050415039,114.89461517333984,75.41287231445312,173.6479949951172,218.59556579589844,79.81793975830078,37.44415283203125,243.00198364257812,204.99996948242188,55.272369384765625,507.760009765625,10.473884582519531,24.812599182128906,83.63642883300781,268.104248046875,147.84324645996094,32.652137756347656
2020-07-10,93.13518524169922,160.0,115.16341400146484,67.69636535644531,117.38313293457031,76.42340087890625,181.3498077392578,220.49098205566406,84.18133544921875,38.501556396484375,243.56846618652344,204.378173828125,56.94157409667969,548.72998046875,10.444232940673828,25.086977005004883,82.12079620361328,268.1686096191406,148.1995086669922,33.6705436706543
2020-07-13,92.70552062988281,155.1999969482422,117.46652221679688,67.8313980102539,114.31430053710938,75.09358215332031,184.27879333496094,220.05897521972656,85.38806915283203,38.586830139160156,237.53564453125,198.065185546875,56.2045783996582,525.5,10.018659591674805,26.110326766967773,81.03821563720703,275.9771423339844,150.67556762695312,33.67844009399414
2020-07-14,94.23963165283203,154.1999969482422,123.14326477050781,70.17449951171875,116.71429443359375,75.5221176147461,188.80459594726562,227.26145935058594,85.87773895263672,39.11553192138672,238.26119995117188,199.28955078125,57.5886344909668,524.8800048828125,10.342325210571289,26.12516212463379,80.87367248535156,284.089599609375,153.0982208251953,34.79157638549805
2020-07-15,94.88777160644531,150.44349670410156,124.47473907470703,70.60340118408203,118.91756439208984,75.3244857788086,191.3542022705078,227.27027893066406,87.20686340332031,39.5674934387207,238.80784606933594,198.9929656982422,56.80997085571289,523.260009765625,10.193074226379395,26.488523483276367,81.1854476928711,279.991943359375,155.32492065429688,35.233680725097656
2020-07-16,93.72016906738281,149.9949951171875,124.65467071533203,70.18245697021484,117.47166442871094,75.22714233398438,189.3868408203125,227.51708984375,87.45171356201172,39.354305267333984,239.45384216308594,195.0522003173828,58.86742401123047,527.3900146484375,10.100884437561035,26.399534225463867,79.76510620117188,282.8280029296875,157.5337677001953,34.95736312866211
2020-07-17,93.53083038330078,148.09849548339844,124.0836410522461,69.25314331054688,116.70445251464844,75.32299041748047,186.51080322265625,229.54476928710938,85.8340072631836,39.92564392089844,240.54710388183594,194.0574188232422,60.40282440185547,492.989990234375,10.167409896850586,26.881547927856445,82.5711669921875,282.2571105957031,161.43495178222656,34.35737609863281
2020-07-20,95.50189971923828,159.8419952392578,122.02617645263672,67.72813415527344,115.85855865478516,77.65640258789062,186.77545166015625,229.35964965820312,85.0820083618164,39.32871627807617,243.91632080078125,202.39820861816406,60.172508239746094,502.4100036621094,10.475626945495605,27.06694221496582,82.0428695678711,279.43017578125,157.9969482421875,33.5521240234375
2020-07-21,94.1838150024414,156.9145050048828,123.15005493164062,72.589111328125,116.6749496459961,77.26310729980469,187.04901123046875,231.34317016601562,86.92706298828125,40.249698638916016,240.268798828125,199.67218017578125,60.61118698120117,490.1000061035156,10.293986320495605,27.207836151123047,84.81427764892578,280.9494934082031,159.12811279296875,35.24946594238281
2020-07-22,94.44840240478516,154.99549865722656,124.15615844726562,72.3111343383789,117.0782241821289,77.70655059814453,181.73794555664062,233.7675018310547,86.29747772216797,41.34120178222656,238.4003448486328,202.54164123535156,61.50831985473633,489.82000732421875,10.403870582580566,28.59455680847168,85.20401000976562,282.4228820800781,159.76939392089844,34.42842483520508
2020-07-23,90.14944458007812,149.32749938964844,123.81172943115234,72.28726959228516,116.18315124511719,75.31802368164062,179.10897827148438,232.56854248046875,86.5510482788086,41.170658111572266,231.1748809814453,193.73220825195312,61.62895965576172,477.5799865722656,10.095901489257812,28.483320236206055,85.65438842773438,278.97906494140625,155.8682098388672,34.499481201171875
2020-07-24,89.92610931396484,150.44549560546875,124.70000457763672,71.58831024169922,115.68151092529297,74.89395141601562,177.7415313720703,233.8909454345703,85.9389419555664,41.3497314453125,229.29644775390625,192.54611206054688,61.471012115478516,480.45001220703125,10.160436630249023,27.927146911621094,86.52909088134766,276.9716796875,156.8657989501953,34.28631591796875
2020-07-27,92.05738067626953,152.760498046875,126.7937240600586,72.3111343383789,114.4028091430664,75.94766998291016,179.10897827148438,235.75106811523438,84.73224639892578,41.34120178222656,232.06936645507812,194.9852294921875,60.89635467529297,495.6499938964844,10.386674880981445,27.838163375854492,88.13134765625,274.95501708984375,157.48927307128906,34.79157638549805
2020-07-28,90.54512023925781,150.01649475097656,125.10784149169922,70.77815246582031,114.27495574951172,74.66752624511719,177.87384033203125,233.86447143554688,85.0994873046875,41.08538055419922,228.71006774902344,193.23483276367188,61.42496871948242,488.510009765625,10.181363105773926,28.935680389404297,88.80687713623047,276.1797180175781,155.34271240234375,34.38105773925781
2020-07-29,92.28071594238281,151.67649841308594,127.3738021850586,71.54067993164062,113.71430206298828,75.6537094116211,178.72079467773438,233.3179168701172,87.16313171386719,40.94894790649414,231.86062622070312,195.18609619140625,61.7320556640625,484.4800109863281,10.43052864074707,29.1136474609375,91.9507064819336,282.3952941894531,158.52243041992188,34.76000213623047
2020-07-30,93.39734649658203,152.593994140625,123.92955017089844,68.52239990234375,113.76348876953125,76.39163208007812,176.030029296875,234.7724609375,84.83715057373047,40.667537689208984,233.06324768066406,195.0330047607422,61.92945861816406,485.79998779296875,10.578533172607422,29.00881576538086,91.10198211669922,281.05999755859375,153.90869140625,33.054771423339844
2020-07-31,103.17497253417969,158.23399353027344,120.43998718261719,66.67174530029297,115.02249908447266,73.88788604736328,174.64491271972656,234.049560546875,84.50487518310547,40.28379821777344,252.1157684326172,196.09474182128906,61.56972885131836,488.8800048828125,10.579279899597168,28.81412696838379,91.30116271972656,278.8040466308594,154.39862060546875,33.220550537109375
2020-08-03,105.77471923828125,155.59449768066406,119.4429702758789,67.3627700805664,114.44215393066406,73.63015747070312,175.90646362304688,234.65785217285156,84.0326919555664,39.48221969604492,250.41629028320312,207.12335205078125,60.8875732421875,498.6199951171875,10.97346019744873,28.71678924560547,90.92008209228516,279.568359375,153.2496337890625,33.354759216308594
2020-08-04,106.48108673095703,156.94149780273438,119.20732879638672,68.6971435546875,115.36675262451172,73.160400390625,177.8914794921875,236.14772033691406,83.5517578125,39.81478500366211,248.29931640625,204.0147247314453,62.52388000488281,509.6400146484375,11.19023323059082,28.746732711791992,91.44839477539062,280.3878479003906,154.69253540039062,34.317901611328125
2020-08-05,106.8670654296875,160.25149536132812,122.3343276977539,69.26109313964844,125.51753997802734,73.44792175292969,180.43231201171875,235.80392456054688,85.00331115722656,40.26675033569336,247.5936279296875,203.67991638183594,62.24530792236328,502.1099853515625,11.249032020568848,28.791656494140625,90.85081481933594,287.72674560546875,158.06820678710938,34.61789321899414
2020-08-06,110.5955810546875,161.25,121.80863189697266,69.47554016113281,128.67489624023438,74.7320556640625,180.19412231445312,237.47012329101562,85.029541015625,40.488460540771484,263.6546630859375,206.941650390625,62.032535552978516,509.0799865722656,11.297621726989746,28.656871795654297,90.8334732055664,289.19085693359375,159.9741973876953,34.45210647583008
2020-08-07,108.08110809326172,158.3730010986328,122.28899383544922,68.94336700439453,127.79949188232422,74.40532684326172,183.74063110351562,239.47129821777344,86.90081787109375,40.76134490966797,266.7952575683594,203.2399444580078,63.122684478759766,494.7300109863281,11.162076950073242,28.791656494140625,90.998046875,291.9256896972656,162.9312744140625,34.294212341308594
2020-08-10,109.65205383300781,157.4080047607422,128.7243194580078,71.2706298828125,126.67816925048828,74.32835388183594,184.71986389160156,242.1953887939453,88.00260162353516,40.693119049072266,261.38861083984375,199.1938934326172,62.2146110534668,483.3800048828125,11.127691268920898,28.746732711791992,89.83750915527344,293.8317565917969,166.4227294921875,35.138938903808594
2020-08-11,106.39102935791016,154.0334930419922,129.18655395507812,71.1832504272461,128.35032653808594,73.51992797851562,186.20204162597656,242.3628387451172,90.78329467773438,40.8721923828125,254.5607147216797,194.53562927246094,60.931427001953125,466.92999267578125,10.813745498657227,28.29744529724121,87.04875183105469,290.56280517578125,169.5401153564453,35.50209426879883
2020-08-12,109.92682647705078,158.11199951171875,129.22280883789062,72.05694580078125,129.6289825439453,74.84577941894531,187.14601135253906,248.23419189453125,90.01378631591797,41.29856872558594,258.2976989746094,200.093017578125,62.422977447509766,475.4700012207031,11.402022361755371,28.701799392700195,89.10133361816406,296.750732421875,170.85830688476562,35.49404525756836
2020-08-13,111.87227630615234,158.05099487304688,127.50068664550781,71.34209442138672,128.81260681152344,75.31306457519531,183.8464813232422,248.30470275878906,89.51537322998047,41.25593948364258,259.69903564453125,199.62428283691406,62.38130187988281,481.3299865722656,11.404763221740723,28.581993103027344,88.89347839355469,296.0600891113281,168.97900390625,34.624603271484375
2020-08-14,111.77254486083984,157.4010009765625,126.8572006225586,71.7630615234375,128.38966369628906,74.71617126464844,183.47596740722656,247.32615661621094,89.55034637451172,41.31562423706055,259.6393737792969,199.8155975341797,61.525856018066406,482.67999267578125,11.525360107421875,28.49962615966797,88.61634063720703,298.06756591796875,170.93846130371094,34.777565002441406
2020-08-17,111.4807357788086,159.12049865722656,125.73326873779297,72.0966567993164,127.2486572265625,75.2927017211914,179.153076171875,254.10540771484375,87.18937683105469,41.110965728759766,259.5599060058594,201.13563537597656,62.072025299072266,482.3500061035156,12.295775413513184,28.71678924560547,90.25320434570312,295.13006591796875,172.67529296875,34.326744079589844
2020-08-18,112.40969848632812,165.62449645996094,125.4159927368164,70.60606384277344,126.80606079101562,77.25615692138672,177.600341796875,251.24911499023438,85.97393035888672,41.290035247802734,260.7326354980469,202.29299926757812,62.085182189941406,491.8699951171875,12.219780921936035,28.724267959594727,89.7682113647461,291.7230529785156,169.851806640625,34.15768814086914
2020-08-19,112.55073547363281,163.0240020751953,125.09878540039062,69.60696411132812,125.67491149902344,76.70147705078125,179.10897827148438,249.36251831054688,86.17504119873047,40.3946533203125,260.9811096191406,201.06568908691406,61.92945861816406,484.5299987792969,12.097939491271973,28.64938735961914,88.114013671875,290.4247741699219,170.07447814941406,33.77931594848633
2020-08-20,115.0481948852539,164.86849975585938,124.60930633544922,68.33390045166016,126.0191650390625,78.27264404296875,178.07675170898438,247.44068908691406,85.14320373535156,40.37760543823242,267.36181640625,205.74476623535156,61.87899398803711,497.8999938964844,12.100431442260742,28.99384307861328,88.9367904663086,288.5186462402344,169.1570587158203,33.26409149169922
2020-08-21,120.97692108154297,164.23599243164062,125.47042846679688,68.55144500732422,125.3503189086914,78.23888397216797,178.58843994140625,249.688720703125,85.0994873046875,40.317909240722656,265.3740539550781,204.24899291992188,61.944793701171875,492.30999755859375,12.641119956970215,29.113643646240234,89.23989868164062,289.2644958496094,170.62672424316406,33.01453399658203
2020-08-24,122.4238052368164,165.3730010986328,128.4161376953125,70.25960540771484,128.5470428466797,78.714599609375,182.92015075683594,252.79188537597656,87.49541473388672,40.906307220458984,269.7272033691406,204.8914337158203,61.993072509765625,488.80999755859375,12.677745819091797,29.083698272705078,88.33919525146484,284.38427734375,171.5084991455078,33.98862838745117
2020-08-25,121.41950225830078,167.32449340820312,127.93578338623047,69.39747619628906,127.66178894042969,79.74251556396484,181.73794555664062,252.24534606933594,87.88019561767578,40.855140686035156,279.09942626953125,207.55694580078125,61.70353317260742,490.5799865722656,12.707396507263184,28.761709213256836,88.32186889648438,287.49652099609375,173.5926513671875,32.90987777709961
2020-08-26,123.0706787109375,172.09249877929688,128.55210876464844,68.30973052978516,130.0125732421875,81.64339447021484,182.81430053710938,257.3584899902344,86.64723205566406,41.068321228027344,302.0479736328125,212.04421997070312,61.19685363769531,547.530029296875,12.730316162109375,28.492136001586914,87.49909973144531,284.36572265625,173.07606506347656,32.20949172973633
2020-08-27,121.59944915771484,170.0,129.94789123535156,68.41448211669922,131.53717041015625,80.86825561523438,185.39920043945312,254.44921875,89.49787139892578,41.12801742553711,291.4234924316406,217.2506561279297,61.47902297973633,526.27001953125,12.586050987243652,28.349868774414062,88.25260162353516,286.9901428222656,173.18295288085938,31.99213409423828
2020-08-28,121.40247344970703,170.08999633789062,130.18356323242188,68.99459838867188,133.31752014160156,81.4100112915039,183.24658203125,252.3863983154297,89.8651351928711,42.4924201965332,291.8607482910156,219.48471069335938,61.626731872558594,523.8900146484375,13.103815078735352,28.387300491333008,88.7635726928711,289.476318359375,174.6688995361328,32.756927490234375
2020-08-31,125.51948547363281,172.54800415039062,128.9871826171875,67.6248550415039,129.70767211914062,80.91840362548828,181.83535766601562,251.28440856933594,87.60912322998047,42.236595153808594,291.403564453125,216.24392700195312,61.54295349121094,529.5599975585938,13.32981014251709,28.29744529724121,88.21794128417969,287.8004150390625,172.26100158691406,32.15314483642578
2020-09-01,130.51925659179688,174.95599365234375,132.37705993652344,66.93998718261719,131.36013793945312,82.18714904785156,182.3590087890625,252.0778350830078,87.56539154052734,41.886962890625,293.6298828125,217.91224670410156,61.09323501586914,556.5499877929688,13.778939247131348,27.616039276123047,87.90615844726562,288.0582580566406,175.2686767578125,31.74258041381836
2020-09-02,127.81513977050781,176.57249450683594,135.29556274414062,67.02862548828125,133.1699676513672,85.28131103515625,186.42404174804688,254.5238494873047,88.88578033447266,43.652156829833984,300.6465759277344,222.11190795898438,63.54683303833008,552.8400268554688,14.302840232849121,27.855649948120117,90.57365417480469,294.8815002441406,175.6982879638672,31.549360275268555
2020-09-03,117.58212280273438,168.39999389648438,133.02056884765625,66.29541015625,131.05523681640625,80.91740417480469,184.22291564941406,243.3839569091797,88.60596466064453,43.04670333862305,289.3363037109375,208.3527374267578,61.85597610473633,525.75,12.975890159606934,27.256603240966797,88.00141906738281,291.1889953613281,170.56915283203125,31.484962463378906
2020-09-04,117.65995025634766,164.7310028076172,134.30764770507812,66.0134048461914,129.82569885253906,78.51895141601562,187.2228546142578,238.9794464111328,90.52096557617188,43.52424621582031,280.99774169921875,205.42831420898438,61.13511276245117,516.0499877929688,12.584086418151855,27.22665023803711,87.26526641845703,287.2939758300781,171.0972900390625,31.460819244384766
2020-09-08,109.74201965332031,157.49200439453125,134.6157989501953,63.62845993041992,131.9994659423828,75.6581802368164,179.7140655517578,238.62496948242188,87.3730239868164,42.47536087036133,269.4986267089844,194.31552124023438,61.265174865722656,507.0199890136719,11.876745223999023,26.9046630859375,85.56777954101562,282.9200744628906,168.87733459472656,30.73628044128418
2020-09-09,114.1192398071289,163.4304962158203,138.39544677734375,64.4825210571289,131.17324829101562,76.83158111572266,179.4832763671875,245.51979064941406,88.20372772216797,42.799400329589844,272.04296875,202.59022521972656,62.24839782714844,500.19000244140625,12.67630386352539,27.091867446899414,87.45581817626953,287.312255859375,172.63690185546875,30.551124572753906
2020-09-10,110.39373779296875,158.7554931640625,135.830322265625,62.967742919921875,131.03553771972656,75.77983856201172,177.5218048095703,241.67352294921875,87.2943115234375,42.637386322021484,266.44744873046875,196.9139862060547,61.044734954833984,480.6700134277344,12.27428150177002,26.69499969482422,86.6156997680664,280.47998046875,172.83387756347656,29.786340713500977
2020-09-11,108.94440460205078,155.81100463867188,139.42869567871094,62.597110748291016,129.58963012695312,75.26886749267578,178.3294677734375,244.89053344726562,88.37860870361328,43.54130172729492,264.97650146484375,195.62913513183594,61.318077087402344,482.0299987792969,12.127480506896973,27.009498596191406,86.7889175415039,278.7509460449219,175.3939208984375,29.70583724975586
2020-09-14,112.21270751953125,155.14849853515625,139.13864135742188,62.27482604980469,129.0978546142578,74.92474365234375,178.7022705078125,248.7190399169922,89.60282135009766,43.59286880493164,264.51934814453125,196.9523162841797,62.14918899536133,476.260009765625,12.833073616027832,27.7133731842041,88.29588317871094,285.3064270019531,177.9898681640625,29.512630462646484
2020-09-15,112.3878173828125,157.80650329589844,134.68832397460938,61.51742172241211,129.08802795410156,76.230224609375,175.73779296875,253.0880584716797,86.81336975097656,43.885154724121094,270.7508850097656,200.18357849121094,65.18698120117188,495.989990234375,12.951464653015137,27.67593765258789,88.971435546875,284.0674133300781,181.1497039794922,29.198665618896484
2020-09-16,109.07083892822266,153.90499877929688,136.9633331298828,63.298118591308594,129.92405700683594,75.08662414550781,178.116455078125,249.58753967285156,87.18062591552734,43.66164779663086,261.9054260253906,196.60716247558594,61.80308532714844,483.8599853515625,12.476411819458008,27.541152954101562,88.87562561035156,283.41094970703125,180.29934692382812,30.43840980529785
2020-09-17,107.32967376708984,150.43649291992188,139.4649200439453,63.48343276977539,128.08474731445312,73.84268951416016,172.9241943359375,248.10752868652344,86.18376922607422,43.455326080322266,253.2587432861328,194.55526733398438,61.6201057434082,470.20001220703125,12.425568580627441,27.571102142333984,88.0569076538086,281.987060546875,180.50521850585938,30.43036651611328
2020-09-18,103.92516326904297,147.74549865722656,138.1234893798828,63.01608657836914,126.52080535888672,72.05751037597656,172.95083618164062,243.88018798828125,86.00016021728516,43.36936950683594,250.98277282714844,192.13897705078125,61.046932220458984,469.9599914550781,12.152155876159668,27.428834915161133,86.68071746826172,284.7977600097656,178.8491973876953,29.93929672241211
2020-09-21,107.07676696777344,148.02349853515625,131.72445678710938,61.4771614074707,123.35360717773438,71.0171890258789,172.18753051757812,241.3633575439453,83.3418960571289,42.200233459472656,246.6295928955078,194.2005157470703,60.888221740722656,487.3500061035156,12.479157447814941,26.97205924987793,84.0938949584961,276.633544921875,173.65740966796875,29.327465057373047
2020-09-22,108.75957489013672,156.44949340820312,133.3740692138672,60.856727600097656,125.12409210205078,72.49102020263672,170.0751495361328,242.21414184570312,82.43247985839844,42.69023513793945,253.1891326904297,198.87957763671875,61.298255920410156,491.1700134277344,12.59929084777832,27.14427947998047,86.3932876586914,272.0751647949219,176.62928771972656,28.602930068969727
2020-09-23,104.19754028320312,149.9929962158203,130.8633575439453,57.97222137451172,121.2585220336914,69.98680114746094,165.1934814453125,236.22325134277344,81.0946044921875,41.44374465942383,247.49429321289062,192.33074951171875,60.25110626220703,470.6099853515625,12.086854934692383,26.957080841064453,83.0051498413086,270.1151123046875,173.94383239746094,27.68518829345703
2020-09-24,105.26751708984375,150.989501953125,131.55221557617188,57.85137176513672,120.48149108886719,70.65567779541016,173.17271423339844,235.469970703125,81.02465057373047,41.86497116088867,248.00115966796875,194.82371520996094,61.1836051940918,473.0799865722656,12.310419082641602,26.77737045288086,83.05742645263672,270.5958251953125,175.1522979736328,27.628843307495117
2020-09-25,109.21676635742188,154.75650024414062,132.25013732910156,57.87553405761719,121.96672058105469,71.46013641357422,173.03073120117188,237.99574279785156,81.7329330444336,41.882164001464844,253.2587432861328,199.26309204101562,62.12713623046875,482.8800048828125,12.83457088470459,26.994522094726562,85.06938934326172,279.6939697265625,177.37222290039062,27.886451721191406
2020-09-28,111.82364654541016,158.70249938964844,133.8544158935547,59.567569732666016,123.92408752441406,72.43341064453125,176.68746948242188,241.34559631347656,84.08515930175781,42.363582611083984,255.24649047851562,200.81639099121094,62.638580322265625,490.6499938964844,12.995327949523926,27.249113082885742,87.12493896484375,280.36895751953125,178.5359344482422,28.425827026367188
2020-09-29,110.97735595703125,157.24400329589844,133.60972595214844,57.93193435668945,123.3437728881836,72.79889678955078,174.66383361816406,241.1506805419922,83.37686157226562,42.054100036621094,260.18603515625,198.72616577148438,62.41373825073242,493.4800109863281,13.185498237609863,27.08437728881836,86.75910186767578,281.21966552734375,176.5576171875,27.596641540527344
2020-09-30,112.65045166015625,157.43649291992188,135.1868133544922,58.01250457763672,122.04541778564453,72.77803039550781,178.3738250732422,246.11346435546875,84.18133544921875,42.44093704223633,260.2953796386719,201.66973876953125,61.188018798828125,500.0299987792969,13.489323616027832,27.481245040893555,87.63882446289062,288.26513671875,176.22645568847656,27.636892318725586
2020-10-01,113.60372161865234,161.06300354003906,132.9752655029297,56.73945617675781,121.28804016113281,73.88540649414062,176.22592163085938,246.03382873535156,84.7934341430664,42.277610778808594,264.9963684082031,203.71205139160156,62.334373474121094,527.510009765625,13.573066711425781,27.234134674072266,88.98015594482422,289.4671936035156,173.86328125,26.670846939086914
2020-10-02,109.93655395507812,156.25,135.90289306640625,57.35988235473633,120.5405044555664,72.28146362304688,177.4241485595703,247.53152465820312,85.59790802001953,42.43234634399414,258.34735107421875,197.70018005371094,61.983856201171875,503.05999755859375,13.022497177124023,27.241626739501953,90.77436828613281,288.45928955078125,175.76097106933594,26.55008888244629
2020-10-05,113.32164001464844,159.9600067138672,139.12051391601562,58.5765266418457,121.34705352783203,73.63365173339844,179.11050415039062,250.00404357910156,87.40713500976562,42.44954299926758,263.0284423828125,201.7176971435547,63.469688415527344,520.6500244140625,13.600980758666992,27.51869010925293,91.61924743652344,294.1641540527344,180.20982360839844,27.16192626953125
2020-10-06,110.07274627685547,154.9980010986328,137.3440399169922,58.2542610168457,118.94706726074219,72.05404663085938,178.48033142089844,245.0146484375,86.5069351196289,42.07129669189453,257.07525634765625,197.43173217773438,63.992130279541016,505.8699951171875,13.694693565368652,27.08437728881836,91.00081634521484,290.7431640625,178.50010681152344,26.880155563354492
2020-10-07,111.94036102294922,159.7845001220703,140.28070068359375,59.44669723510742,120.89459991455078,72.45726013183594,180.7081298828125,250.61561584472656,88.01609802246094,42.604278564453125,256.5385437011719,201.19033813476562,65.50003051757812,534.6599731445312,13.921504020690918,27.30902099609375,92.11570739746094,298.8056945800781,183.1637725830078,26.96870994567871
2020-10-08,111.83336639404297,159.52749633789062,141.99371337890625,60.606971740722656,121.07164001464844,73.66343688964844,184.59567260742188,252.1487274169922,89.82530212402344,43.37795639038086,262.1439514160156,201.90945434570312,66.36418151855469,531.7899780273438,13.796636581420898,27.623519897460938,93.05635833740234,298.1029968261719,182.41184997558594,28.38557243347168
2020-10-09,113.77879333496094,164.33250427246094,144.06028747558594,59.62398147583008,122.9306640625,75.00518798828125,184.20516967773438,253.38943481445312,89.31342315673828,43.67884826660156,262.8297119140625,206.92410278320312,66.77643585205078,539.4400024414062,13.720864295959473,27.54863739013672,93.11735534667969,303.1236267089844,184.20216369628906,27.96695327758789
2020-10-12,121.00611114501953,172.14649963378906,147.38671875,60.03489303588867,122.92082214355469,77.69363403320312,190.0453338623047,254.2667694091797,90.40778350830078,43.91954803466797,274.0605773925781,212.28395080566406,67.38485717773438,539.8099975585938,14.18270492553711,27.571102142333984,94.31930541992188,305.0929260253906,184.7123565673828,27.878402709960938
2020-10-13,117.7961196899414,172.18150329589844,146.94256591796875,59.14053726196289,126.84541320800781,77.8167953491211,187.10748291015625,257.3241882324219,88.94276428222656,43.17165756225586,274.4481201171875,213.68382263183594,66.458984375,554.0900268554688,14.204887390136719,27.631011962890625,92.87345123291016,306.43365478515625,181.7136688232422,27.548341751098633
2020-10-14,117.88368225097656,168.1855010986328,148.29307556152344,58.777950286865234,124.5142593383789,77.63653564453125,187.48025512695312,254.42633056640625,88.44853973388672,43.08567810058594,270.154541015625,211.76617431640625,66.27601623535156,541.4500122070312,14.052350997924805,27.601057052612305,90.60888671875,297.5852355957031,183.33383178710938,27.491985321044922
2020-10-15,117.4167709350586,166.9324951171875,149.5892333984375,59.22916793823242,125.2716293334961,77.24076080322266,185.14596557617188,254.8251190185547,89.77234649658203,42.97392654418945,265.0857849121094,210.61557006835938,65.79542541503906,541.9400024414062,13.927484512329102,27.368927001953125,91.43633270263672,300.10009765625,186.9143829345703,27.733488082885742
2020-10-16,115.77288055419922,163.635498046875,152.95191955566406,58.72962951660156,124.73065185546875,77.84807586669922,183.02468872070312,254.931396484375,89.58702087402344,43.0083122253418,264.3006591796875,210.61557006835938,67.36943054199219,530.7899780273438,13.769466400146484,28.41725730895996,90.80923461914062,305.0282287597656,187.8453826904297,27.451730728149414
2020-10-19,112.81580352783203,160.36050415039062,151.8461151123047,57.43239212036133,122.19295501708984,75.97349548339844,182.56314086914062,251.4486083984375,88.07786560058594,42.655845642089844,259.7984313964844,205.3995819091797,66.03571319580078,530.719970703125,13.45667552947998,28.30493927001953,89.72918701171875,299.77655029296875,184.0947265625,26.904308319091797
2020-10-20,114.3040771484375,160.85049438476562,153.16941833496094,57.75468444824219,122.90115356445312,77.02276611328125,184.64002990722656,253.49578857421875,88.58091735839844,43.19743728637695,265.9206848144531,205.81182861328125,66.35316467285156,525.4199829101562,13.603972434997559,28.072805404663086,90.17338562011719,299.02764892578125,185.0972900390625,27.12972068786621
2020-10-21,113.6815185546875,159.2469940185547,151.72825622558594,57.102027893066406,124.55360412597656,78.75630950927734,180.0957489013672,252.13986206054688,87.69837188720703,42.97392654418945,277.0222473144531,205.9556884765625,65.62347412109375,489.04998779296875,13.483589172363281,27.765798568725586,89.40691375732422,298.454345703125,178.56275939941406,26.69499969482422
2020-10-22,112.59207153320312,158.82000732421875,153.7767333984375,59.14053726196289,125.46834564208984,79.78273010253906,182.3057403564453,249.17103576660156,90.79609680175781,43.56708526611328,276.4159851074219,206.0419921875,66.63533020019531,485.2300109863281,13.320337295532227,28.027875900268555,89.5375747680664,301.1726989746094,167.51670837402344,28.06356430053711
2020-10-23,111.9014663696289,160.22000122070312,153.74020385742188,58.471778869628906,126.24540710449219,81.08971405029297,181.98623657226562,250.80169677734375,91.61686706542969,43.42953872680664,283.04510498046875,207.3268280029297,66.81171417236328,488.2799987792969,13.548891067504883,28.589479446411133,89.9207992553711,305.675537109375,168.41183471679688,27.500032424926758
2020-10-26,111.91119384765625,160.3520050048828,148.82501220703125,57.15846252441406,122.0257339477539,78.67188262939453,178.5247344970703,244.633544921875,89.3487548828125,42.81058120727539,275.41217041015625,201.43006896972656,66.71910858154297,488.239990234375,13.10125732421875,28.39479637145996,87.5081558227539,298.7039489746094,165.3325653076172,26.84795379638672
2020-10-27,113.41889953613281,164.31649780273438,144.00094604492188,56.00624465942383,121.28804016113281,79.39639282226562,173.6786346435547,245.34249877929688,87.6630630493164,42.89656448364258,281.5543212890625,204.46951293945312,66.82271575927734,488.92999267578125,13.355979919433594,28.027875900268555,86.34974670410156,296.3461608886719,160.74050903320312,26.42128562927246
2020-10-28,108.16621398925781,158.13900756835938,137.84552001953125,53.887176513671875,116.52740478515625,75.0225601196289,168.43312072753906,239.0326385498047,85.20077514648438,41.22883605957031,266.030029296875,194.334716796875,65.65873718261719,486.239990234375,12.58857250213623,26.54524040222168,84.93003845214844,284.7794189453125,155.1905975341797,25.41499137878418
2020-10-29,112.1738052368164,160.55050659179688,141.04635620117188,55.434181213378906,119.54706573486328,77.31078338623047,168.58404541015625,238.95281982421875,85.75675964355469,41.280418395996094,279.109375,196.29075622558594,65.26193237304688,504.2099914550781,12.984362602233887,26.417940139770508,87.25558471679688,280.7850341796875,157.5806427001953,26.542043685913086
2020-10-30,105.89004516601562,151.8074951171875,143.2167205810547,55.99819564819336,119.2618179321289,80.25199890136719,167.78518676757812,236.36508178710938,86.52458953857422,41.3148078918457,261.4979248046875,194.1333770751953,64.5564956665039,475.739990234375,12.495856285095215,26.567699432373047,86.40200805664062,282.1350402832031,158.61007690429688,26.260272979736328
2020-11-02,105.80250549316406,150.2239990234375,148.8888397216797,58.13338088989258,118.1601791381836,80.65968322753906,168.81480407714844,239.93653869628906,88.47501373291016,41.79620361328125,259.75860595703125,193.99913024902344,66.24954986572266,484.1199951171875,12.542464256286621,27.129308700561523,88.72754669189453,288.5702819824219,160.4451141357422,27.36318016052246
2020-11-03,107.42696380615234,152.42050170898438,152.9195098876953,57.80301284790039,121.98638916015625,81.7193603515625,175.6756591796875,245.8122100830078,91.26387023925781,42.42374801635742,263.67449951171875,197.93031311035156,67.03434753417969,487.2200012207031,12.979876518249512,27.09935760498047,90.92245483398438,297.1228942871094,165.94126892089844,26.896259307861328
2020-11-04,111.81390380859375,162.05799865722656,141.55702209472656,57.827186584472656,123.01918029785156,86.69456481933594,175.62240600585938,250.55348205566406,88.47501373291016,42.269012451171875,285.6192321777344,207.48025512695312,64.65348815917969,496.95001220703125,13.752267837524414,27.9529972076416,92.15923309326172,327.8291320800781,167.15869140625,26.75135040283203
2020-11-05,115.78258514404297,166.10000610351562,148.7246856689453,58.12531661987305,124.87818145751953,87.5213623046875,180.14012145996094,253.32740783691406,92.09344482421875,42.50111389160156,292.87451171875,214.0961151123047,65.91445922851562,513.760009765625,14.116908073425293,27.52935028076172,92.22020721435547,327.6811828613281,171.9297637939453,26.703044891357422
2020-11-06,115.65104675292969,165.56849670410156,147.08322143554688,57.3276481628418,125.36997985839844,87.3838119506836,178.63124084472656,251.90057373046875,90.86670684814453,42.50971221923828,291.6123352050781,214.5083770751953,66.76982116699219,514.72998046875,14.517683029174805,27.53691291809082,91.35794067382812,321.2644348144531,170.1394805908203,26.389083862304688
2020-11-09,113.34173583984375,157.18699645996094,155.77381896972656,63.974910736083984,140.25189208984375,87.46772003173828,190.7642059326172,239.25416564941406,103.16937255859375,45.19182205200195,277.0619812011719,209.3978729248047,66.58463287353516,470.5,13.589268684387207,29.65514373779297,86.75910186767578,323.6128845214844,177.2379150390625,29.729984283447266
2020-11-10,113.00070190429688,151.75100708007812,157.1234588623047,66.93193054199219,139.77975463867188,86.29084014892578,193.01866149902344,244.217041015625,102.8340072631836,46.4039306640625,270.76080322265625,202.3217315673828,67.0079116821289,480.239990234375,12.7311372756958,29.261751174926758,87.04655456542969,327.0247497558594,180.15609741210938,30.389551162719727
2020-11-11,116.43055725097656,156.8695068359375,154.5336151123047,66.44046020507812,135.56011962890625,86.76309967041016,193.53343200683594,246.14903259277344,101.29837036132812,46.06007766723633,274.7859802246094,207.63365173339844,68.37467956542969,490.760009765625,13.377165794372559,29.125585556030273,88.85818481445312,325.1847839355469,179.0282440185547,30.076251983642578
2020-11-12,116.15774536132812,155.51400756835938,154.23263549804688,64.99817657470703,133.29783630371094,86.54409790039062,190.39146423339844,244.81082153320312,100.05398559570312,45.570064544677734,273.3945617675781,206.5693817138672,67.6075210571289,486.7699890136719,13.415797233581543,28.406902313232422,89.38076782226562,327.6904602050781,179.46685791015625,29.045682907104492
2020-11-13,116.2064437866211,156.4405059814453,156.5854034423828,66.89971160888672,136.0912628173828,88.00601196289062,194.44764709472656,245.63502502441406,100.68058776855469,45.94831848144531,275.253173828125,207.5952911376953,68.0660629272461,482.8399963378906,13.256532669067383,29.216365814208984,90.17338562011719,328.8554382324219,182.10748291015625,29.74647331237793
2020-11-16,117.21983337402344,156.55299377441406,157.93504333496094,71.67767333984375,142.29779052734375,88.09391021728516,197.37661743164062,247.7619171142578,103.52237701416016,46.292171478271484,277.2508239746094,208.28564453125,68.55986785888672,479.1000061035156,13.474116325378418,28.24046516418457,89.93824005126953,329.918701171875,185.03463745117188,31.46135139465332
2020-11-17,116.33311462402344,156.7830047607422,156.767822265625,71.16259002685547,142.13058471679688,87.47964477539062,199.39138793945312,241.46974182128906,102.47216796875,46.14603805541992,273.3150634765625,205.6297149658203,67.55461120605469,480.6300048828125,13.381400108337402,28.736860275268555,90.7569351196289,325.5545959472656,184.2648162841797,31.881813049316406
2020-11-18,115.00794982910156,155.2729949951172,157.52471923828125,68.90606689453125,141.54042053222656,86.43584442138672,199.08074951171875,239.1300811767578,101.71318054199219,45.22620391845703,270.30364990234375,202.918701171875,66.83154296875,481.7900085449219,13.3878812789917,28.960121154785156,88.31819152832031,318.536865234375,182.63563537597656,30.678112030029297
2020-11-19,115.60232543945312,155.8509979248047,157.67059326171875,70.09156799316406,139.39617919921875,87.32621002197266,199.3203887939453,240.1049346923828,101.98675537109375,45.67323684692383,271.2677001953125,204.2069091796875,66.24954986572266,484.6700134277344,13.399348258972168,28.856462478637695,87.090087890625,311.593017578125,183.10110473632812,30.834758758544922
2020-11-20,114.33561706542969,154.97000122070312,157.05963134765625,70.14063262939453,138.7568359375,86.22430419921875,198.23756408691406,239.1123504638672,101.113037109375,45.27779006958008,268.047607421875,202.25538635253906,66.6198959350586,488.239990234375,13.047920227050781,29.26311683654785,87.33396911621094,309.4664306640625,182.062744140625,30.455503463745117
2020-11-23,110.93496704101562,154.91949462890625,159.38497924804688,74.42476654052734,143.58631896972656,85.78630828857422,203.10140991210938,240.521484375,104.02542877197266,45.28639221191406,266.7853698730469,201.9862060546875,65.7557373046875,476.6199951171875,13.10001277923584,29.119598388671875,86.715576171875,309.79925537109375,185.643310546875,32.4506950378418
2020-11-24,112.2211685180664,155.9029998779297,161.31825256347656,78.17747497558594,149.00596618652344,87.59088134765625,210.7965850830078,242.21414184570312,108.8353042602539,45.7505989074707,275.2233581542969,205.59121704101562,66.1172866821289,482.8800048828125,12.918315887451172,29.18338394165039,86.06233215332031,310.6777038574219,186.8159637451172,34.61077117919922
2020-11-25,113.05916595458984,159.2534942626953,159.2482147216797,75.33228302001953,146.64532470703125,87.602294921875,209.9445343017578,242.79014587402344,107.69682312011719,45.50129699707031,273.9014892578125,205.600830078125,67.30443572998047,485.0,13.194473266601562,29.127567291259766,86.23651885986328,308.0702209472656,185.50904846191406,33.64616012573242
2020-11-27,113.60481262207031,159.76699829101562,159.6585693359375,74.6536865234375,144.71746826171875,88.73896026611328,208.9326934814453,244.58917236328125,106.98196411132812,45.30358123779297,276.1078796386719,206.90829467773438,66.56026458740234,491.3599853515625,13.220890998840332,29.68572235107422,87.62139129638672,312.4621887207031,184.9424591064453,33.13500213623047
2020-11-30,116.00183868408203,158.40199279785156,158.29981994628906,71.27706909179688,145.58302307128906,87.11913299560547,204.65464782714844,245.84768676757812,104.03424072265625,44.70576477050781,275.27301025390625,205.79315185546875,65.19591522216797,490.70001220703125,13.36071491241455,30.54686164855957,87.14234924316406,310.9827880859375,183.53945922851562,31.43661117553711
2020-12-01,119.57787322998047,161.00399780273438,157.99887084960938,71.49781799316406,146.98959350585938,89.1530990600586,207.10873413085938,245.12986755371094,105.67578887939453,45.086978912353516,284.7943420410156,207.85040283203125,65.6920394897461,504.5799865722656,13.349249839782715,31.423965454101562,87.27300262451172,315.46710205078125,182.028564453125,31.741666793823242
2020-12-02,119.92866516113281,160.17649841308594,158.55516052246094,73.47636413574219,151.0911865234375,90.62345886230469,212.07940673828125,241.56561279296875,107.70564270019531,45.14762878417969,285.7583312988281,207.04287719726562,65.83379364013672,503.3800048828125,13.503280639648438,32.53228759765625,84.9387435913086,321.3568115234375,183.0718231201172,32.92887878417969
2020-12-03,119.79225158691406,159.3365020751953,159.2482147216797,73.41914367675781,150.72726440429688,90.46803283691406,210.13400268554688,238.92808532714844,106.99960327148438,45.728111267089844,280.12310791015625,205.95654296875,64.98328399658203,497.5199890136719,13.359175682067871,31.96617317199707,84.57293701171875,322.3924560546875,181.9026336669922,33.151485443115234
2020-12-04,119.11990356445312,158.12899780273438,166.16058349609375,76.26432800292969,151.61251831054688,90.5633773803711,213.8017578125,235.23016357421875,107.97040557861328,46.6551399230957,277.9862976074219,206.0719451904297,64.24795532226562,498.30999755859375,13.520980834960938,32.165504455566406,85.93169403076172,324.6752014160156,185.31118774414062,34.36344909667969
2020-12-07,120.58148956298828,157.89999389648438,162.96885681152344,74.20403289794922,151.1600341796875,90.22918701171875,212.79335021972656,234.02725219726562,107.564453125,45.910057067871094,283.83026123046875,206.00465393066406,64.91241455078125,515.780029296875,13.56934642791748,32.89109802246094,84.94746398925781,322.7914733886719,184.35791015625,33.72037124633789
2020-12-08,121.19537353515625,158.864501953125,163.0873565673828,74.84175109863281,151.19940185546875,89.94612884521484,213.14138793945312,233.20748901367188,107.67034912109375,46.07466125488281,281.6636047363281,207.6581268310547,65.27564239501953,512.6599731445312,13.313304901123047,33.93564224243164,84.4074478149414,322.7914733886719,184.55575561523438,34.82514190673828
2020-12-09,118.66194915771484,155.2100067138672,164.2090301513672,73.94239044189453,151.8977508544922,88.28409576416016,216.69314575195312,236.64695739746094,106.8319320678711,46.204627990722656,276.21722412109375,203.61093139648438,65.26679229736328,493.6000061035156,12.895207405090332,33.369529724121094,83.98936462402344,319.59002685546875,185.15829467773438,35.28683853149414
2020-12-10,120.08455657958984,155.07449340820312,163.0964813232422,76.32157897949219,152.1534881591797,87.77709197998047,218.10313415527344,235.9608612060547,106.14354705810547,45.962032318115234,275.42205810546875,202.3804168701172,64.92127227783203,501.0899963378906,12.936591148376465,33.273841857910156,84.64263153076172,315.1730651855469,182.136474609375,36.2844352722168
2020-12-11,119.27582550048828,155.8209991455078,163.49774169921875,75.58573913574219,172.83863830566406,88.13214111328125,214.16766357421875,235.72918701171875,105.51692962646484,46.22195053100586,271.8739929199219,205.0144500732422,65.38196563720703,503.2200012207031,12.977478981018066,32.787445068359375,84.80809783935547,312.77899169921875,182.62216186523438,36.111297607421875
2020-12-14,118.66194915771484,157.84849548339844,162.36697387695312,73.12480926513672,166.52392578125,87.01286315917969,212.204345703125,236.64695739746094,104.40494537353516,46.15264892578125,272.51007080078125,205.91807556152344,65.16046905517578,522.4199829101562,13.272168159484863,31.264482498168945,84.37261962890625,311.9068603515625,178.0714111328125,34.80865478515625
2020-12-15,124.60575103759766,158.25599670410156,165.73194885253906,73.06758117675781,171.08786010742188,87.45084381103516,216.34510803222656,238.7855224609375,106.18768310546875,46.64649200439453,273.8616943359375,205.85084533691406,66.36534881591797,519.780029296875,13.323772430419922,30.865806579589844,86.70685577392578,315.19171142578125,180.13992309570312,35.48470687866211
2020-12-16,124.53753662109375,162.04800415039062,163.689208984375,72.5116195678711,170.28128051757812,87.25767517089844,217.5409393310547,240.2201385498047,106.49654388427734,45.970699310302734,273.9809875488281,210.80169677734375,65.9489517211914,524.8300170898438,13.206101417541504,30.17210578918457,86.96814727783203,314.8854675292969,178.83584594726562,36.02885437011719
2020-12-17,125.40476989746094,161.8040008544922,163.3883056640625,72.28272247314453,170.70423889160156,86.42938232421875,218.1299285888672,244.12295532226562,105.61402130126953,46.15264892578125,272.7982482910156,210.93626403808594,66.49822235107422,532.9000244140625,13.304577827453613,30.32360076904297,88.1158218383789,317.0475158691406,181.84869384765625,35.84746170043945
2020-12-18,123.4170150756836,160.08250427246094,165.0206756591797,71.28524017333984,170.05503845214844,85.71977233886719,216.07740783691406,240.98643493652344,105.09332275390625,46.559852600097656,274.70648193359375,210.13833618164062,66.01097869873047,534.4500122070312,13.235519409179688,30.044530868530273,85.9168701171875,313.99456787109375,183.1077880859375,35.2291259765625
2020-12-21,124.94678497314453,160.3090057373047,164.29110717773438,70.38590240478516,167.89112854003906,86.13392639160156,229.32957458496094,241.46751403808594,109.03826904296875,45.75410079956055,271.1186828613281,213.9836883544922,65.91352081298828,528.9099731445312,13.295601844787598,29.805326461791992,85.198486328125,311.8603820800781,182.10948181152344,34.58605194091797
2020-12-22,128.5033416748047,160.3260040283203,161.0264434814453,68.97148895263672,167.6550750732422,85.42183685302734,223.18089294433594,240.62100219726562,107.37910461425781,45.71078109741211,265.4535217285156,215.28152465820312,66.18815612792969,527.3300170898438,13.24174976348877,29.295005798339844,85.54891204833984,310.867431640625,181.2371368408203,34.00067901611328
2020-12-23,127.60687255859375,159.2635040283203,162.704345703125,70.05887603759766,170.70423889160156,85.819580078125,228.85658264160156,240.41612243652344,110.37976837158203,45.98802947998047,266.4673156738281,212.47442626953125,65.85151672363281,514.47998046875,12.973488807678223,29.853166580200195,84.26984405517578,313.2615051269531,180.9224090576172,34.43764114379883
2020-12-24,128.59103393554688,158.63450622558594,163.74395751953125,69.76454162597656,170.8812713623047,86.11406707763672,228.59779357910156,241.40525817871094,109.89436340332031,46.2999267578125,265.7615966796875,214.13751220703125,66.42737579345703,513.969970703125,12.958033561706543,29.717613220214844,85.18972778320312,316.2309265136719,182.91891479492188,34.2974853515625
2020-12-28,133.19015502929688,164.197998046875,162.6587677001953,69.41297912597656,175.9271697998047,88.0904312133789,231.65872192382812,239.91714477539062,110.6180419921875,46.92373275756836,275.3028259277344,216.2620849609375,66.87918853759766,519.1199951171875,12.864540100097656,29.35880470275879,86.04825592041016,321.01910400390625,184.9514617919922,34.41292190551758
2020-12-29,131.41677856445312,166.10000610351562,161.09024047851562,69.17588806152344,174.3927459716797,87.2859878540039,230.24879455566406,237.1905059814453,110.3268051147461,46.89773178100586,275.0841979980469,215.4833984375,66.73743438720703,530.8699951171875,12.907672882080078,29.54219627380371,85.61022186279297,322.3182067871094,183.84523010253906,34.025413513183594
2020-12-30,130.2962188720703,164.29249572753906,164.18170166015625,69.76454162597656,178.1992645263672,86.21784210205078,231.53378295898438,236.36187744140625,110.63567352294922,47.166316986083984,270.2042541503906,213.10888671875,67.25127410888672,524.5900268554688,13.109617233276367,29.295005798339844,86.57392120361328,320.12823486328125,185.24826049804688,34.2974853515625
2020-12-31,129.29261779785156,162.84649658203125,165.98727416992188,69.04505920410156,178.2091064453125,87.03173828125,235.33543395996094,236.68260192871094,112.14483642578125,47.512874603271484,271.48638916015625,213.8202667236328,68.34983825683594,540.72998046875,13.019113540649414,29.350830078125,87.30982971191406,325.4081726074219,187.26278686523438,33.984195709228516
2021-01-04,126.0965805053711,159.3314971923828,166.1058349609375,69.25763702392578,174.76651000976562,85.71532440185547,236.48663330078125,235.1678466796875,111.08578491210938,45.71078109741211,267.292236328125,209.2731475830078,65.75405883789062,522.8599853515625,13.07745361328125,29.350830078125,84.13843536376953,324.3132019042969,182.5771484375,34.21503829956055
2021-01-05,127.6556396484375,160.92550659179688,167.464599609375,71.12992095947266,175.51405334472656,86.40654754638672,241.77857971191406,237.06576538085938,111.69023895263672,45.20827865600586,269.309814453125,209.4750518798828,66.24132537841797,520.7999877929688,13.367904663085938,29.65382194519043,84.26984405517578,319.9519348144531,184.81655883789062,35.86395263671875
2021-01-06,123.35852813720703,156.91900634765625,176.7843475341797,73.41914367675781,176.1829071044922,85.55392456054688,254.82545471191406,238.420166015625,116.93473815917969,43.77006149291992,261.69671630859375,204.0435333251953,69.48384094238281,500.489990234375,12.579824447631836,29.398670196533203,82.27237701416016,333.379150390625,188.68374633789062,36.779109954833984
2021-01-07,127.56792449951172,158.10800170898438,177.12179565429688,73.76252746582031,175.65174865722656,88.10930633544922,260.2691955566406,237.25291442871094,120.77478790283203,43.284881591796875,267.09344482421875,209.8499755859375,70.24574279785156,508.8900146484375,13.307320594787598,29.550168991088867,83.50764465332031,338.7240905761719,191.3098907470703,37.067665100097656
2021-01-08,128.66896057128906,159.13499450683594,177.14913940429688,74.46566009521484,175.7599639892578,89.2757568359375,258.86810302734375,239.77456665039062,120.90813446044922,44.255245208740234,265.93060302734375,211.12850952148438,71.87584686279297,510.3999938964844,13.240253448486328,29.60597801208496,84.6290283203125,337.2023010253906,196.79591369628906,37.47989273071289
2021-01-11,125.6775894165039,155.7104949951172,176.7843475341797,74.89078521728516,176.1533966064453,87.2129898071289,262.21453857421875,241.6814422607422,122.71260833740234,43.492820739746094,255.26634216308594,209.08091735839844,70.60011291503906,499.1000061035156,13.58405590057373,30.116294860839844,82.92945861816406,334.75250244140625,195.47389221191406,38.617652893066406
2021-01-12,125.50220489501953,156.04150390625,180.14022827148438,76.31339263916016,173.10423278808594,86.27643585205078,269.69293212890625,246.22581481933594,124.64149475097656,43.41484451293945,249.55157470703125,206.619873046875,70.65325927734375,494.25,13.447684288024902,29.645845413208008,82.9732437133789,331.61614990234375,196.63401794433594,39.47509002685547
2021-01-13,127.5386962890625,158.29449462890625,178.63555908203125,76.23981475830078,173.2321014404297,86.76408386230469,270.34442138671875,244.19418334960938,124.75706481933594,43.45816421508789,250.09820556640625,207.97532653808594,72.50486755371094,507.7900085449219,13.494553565979004,29.39069175720215,83.58650970458984,329.4539794921875,194.80836486816406,39.92029571533203
2021-01-14,125.6093978881836,156.37350463867188,180.0125732421875,78.07120513916016,170.58619689941406,85.95317077636719,274.74395751953125,239.10626220703125,125.48592376708984,42.65242004394531,244.1349639892578,204.7837677001953,73.11616516113281,500.8599853515625,13.163966178894043,29.302980422973633,83.66535186767578,325.2690734863281,194.40365600585938,41.47852325439453
2021-01-15,123.88471221923828,155.21249389648438,177.4774169921875,75.29141235351562,168.6288299560547,85.789306640625,268.62200927734375,245.5664520263672,123.2370376586914,42.1932373046875,249.81993103027344,204.42800903320312,72.68206024169922,497.9800109863281,12.824152946472168,29.26311683654785,85.5752182006836,325.9835205078125,194.79933166503906,39.48332595825195
2021-01-19,124.55703735351562,156.03799438476562,177.90830993652344,77.26995849609375,169.4353790283203,88.61233520507812,262.5447692871094,243.42787170410156,122.70369720458984,42.02862548828125,259.5002746582031,208.07151794433594,73.3642349243164,501.7699890136719,12.989447593688965,29.287038803100586,85.86429595947266,326.80938720703125,193.6121826171875,40.266571044921875
2021-01-20,128.6494903564453,163.16900634765625,176.3314666748047,77.98126220703125,170.79275512695312,93.3595962524414,259.21612548828125,244.41697692871094,120.86370086669922,42.17591094970703,265.8411865234375,215.66603088378906,74.46277618408203,586.3400268554688,13.329011917114258,29.10364532470703,87.90557098388672,325.5567626953125,196.22032165527344,40.8354377746582
2021-01-21,133.36557006835938,165.34950256347656,176.19398498535156,75.22600555419922,168.47146606445312,93.56218719482422,258.2344970703125,248.64947509765625,119.850341796875,42.40983581542969,271.1981201171875,216.2716827392578,74.16156768798828,579.8400268554688,13.82938003540039,29.087697982788086,87.98440551757812,329.41693115234375,186.9749755859375,39.66472244262695
2021-01-22,135.50926208496094,164.6114959716797,175.96481323242188,74.99708557128906,169.94686889648438,93.97980499267578,258.25238037109375,253.06027221679688,118.92584991455078,42.011295318603516,272.81817626953125,217.2137908935547,74.60453033447266,565.1699829101562,13.674810409545898,29.143510818481445,88.676513671875,322.5037536621094,186.2825164794922,39.10408020019531
2021-01-25,139.26071166992188,164.6999969482422,171.74761962890625,74.3184814453125,169.07144165039062,94.06521606445312,252.58558654785156,254.02261352539062,117.44140625,42.262542724609375,276.3066711425781,220.65536499023438,76.96110534667969,556.780029296875,13.615718841552734,29.725587844848633,89.97308349609375,322.7450866699219,185.6798858642578,38.667118072509766
2021-01-26,139.49452209472656,166.30650329589844,171.62847900390625,73.05940246582031,166.7796630859375,94.74404907226562,251.4432373046875,251.8128204345703,116.96143341064453,42.704402923583984,280.3218994140625,223.34713745117188,75.50818634033203,561.9299926757812,13.398319244384766,29.749507904052734,92.90797424316406,318.3837585449219,179.91506958007812,37.81792068481445
2021-01-27,138.42269897460938,161.62899780273438,165.5961151123047,72.11100769042969,160.35675048828125,90.32402801513672,243.92027282714844,244.19418334960938,113.65470123291016,42.04593276977539,270.4726257324219,223.89508056640625,71.04309844970703,523.280029296875,12.882241249084473,28.896329879760742,90.4812240600586,308.9930419921875,174.77081298828125,37.38920593261719
2021-01-28,133.57994079589844,161.88099670410156,168.99732971191406,72.78141784667969,169.06161499023438,92.0252914428711,245.42848205566406,247.75840759277344,115.65474700927734,42.58311080932617,263.3763427734375,229.6919403076172,73.05414581298828,538.5999755859375,13.01512622833252,28.904388427734375,90.58634948730469,313.7812194824219,181.0302734375,37.97458267211914
2021-01-29,128.58132934570312,160.30999755859375,167.6221466064453,69.65824127197266,165.41246032714844,90.74213409423828,241.9927215576172,241.31613159179688,114.37471771240234,41.71672821044922,256.7471923828125,222.9914093017578,71.64550018310547,532.3900146484375,12.954042434692383,28.9366397857666,90.41111755371094,309.5405578613281,177.5947723388672,36.96873092651367
2021-02-01,130.70545959472656,167.1439971923828,169.34571838378906,70.64753723144531,168.16653442382812,94.00513458251953,245.1697540283203,240.64779663085938,115.21916198730469,42.002628326416016,260.4046936035156,230.38409423828125,72.38085174560547,539.0399780273438,13.200616836547852,28.85603141784668,92.78530883789062,309.9302673339844,178.6110382080078,37.03468704223633
2021-02-02,131.53370666503906,169.0,176.47817993164062,71.17896270751953,174.058349609375,95.29871368408203,256.0927429199219,242.5100860595703,118.7658920288086,42.41851043701172,265.44354248046875,230.24951171875,73.47053527832031,548.1599731445312,13.519487380981445,28.203144073486328,93.63508605957031,314.31011962890625,185.20326232910156,37.620052337646484
2021-02-03,130.51060485839844,165.62649536132812,175.5155487060547,72.73236083984375,173.53700256347656,102.23884582519531,257.5027160644531,244.3011932373047,120.12590026855469,42.25387954711914,265.0162353515625,233.60455322265625,73.57686614990234,539.4500122070312,13.493307113647461,28.082239151000977,92.8991928100586,313.5398864746094,183.79129028320312,39.09583282470703
2021-02-04,133.8722381591797,166.5500030517578,175.69894409179688,72.76507568359375,177.2747039794922,101.97815704345703,262.1431884765625,248.4445343017578,122.89036560058594,42.46180725097656,264.8572082519531,232.65283203125,73.53253173828125,552.1599731445312,13.626688957214355,28.122535705566406,93.22334289550781,305.5874938964844,183.8722381591797,39.846099853515625
2021-02-05,133.45751953125,167.6074981689453,176.93655395507812,72.9776382446289,178.189453125,103.72608947753906,261.9201354980469,248.48020935058594,122.65035247802734,43.01631164550781,266.45733642578125,232.8354949951172,74.0641098022461,550.7899780273438,13.553641319274902,28.1467227935791,93.47740173339844,301.1241455078125,183.64739990234375,41.18171310424805
2021-02-08,133.60391235351562,166.14700317382812,181.0161895751953,74.7927017211914,186.88449096679688,103.5120620727539,267.8545227050781,249.522705078125,124.57040405273438,43.25022888183594,264.9466857910156,233.09503173828125,73.88691711425781,547.9199829101562,14.399062156677246,28.066120147705078,93.81031036376953,300.9664001464844,183.5754852294922,42.95429992675781
2021-02-09,132.72561645507812,165.25,180.86033630371094,74.36752319335938,185.1238555908203,103.05870056152344,268.1312561035156,246.6178436279297,124.07262420654297,43.05962371826172,267.7991027832031,234.34478759765625,74.26788330078125,559.0700073242188,14.224044799804688,28.187026977539062,94.10816192626953,305.8751525878906,184.05210876464844,42.451229095458984
2021-02-10,132.12060546875,164.32899475097656,181.2637176513672,75.64297485351562,186.52056884765625,103.60939025878906,271.54022216796875,248.3286895751953,124.14371490478516,42.972984313964844,270.2042541503906,233.43154907226562,74.33877563476562,563.5900268554688,14.723665237426758,28.001632690429688,94.19577026367188,309.37353515625,183.01785278320312,42.86206817626953
2021-02-11,131.8668975830078,163.10650634765625,181.84129333496094,75.23417663574219,187.77957153320312,103.72212219238281,269.79107666015625,246.87625122070312,123.79707336425781,43.57946014404297,268.7333679199219,235.03695678710938,74.37419128417969,557.5900268554688,15.208827018737793,27.75176239013672,94.40605163574219,309.0672607421875,186.37240600585938,41.78884506225586
2021-02-12,132.10107421875,163.885498046875,181.51126098632812,75.66748046875,184.59271240234375,104.03397369384766,273.3607482910156,247.2772674560547,125.55706787109375,43.91735076904297,268.8426208496094,235.5176239013672,73.64772033691406,556.52001953125,14.920124053955078,27.985511779785156,94.32718658447266,304.5853576660156,191.70556640625,42.3589973449707
2021-02-16,129.97373962402344,163.44749450683594,185.535888671875,77.21798706054688,183.2943572998047,104.81210327148438,278.3937683105469,245.38821411132812,128.57933044433594,43.553470611572266,272.2913818359375,234.27748107910156,71.92901611328125,557.280029296875,15.288111686706543,27.96133041381836,93.37227630615234,301.2261657714844,192.45204162597656,43.63345718383789
2021-02-17,127.68047332763672,165.4320068359375,185.46249389648438,79.53129577636719,183.3828887939453,105.20539093017578,279.08990478515625,250.31581115722656,128.97935485839844,43.43217086791992,271.89385986328125,235.29884338378906,71.47718811035156,551.3400268554688,14.865028381347656,28.122535705566406,92.7152099609375,303.3046875,189.96983337402344,44.3126106262207
2021-02-18,126.5777816772461,166.4114990234375,183.28062438964844,78.76849365234375,179.999267578125,104.56928253173828,276.55548095703125,252.21372985839844,129.41490173339844,43.986663818359375,267.7394714355469,234.90380859375,71.52149200439453,548.219970703125,14.788238525390625,27.856550216674805,92.6714096069336,304.74310302734375,186.21957397460938,43.61668014526367
2021-02-19,126.73388671875,162.4949951171875,192.43914794921875,79.43180084228516,180.63861083984375,103.72509765625,281.6600036621094,249.17527770996094,131.57496643066406,43.41484451293945,259.9574279785156,232.18661499023438,69.19146728515625,540.219970703125,14.885469436645508,27.75982666015625,92.25091552734375,301.1890563964844,188.01824951171875,43.9101448059082
2021-02-22,122.95735931396484,159.03700256347656,199.91079711914062,81.57930755615234,188.61563110351562,102.00942993164062,282.7755432128906,245.7981414794922,132.81051635742188,43.86537170410156,258.7349548339844,225.9620361328125,66.53369140625,533.780029296875,14.316288948059082,27.614736557006836,91.7427749633789,304.0285949707031,186.01268005371094,45.52837371826172
2021-02-23,122.82073211669922,159.72500610351562,201.8543243408203,82.60740661621094,193.85824584960938,102.30042266845703,284.86370849609375,238.1260986328125,133.87718200683594,43.78738784790039,264.2310791015625,224.76724243164062,66.18815612792969,546.1500244140625,14.10312557220459,27.332624435424805,91.59384155273438,305.7637939453125,186.12960815429688,46.1572151184082
2021-02-24,122.32304382324219,157.97650146484375,203.95375061035156,85.65865325927734,194.27134704589844,103.47679901123047,295.06396484375,231.64816284179688,136.2327423095703,43.9346809387207,262.6905212402344,226.00062561035156,65.34652709960938,553.4099731445312,14.459144592285156,27.203662872314453,90.4461669921875,308.26922607421875,189.89788818359375,47.54067611694336
2021-02-25,118.0683364868164,152.85800170898438,203.35787963867188,84.8626708984375,187.8484344482422,100.10704803466797,292.4937438964844,227.44236755371094,134.3838348388672,43.466827392578125,253.12953186035156,220.64328002929688,65.9565658569336,546.7000122070312,13.270920753479004,27.260080337524414,88.825439453125,305.169921875,188.53358459472656,46.752525329589844
2021-02-26,118.33180236816406,154.64649963378906,197.91221618652344,82.91419982910156,185.9402313232422,100.40301513671875,285.1047058105469,230.1957244873047,130.81936645507812,42.44449234008789,256.0415954589844,223.90969848632812,65.44005584716797,538.8499755859375,13.676803588867188,26.99409294128418,86.79293060302734,308.2785339355469,186.08511352539062,45.587059020996094
2021-03-01,124.70413970947266,157.3070068359375,201.46929931640625,84.61395263671875,191.78285217285156,102.77416229248047,295.5779113769531,233.11837768554688,133.77938842773438,43.232906341552734,263.28692626953125,228.30352783203125,67.6041488647461,550.6400146484375,13.803702354431152,27.155298233032227,87.10832214355469,310.53338623046875,188.99436950683594,47.289146423339844
2021-03-02,122.09861755371094,154.72650146484375,197.85723876953125,84.93730926513672,190.7598876953125,102.51693725585938,296.49169921875,231.93328857421875,133.34384155273438,43.40617752075195,257.4131164550781,225.34536743164062,67.27462768554688,547.8200073242188,13.369399070739746,27.01021385192871,86.8104476928711,310.52410888671875,189.10279846191406,47.012451171875
2021-03-03,119.11249542236328,150.25,197.02296447753906,85.89082336425781,189.10745239257812,99.88160705566406,299.6184387207031,229.3224334716797,135.92166137695312,43.302207946777344,253.84510803222656,219.26536560058594,64.58507537841797,520.7000122070312,12.769552230834961,27.719518661499023,84.19975280761719,308.88165283203125,186.3290557861328,47.38975524902344
2021-03-04,117.22911071777344,148.8784942626953,195.0611114501953,86.64534759521484,184.94680786132812,100.99989318847656,295.0135192871094,223.59300231933594,133.8326873779297,43.267555236816406,256.0614318847656,218.46563720703125,63.48965835571289,511.2900085449219,12.336246490478516,27.566377639770508,83.7879867553711,309.75390625,181.67604064941406,49.22598648071289
2021-03-05,118.48796081542969,150.0229949951172,201.8360137939453,90.37647247314453,186.8746795654297,104.13526916503906,293.2933044433594,225.9008026123047,134.14381408691406,44.00399398803711,262.6607360839844,223.15814208984375,62.96422576904297,516.3900146484375,12.427245140075684,27.719518661499023,85.30360412597656,322.086181640625,189.47325134277344,51.087364196777344
2021-03-08,113.5501480102539,147.59750366210938,203.13784790039062,90.99833679199219,198.59921264648438,99.68744659423828,299.4034118652344,230.81057739257812,135.92166137695312,44.740421295166016,253.7457275390625,219.10157775878906,63.106693267822266,493.3299865722656,11.561383247375488,27.687280654907227,84.05955505371094,324.9349670410156,190.5393524169922,51.03706359863281
2021-03-09,118.16592407226562,153.1425018310547,198.7556610107422,90.79106140136719,191.32054138183594,101.3191909790039,296.1781311035156,236.0945281982422,134.96160888671875,44.06464385986328,264.1118469238281,225.25869750976562,65.92094421386719,506.44000244140625,12.490144729614258,27.767887115478516,86.1358871459961,326.6145324707031,191.27122497558594,50.2489128112793
2021-03-10,117.08272552490234,152.8820037841797,202.66110229492188,92.34154510498047,191.86154174804688,101.11212158203125,306.4184265136719,238.72166442871094,137.8949737548828,44.567142486572266,263.2769775390625,223.9482421875,66.31279754638672,504.5400085449219,12.438270568847656,28.154781341552734,85.61022186279297,324.4060363769531,192.55418395996094,51.79167556762695
2021-03-11,119.01490783691406,155.67950439453125,201.46929931640625,92.19229888916016,193.52381896972656,104.30758666992188,306.49005126953125,241.06190490722656,137.17498779296875,44.081966400146484,272.20196533203125,228.486572265625,66.66902160644531,523.0599975585938,12.962255477905273,27.977453231811523,87.22223663330078,327.6538391113281,193.81910705566406,51.40599060058594
2021-03-12,118.10736083984375,154.47450256347656,209.94024658203125,92.49908447265625,193.92709350585938,101.79788208007812,312.50152587890625,244.87265014648438,138.80166625976562,43.994606018066406,266.7554931640625,227.15687561035156,67.39039611816406,518.02001953125,12.825088500976562,28.1628360748291,88.73783111572266,331.5370178222656,193.4305877685547,51.95936584472656
2021-03-15,120.99589538574219,154.08399963378906,211.5354461669922,91.41291046142578,193.5336456298828,102.01837158203125,310.0289306640625,249.75039672851562,138.10833740234375,44.579917907714844,272.0727844238281,226.25111389160156,67.25680541992188,520.25,13.159528732299805,28.541677474975586,90.043212890625,329.5442199707031,192.14761352539062,50.63459777832031
2021-03-16,122.53773498535156,154.59300231933594,207.6116943359375,89.24884033203125,191.05499267578125,103.48078918457031,306.140625,252.9244384765625,136.45498657226562,44.745906829833984,277.56884765625,229.04542541503906,67.13215637207031,524.030029296875,13.259289741516113,28.88021469116211,91.31351470947266,330.2147521972656,191.27122497558594,49.56137466430664
2021-03-17,121.74728393554688,156.7864990234375,214.1848907470703,89.57221221923828,192.03860473632812,103.39785766601562,309.0433349609375,251.08631896972656,137.8594207763672,44.76337814331055,282.2699279785156,228.39984130859375,64.9769287109375,524.4400024414062,13.309170722961426,28.847970962524414,89.44744873046875,327.9610900878906,191.81332397460938,49.77936935424805
2021-03-18,117.61945343017578,151.39950561523438,211.4804229736328,86.33026885986328,189.12710571289062,100.37471008300781,311.77587890625,253.89283752441406,140.135009765625,44.178070068359375,276.9128723144531,222.31019592285156,63.347145080566406,504.7900085449219,12.69190788269043,28.831850051879883,90.01161193847656,337.15228271484375,194.57803344726562,47.63291549682617
2021-03-19,117.09246063232422,153.7480010986328,206.5390625,85.71671295166016,188.0058135986328,100.65377807617188,308.3714599609375,259.21893310546875,137.9038848876953,44.38772964477539,288.33251953125,221.95370483398438,63.088890075683594,512.1799926757812,12.814860343933105,28.63840675354004,88.48658752441406,340.4396667480469,190.45809936523438,47.36460494995117
2021-03-22,120.41036224365234,155.5435028076172,207.2082977294922,85.02021026611328,189.69761657714844,100.83899688720703,304.00836181640625,259.07537841796875,134.1971893310547,44.553707122802734,291.7414855957031,227.3881378173828,63.845890045166016,523.1099853515625,13.154542922973633,29.01723861694336,91.3691635131836,341.6315612792969,186.36517333984375,46.878292083740234
2021-03-23,119.58091735839844,156.875,200.0850067138672,84.54762268066406,185.63531494140625,101.36736297607422,297.2353515625,260.0079345703125,132.85494995117188,44.89441680908203,288.8493347167969,228.920166015625,65.92094421386719,535.0900268554688,13.03931999206543,28.50137710571289,92.73551940917969,343.1588134765625,187.9734344482422,46.29975128173828
2021-03-24,117.19007110595703,154.35350036621094,202.8169403076172,86.8111572265625,181.69107055664062,100.93037414550781,294.4400634765625,262.4915771484375,133.88607788085938,45.00798797607422,280.411376953125,226.87744140625,64.86114501953125,520.8099975585938,12.612597465515137,28.702884674072266,91.51901245117188,345.114501953125,192.3553924560547,47.23883056640625
2021-03-25,117.67798614501953,152.31300354003906,205.5856170654297,87.11795806884766,183.8451690673828,100.92689514160156,296.14227294921875,266.4637145996094,135.6016387939453,45.44478225708008,277.03216552734375,223.87112426757812,65.413330078125,502.8599853515625,12.505108833312988,28.75124740600586,92.05672454833984,345.57073974609375,195.23756408691406,47.10468292236328
2021-03-26,118.28302764892578,152.60150146484375,210.3986358642578,89.1161880493164,182.87139892578125,100.54305267333984,293.311279296875,272.4084777832031,137.8594207763672,46.33586120605469,281.2859191894531,227.86024475097656,65.9565658569336,508.04998779296875,12.808377265930176,29.218740463256836,94.1282958984375,350.5900573730469,201.4084930419922,48.38752746582031
2021-03-29,118.45867919921875,153.7864990234375,211.0587158203125,88.65184783935547,181.81895446777344,101.58882904052734,291.8240661621094,270.9648742675781,135.71719360351562,47.04347610473633,289.0382080078125,226.66546630859375,66.61560821533203,513.9500122070312,12.917115211486816,29.516977310180664,94.11949157714844,352.9925231933594,201.46267700195312,48.12760925292969
2021-03-30,117.00465393066406,152.76449584960938,213.6807098388672,87.83102416992188,182.48780822753906,101.62259674072266,297.45037841796875,273.3141174316406,137.3172149658203,46.43195343017578,286.2354431152344,223.39901733398438,66.09906768798828,513.3900146484375,12.840801239013672,29.105897903442383,94.11067962646484,347.8708801269531,199.791259765625,47.532291412353516
2021-03-31,119.2003173828125,154.70399475097656,212.57138061523438,86.88579559326172,181.49436950683594,102.41960906982422,292.9618225097656,273.6995544433594,135.317138671875,46.047569274902344,292.7254333496094,227.17613220214844,67.33695983886719,521.6599731445312,13.316154479980469,29.202627182006836,93.44070434570312,346.4833984375,199.14071655273438,46.81121826171875
2021-04-01,120.02979278564453,158.0500030517578,213.36895751953125,87.68175506591797,185.8713836669922,105.75956726074219,293.53521728515625,275.9412536621094,136.63279724121094,45.87284851074219,296.83013916015625,233.5163116455078,67.47946166992188,539.4199829101562,13.778539657592773,29.259044647216797,95.6445083618164,341.8271484375,198.96002197265625,48.11922073364258
2021-04-05,122.8597640991211,161.3365020751953,214.2582550048828,86.65364837646484,185.40908813476562,110.18801879882812,289.8619689941406,282.800537109375,137.3570098876953,46.13493347167969,307.0173645019531,239.99136352539062,68.37894439697266,540.6699829101562,13.95386791229248,29.242923736572266,95.5299072265625,344.7232360839844,201.90541076660156,47.37299728393555
2021-04-06,123.16226959228516,161.1909942626953,211.4437713623047,85.88253021240234,186.61892700195312,109.70633697509766,293.0155944824219,281.3479919433594,136.39134216308594,46.46689987182617,304.38360595703125,238.82540893554688,69.07362365722656,544.530029296875,13.828169822692871,29.057538986206055,96.36735534667969,339.3128356933594,199.76409912109375,47.23883056640625
2021-04-07,124.81148529052734,163.96949768066406,211.23289489746094,86.38832092285156,184.48451232910156,111.18465423583984,292.5586853027344,280.17333984375,138.52830505371094,46.5455207824707,311.17169189453125,240.79107666015625,68.94003295898438,546.989990234375,14.109490394592285,28.944692611694336,96.64063262939453,340.49554443359375,199.98094177246094,47.448448181152344
2021-04-08,127.21206665039062,164.96499633789062,211.29708862304688,85.41820526123047,184.2484588623047,111.75074005126953,296.6708679199219,281.9307556152344,138.69822692871094,46.40575408935547,311.10211181640625,244.01901245117188,69.2517318725586,554.5800170898438,14.282572746276855,28.984996795654297,95.59160614013672,339.7970275878906,198.93287658691406,46.95375061035156
2021-04-09,129.78831481933594,168.61000061035156,211.5446319580078,85.33528137207031,184.80911254882812,112.75581359863281,296.3751220703125,286.2347717285156,139.7353973388672,46.45816421508789,310.5455322265625,246.52423095703125,69.41204071044922,555.3099975585938,14.365374565124512,29.50086212158203,96.53485107421875,350.42242431640625,201.69766235351562,46.84476089477539
2021-04-12,128.0708465576172,168.96949768066406,211.70962524414062,84.39008331298828,183.4320526123047,111.46223449707031,297.29803466796875,287.6333923339844,139.44033813476562,46.60667419433594,309.6311950683594,246.58204650878906,69.14484405517578,552.780029296875,15.172428131103516,29.799089431762695,96.82572937011719,350.40380859375,201.9777069091797,46.53452682495117
2021-04-13,131.1837921142578,170.0,210.26113891601562,84.77147674560547,182.44845581054688,111.94935607910156,293.571044921875,287.2837219238281,137.77723693847656,46.379539489746094,307.8620910644531,249.0679931640625,70.39167785644531,553.72998046875,15.64179801940918,29.952228546142578,97.65438079833984,348.7462158203125,200.56822204589844,46.710601806640625
2021-04-14,128.8417510986328,166.64999389648438,213.22230529785156,86.45464324951172,184.3861541748047,111.3276596069336,300.44268798828125,286.94293212890625,135.2021484375,46.37080001831055,300.9646301269531,246.27369689941406,70.47181701660156,540.02001953125,15.240267753601074,29.96029281616211,96.66707611083984,349.79852294921875,201.119384765625,48.06052780151367
2021-04-15,131.25210571289062,168.95449829101562,213.16726684570312,85.74986267089844,182.8812255859375,113.47981262207031,303.3096008300781,289.3818359375,136.06051635742188,46.58920669555664,305.9339599609375,250.04119873046875,71.40695190429688,549.219970703125,16.098445892333984,30.30689811706543,99.0471420288086,363.1895751953125,201.5711212158203,47.77544403076172
2021-04-16,130.92031860351562,169.9720001220703,213.9373779296875,85.36846923828125,184.18943786621094,113.35567474365234,306.6781005859375,294.1699523925781,137.07090759277344,46.89496994018555,304.3040466308594,251.23594665527344,72.08377075195312,546.5399780273438,15.874236106872559,31.0887508392334,99.22344207763672,364.12091064453125,201.21878051757812,47.50713348388672
2021-04-19,131.5839080810547,168.60049438476562,213.04811096191406,85.61720275878906,184.3566436767578,113.70377349853516,307.37701416015625,293.0671081542969,136.48971557617188,47.17451858520508,300.38818359375,249.30886840820312,71.05961608886719,554.4400024414062,15.324809074401855,31.378921508789062,98.9501953125,363.0312194824219,201.90541076660156,47.35622787475586
2021-04-20,129.8956756591797,166.7344970703125,208.68429565429688,84.01695251464844,179.792724609375,113.16996765136719,297.3338623046875,290.47576904296875,133.467529296875,47.32303237915039,300.7956848144531,248.84634399414062,71.71865844726562,549.5700073242188,15.134769439697266,31.45952606201172,101.15397644042969,369.2612609863281,199.37567138671875,46.35845947265625
2021-04-21,130.2762451171875,168.1009979248047,213.11228942871094,85.1777572631836,180.1074676513672,113.13719177246094,300.3709716796875,292.2601623535156,134.6030731201172,47.7074089050293,299.6229248046875,251.08180236816406,69.43875122070312,508.8999938964844,15.323566436767578,31.8625431060791,101.11871337890625,371.384521484375,201.8692626953125,46.95375061035156
2021-04-22,128.75389099121094,165.45199584960938,209.8394012451172,83.70188903808594,179.76321411132812,111.85453796386719,296.4111022949219,288.23419189453125,131.76870727539062,47.558895111083984,294.7032470703125,247.79612731933594,69.75045776367188,508.7799987792969,14.81454086303711,31.145166397094727,101.09229278564453,369.27056884765625,196.94520568847656,46.34168243408203
2021-04-23,131.07644653320312,167.04400634765625,211.9114990234375,84.1993637084961,180.01895141601562,114.20878601074219,304.02630615234375,290.4130554199219,134.2901153564453,47.58510971069336,299.2850341796875,251.6310272216797,69.6792221069336,505.54998779296875,15.228541374206543,31.161283493041992,101.25977325439453,372.7812805175781,201.96864318847656,46.59321975708008
2021-04-26,131.466796875,170.4499969482422,212.3258819580078,84.17449951171875,181.2484588623047,114.70536804199219,307.76220703125,286.9161071777344,134.6209259033203,46.87749481201172,301.1833190917969,252.01644897460938,69.40313720703125,510.29998779296875,15.440779685974121,31.17741584777832,101.56829071044922,368.6372985839844,202.91732788085938,46.68545150756836
2021-04-27,131.14474487304688,170.8715057373047,212.123291015625,85.15287780761719,181.6123809814453,113.76435852050781,310.54852294921875,287.4540710449219,135.2379150390625,46.807613372802734,301.7100524902344,252.42112731933594,68.82425689697266,505.54998779296875,15.344765663146973,30.99202537536621,101.24213409423828,367.370849609375,203.94729614257812,47.297523498535156
2021-04-28,130.3543243408203,172.9250030517578,213.92825317382812,87.24231719970703,180.3828887939453,117.14405059814453,311.8743591308594,286.6650695800781,136.11412048339844,46.816341400146484,305.2184143066406,245.28125,68.65504455566406,506.5199890136719,15.24001693725586,31.282203674316406,101.46251678466797,367.45465087890625,204.36294555664062,48.722900390625
2021-04-29,130.25672912597656,173.5655059814453,209.4802703857422,88.6352767944336,182.2910919189453,118.81848907470703,316.22857666015625,291.713134765625,138.76080322265625,47.401649475097656,327.4911193847656,243.30592346191406,68.77083587646484,509.0,15.287901878356934,31.11292839050293,102.49388885498047,373.9360046386719,202.81796264648438,49.4188346862793
2021-04-30,128.28553771972656,173.37100219726562,210.0696563720703,85.45967102050781,182.96975708007812,116.86894989013672,312.1790466308594,290.2157287597656,137.52687072753906,47.15705108642578,323.08819580078125,242.9879913330078,69.02909088134766,513.469970703125,14.973410606384277,31.15322494506836,102.72306060791016,371.3751525878906,200.65859985351562,47.99345016479492
2021-05-03,129.33938598632812,169.32449340820312,210.1248779296875,87.49935150146484,182.46812438964844,116.35151672363281,313.7110595703125,296.13360595703125,137.12454223632812,47.59384536743164,320.60357666015625,242.6796417236328,68.3077163696289,509.1099853515625,14.80107593536377,32.104347229003906,102.26469421386719,377.9869384765625,202.14938354492188,49.318214416503906
2021-05-04,124.7626724243164,165.593505859375,214.95053100585938,87.98026275634766,181.2288055419922,114.55142211914062,313.4243469238281,298.3751525878906,139.0200958251953,47.296817779541016,316.409423828125,238.75799560546875,67.4082260131836,503.17999267578125,14.316740989685059,32.20106887817383,101.90328216552734,383.05279541015625,203.89309692382812,49.62844467163086
2021-05-05,125.00665283203125,163.52699279785156,219.06698608398438,90.34331512451172,178.53372192382812,114.94570922851562,320.3945007324219,297.7296447753906,140.84414672851562,47.17451858520508,313.08990478515625,237.48609924316406,65.70721435546875,496.0799865722656,14.42373275756836,32.217193603515625,99.6201400756836,384.13299560546875,201.9867401123047,51.12090301513672
2021-05-06,126.60702514648438,165.31849670410156,218.321044921875,90.39307403564453,178.8091278076172,116.06697845458984,327.8753662109375,302.6880798339844,143.67852783203125,47.64626693725586,318.0592346191406,240.62725830078125,65.91204071044922,499.54998779296875,14.488078117370605,31.899742126464844,101.12754821777344,386.43310546875,205.28453063964844,51.60721206665039
2021-05-07,127.28153228759766,164.58050537109375,221.93101501464844,91.22221374511719,181.80909729003906,116.79097747802734,332.2832336425781,304.18548583984375,144.17031860351562,47.620052337646484,317.125,243.25779724121094,66.3751449584961,503.8399963378906,14.776633262634277,32.217193603515625,102.27349853515625,388.9288635253906,207.33547973632812,52.345054626464844
2021-05-10,123.99708557128906,159.52450561523438,223.42291259765625,90.84908294677734,181.27796936035156,113.80259704589844,330.3033447265625,305.86212158203125,144.15245056152344,47.96949768066406,304.0953063964844,238.1702117919922,66.61560821533203,486.69000244140625,14.231447219848633,32.445106506347656,102.43218231201172,391.9460754394531,206.3958282470703,52.470829010009766
2021-05-11,123.07823181152344,161.19549560546875,220.37466430664062,88.4694595336914,178.69110107421875,112.72552490234375,322.4552307128906,296.4832763671875,141.75613403320312,47.454071044921875,304.6519470214844,237.2548370361328,65.96546936035156,495.0799865722656,14.27184772491455,32.02997589111328,101.25096130371094,383.3880615234375,204.74241638183594,50.80229187011719
2021-05-12,120.00885772705078,157.5970001220703,218.55126953125,89.02497863769531,174.93373107910156,109.25892639160156,317.50970458984375,284.2351379394531,140.78155517578125,47.209468841552734,300.6962890625,230.28842163085938,63.712303161621094,484.9800109863281,13.72541618347168,32.30672073364258,99.05599212646484,377.4932861328125,200.5772705078125,51.07451248168945
2021-05-13,122.15937042236328,158.07350158691406,221.0838165283203,88.45287322998047,175.41567993164062,110.6885757446289,321.4606628417969,291.78485107421875,144.40281677246094,47.620052337646484,303.38970947265625,234.17152404785156,64.68302917480469,486.6600036621094,13.632391929626465,32.64046096801758,100.05208587646484,380.4639587402344,203.450439453125,50.445003509521484
2021-05-14,124.5835952758789,161.14500427246094,223.0729217529297,90.76618194580078,170.85177612304688,113.138671875,330.3838806152344,290.1799011230469,146.64707946777344,47.81224822998047,314.0042419433594,239.10487365722656,65.11942291259766,493.3699951171875,14.208752632141113,32.57534408569336,101.06582641601562,381.61859130859375,205.87181091308594,51.69550704956055
2021-05-17,123.43012237548828,163.51950073242188,225.4304656982422,91.87724304199219,167.2911376953125,113.66206359863281,330.81396484375,286.9340515136719,147.23721313476562,47.733612060546875,313.5271911621094,236.2431640625,64.03291320800781,488.94000244140625,14.131436347961426,32.64860534667969,100.66034698486328,380.5291442871094,203.07093811035156,52.90345001220703
2021-05-18,122.04207611083984,161.61399841308594,220.53123474121094,89.11595153808594,166.89768981933594,112.34861755371094,326.61212158203125,284.010986328125,145.16282653808594,47.47154235839844,308.0608825683594,234.21966552734375,64.38024139404297,486.2799987792969,13.982048034667969,32.599769592285156,101.35674285888672,382.1587829589844,200.9748077392578,51.40626907348633
2021-05-19,121.88567352294922,161.58999633789062,218.13687133789062,86.6148681640625,166.49441528320312,112.79702758789062,321.0754089355469,281.9486999511719,144.05406188964844,47.32303237915039,311.66864013671875,234.79913330078125,64.70976257324219,487.70001220703125,14.031928062438965,32.420692443847656,101.68289947509766,381.3393859863281,200.84832763671875,50.172786712646484
2021-05-20,124.44673919677734,162.38400268554688,216.405517578125,86.9170150756836,168.55015563964844,114.55738830566406,322.3297119140625,283.248779296875,143.8037109375,47.74235916137695,316.6579284667969,238.0441436767578,66.16142272949219,501.6700134277344,14.577363967895508,32.65674591064453,103.4547348022461,380.5384521484375,200.5321044921875,50.0536994934082
2021-05-21,122.60901641845703,160.1540069580078,218.47760009765625,87.38701629638672,169.57308959960938,113.9207763671875,328.1351318359375,283.13232421875,145.4399871826172,47.716156005859375,314.29248046875,236.77899169921875,66.29500579833984,497.8900146484375,14.955699920654297,32.51836395263672,103.60460662841797,383.3228759765625,200.14361572265625,50.12174987792969
2021-05-24,124.24147033691406,162.24949645996094,220.14443969726562,88.62916564941406,171.4517822265625,117.24336242675781,329.95379638671875,282.29840087890625,146.22682189941406,47.8734016418457,322.6410217285156,242.19699096679688,65.92985534667969,502.8999938964844,15.574459075927734,32.4044189453125,104.15113067626953,382.6896667480469,201.9867401123047,50.708709716796875
2021-05-25,124.04596710205078,162.95249938964844,218.41314697265625,87.17721557617188,173.28128051757812,117.33423614501953,326.5672912597656,284.010986328125,144.71572875976562,47.86466598510742,325.78167724609375,243.10479736328125,65.34207916259766,501.3399963378906,15.610124588012695,32.01370620727539,104.17757415771484,384.6452331542969,200.5230712890625,49.56031036376953
2021-05-26,123.99708557128906,163.25799560546875,218.91041564941406,87.38701629638672,173.57635498046875,118.20027160644531,329.156494140625,284.5310363769531,144.6978759765625,48.0743293762207,325.65240478515625,242.88267517089844,65.4311294555664,502.3599853515625,15.662246704101562,31.67997169494629,103.58696746826172,384.7941589355469,202.24874877929688,50.138771057128906
2021-05-27,122.46241760253906,161.5054931640625,222.19808959960938,86.45541381835938,176.10421752929688,117.3248062133789,332.7132873535156,285.8222351074219,146.95106506347656,48.47618865966797,330.71124267578125,240.7772979736328,65.0125503540039,503.8599853515625,15.450757026672363,31.460193634033203,103.01396942138672,384.3193054199219,203.26553344726562,49.815513610839844
2021-05-28,121.80747985839844,161.15350341796875,222.013916015625,87.11006927490234,175.72061157226562,117.03529357910156,334.42120361328125,285.9477844238281,146.85272216796875,48.30147171020508,326.7159118652344,241.1345672607422,65.20845794677734,502.80999755859375,16.20543670654297,31.52530860900879,103.87788391113281,383.5929260253906,204.01901245117188,49.65388107299805
2021-06-01,121.48489379882812,160.9324951171875,223.56103515625,89.51042938232422,175.90750122070312,118.24346160888672,343.7881164550781,283.616455078125,148.4711151123047,48.29273223876953,327.1134338378906,238.9326934814453,64.56834411621094,499.0799865722656,16.22538948059082,31.338104248046875,105.63207244873047,378.7504577636719,204.29139709472656,51.431793212890625
2021-06-02,122.2473373413086,161.69949340820312,224.20565795898438,90.71062469482422,174.09767150878906,117.71759796142578,344.6870422363281,282.32757568359375,148.4800567626953,48.484920501708984,327.1333312988281,238.83609008789062,65.09658813476562,499.239990234375,16.737905502319336,31.574155807495117,107.31578063964844,377.9403381347656,203.76483154296875,51.84010696411133
2021-06-03,120.76155090332031,159.35049438476562,224.55560302734375,90.29935455322266,173.35015869140625,116.57496643066406,349.43341064453125,280.7051696777344,148.57838439941406,48.60721969604492,324.0423889160156,237.3004913330078,64.79217529296875,489.42999267578125,16.928945541381836,31.72066879272461,107.4303970336914,379.9052429199219,204.21875,52.04427719116211
2021-06-04,123.0586929321289,160.31100463867188,224.7213897705078,91.02114868164062,174.2747039794922,118.85871887207031,351.8874816894531,280.3265686035156,148.81985473632812,49.13139724731445,328.3259582519531,242.20660400390625,64.76529693603516,494.739990234375,17.535987854003906,31.867189407348633,107.88876342773438,377.7448425292969,205.32632446289062,52.273956298828125
2021-06-07,123.06845092773438,159.90049743652344,220.7982940673828,90.43364715576172,174.08782958984375,119.292236328125,348.9300231933594,279.3801574707031,148.12240600585938,48.9566650390625,334.5177917480469,245.12326049804688,64.8816909790039,494.6600036621094,17.576635360717773,31.736948013305664,108.14440155029297,372.7254333496094,202.40309143066406,51.93368148803711
2021-06-08,123.88957214355469,163.20550537109375,221.16665649414062,91.25615692138672,173.4386749267578,119.10055541992188,345.8197021484375,280.2274169921875,147.5322723388672,48.615962982177734,331.63555908203125,243.92568969726562,64.58626556396484,492.3900146484375,17.415023803710938,31.622995376586914,109.00830841064453,374.1129455566406,201.38633728027344,52.8524169921875
2021-06-09,124.27079010009766,164.0574951171875,216.09242248535156,90.45880126953125,173.1533966064453,119.57229614257812,344.09375,277.0186462402344,145.69036865234375,48.46746063232422,328.2265930175781,244.91082763671875,64.86378479003906,485.80999755859375,17.320476531982422,32.4044189453125,108.96421813964844,373.5169982910156,201.08673095703125,53.29476547241211
2021-06-10,123.27372741699219,167.4824981689453,207.8778839111328,90.98759460449219,173.6747283935547,120.9224853515625,336.1472473144531,277.8930358886719,143.41921997070312,48.84309768676758,330.4230041503906,248.43588256835938,65.81280517578125,487.2699890136719,17.387083053588867,33.11256790161133,111.31787109375,373.8801574707031,199.35272216796875,53.37984085083008
2021-06-11,124.4858627319336,167.3415069580078,203.2456817626953,90.56795501708984,174.471435546875,120.67768096923828,339.841796875,280.11029052734375,143.32090759277344,49.061492919921875,329.23040771484375,249.0636749267578,65.79489135742188,488.7699890136719,17.786468505859375,32.6811637878418,109.93389129638672,370.5277099609375,200.93238830566406,52.88644027709961
2021-06-14,127.54547119140625,169.19349670410156,201.6893310546875,90.6183090209961,175.25830078125,121.60676574707031,335.2303161621094,278.8033142089844,140.8888397216797,48.894264221191406,334.7066345214844,250.9952392578125,65.63373565673828,499.8900146484375,17.979543685913086,32.25790023803711,111.21208190917969,371.71038818359375,202.10348510742188,52.80137634277344
2021-06-15,126.72432708740234,169.156494140625,202.10374450683594,92.5738296508789,172.9763641357422,120.5877914428711,333.77398681640625,276.2164611816406,138.75184631347656,48.771034240722656,334.686767578125,249.51751708984375,65.74117279052734,491.8999938964844,17.749792098999023,32.225337982177734,109.09468841552734,372.7532958984375,202.30319213867188,54.72390365600586
2021-06-16,127.22286224365234,170.7624969482422,199.98565673828125,92.04508972167969,171.79603576660156,119.94522094726562,333.5042724609375,272.90850830078125,139.7264862060547,48.11969757080078,329.0514831542969,248.57110595703125,65.62478637695312,492.4100036621094,17.77149772644043,31.989282608032227,107.57086944580078,369.9317321777344,201.5951385498047,54.528236389160156
2021-06-17,128.82598876953125,174.46200561523438,192.88539123535156,89.86292266845703,171.78619384765625,120.90957641601562,324.9644775390625,273.2149658203125,135.69390869140625,48.36616134643555,334.4482421875,251.97059631347656,66.77075958251953,498.3399963378906,18.616649627685547,32.13580322265625,108.62512969970703,370.0247802734375,198.8806915283203,52.73332595825195
2021-06-18,127.52589416503906,174.34500122070312,192.34202575683594,86.47219848632812,169.59275817871094,119.28825378417969,313.5749816894531,272.75531005859375,132.26043701171875,47.32752990722656,327.6401672363281,250.55091857910156,65.60688018798828,500.7699890136719,18.59819793701172,31.590436935424805,105.931884765625,363.92169189453125,195.01324462890625,51.38075256347656
2021-06-21,129.3245086669922,172.697998046875,196.34803771972656,89.00686645507812,171.1173553466797,120.97810363769531,321.4046325683594,277.2529296875,134.50473022460938,47.846839904785156,330.25408935546875,253.64138793945312,66.54695892333984,497.0,18.387155532836914,32.086952209472656,108.60741424560547,372.05303955078125,197.4644317626953,53.24372863769531
2021-06-22,130.96670532226562,175.27200317382812,196.2743682861328,89.30062103271484,170.6550750732422,121.49256134033203,321.395751953125,281.8588562011719,134.30799865722656,48.02288055419922,336.95281982421875,256.4228515625,66.34998321533203,508.82000732421875,18.845657348632812,32.24161911010742,108.06700134277344,372.6324768066406,198.8080596923828,54.2645378112793
2021-06-23,130.69302368164062,175.1909942626953,196.8821258544922,89.19148254394531,172.45506286621094,121.29045104980469,324.5599670410156,280.9214782714844,135.12168884277344,47.63560104370117,338.503173828125,256.1910400390625,65.66954040527344,512.739990234375,19.015779495239258,31.785797119140625,107.3050765991211,369.70703125,198.9169921875,54.66435241699219
2021-06-24,130.40956115722656,172.45399475097656,201.9932098388672,89.92169189453125,175.0124053955078,121.66089630126953,331.481689453125,281.07470703125,136.36451721191406,47.87325668334961,341.07733154296875,257.5625,65.24876403808594,518.0599975585938,19.163707733154297,31.899742126464844,107.43795776367188,372.8008117675781,198.33596801757812,54.885528564453125
2021-06-25,130.11631774902344,170.072998046875,199.20286560058594,90.05595397949219,175.42552185058594,121.6693344116211,331.4996643066406,282.6881103515625,137.7415008544922,47.8116340637207,339.2784423828125,255.94967651367188,66.12616729736328,527.0700073242188,18.989593505859375,31.72881317138672,108.084716796875,378.4833984375,200.87789916992188,55.0046272277832
2021-06-28,131.7487030029297,172.1945037841797,199.16603088378906,87.27791595458984,173.6747283935547,121.69664764404297,331.4457702636719,283.27398681640625,137.99185180664062,47.75882339477539,353.4610290527344,259.5229797363281,67.28108215332031,533.030029296875,19.941516876220703,31.842769622802734,107.74805450439453,375.221435546875,198.9351348876953,53.601009368896484
2021-06-29,133.26385498046875,172.40699768066406,198.0885467529297,87.08486938476562,171.07801818847656,121.43495178222656,334.9605712890625,286.8432312011719,137.8219451904297,47.406761169433594,349.7340393066406,262.1112365722656,66.3231201171875,533.5,19.98317527770996,31.82648468017578,107.59746551513672,372.0810852050781,198.4993133544922,53.26924133300781
2021-06-30,133.87973022460938,172.00799560546875,200.41847229003906,87.90737915039062,172.88784790039062,121.25320434570312,341.1722106933594,287.42919921875,139.07374572753906,47.62679672241211,345.5796203613281,261.6284484863281,65.60688018798828,528.2100219726562,19.958972930908203,31.87532615661621,105.89644622802734,374.2680969238281,199.66139221191406,53.660552978515625
2021-07-01,134.1827850341797,171.64849853515625,199.5712432861328,89.14112091064453,174.3533935546875,121.60577392578125,337.0910339355469,289.8177795410156,140.45071411132812,47.49477767944336,352.2187194824219,262.30438232421875,66.42161560058594,533.5399780273438,20.16802406311035,32.200923919677734,106.29512023925781,378.4272766113281,202.94778442382812,53.813682556152344
2021-07-02,136.81227111816406,175.5489959716797,200.5381622314453,89.02363586425781,174.2058563232422,124.3995132446289,336.344970703125,290.8633117675781,140.31582641601562,47.68841552734375,352.5268249511719,268.1473693847656,66.50218963623047,533.97998046875,20.442419052124023,32.33928298950195,107.22534942626953,382.6051025390625,204.0099639892578,53.737117767333984
2021-07-06,138.82591247558594,183.78700256347656,196.63352966308594,87.27791595458984,170.84194946289062,125.32563018798828,332.47955322265625,287.7626647949219,137.95970153808594,47.42436218261719,350.6185302734375,268.156982421875,67.26316833496094,541.6400146484375,20.653459548950195,31.981142044067383,108.56314086914062,383.4462890625,203.18382263183594,52.20589828491211
2021-07-07,141.3185577392578,184.82899475097656,197.7109832763672,86.38829040527344,169.9862060546875,125.607666015625,330.51092529296875,291.5663146972656,138.12158203125,47.8116340637207,348.34259033203125,270.3493347167969,67.4422378540039,535.9600219726562,20.327421188354492,32.02997589111328,109.22758483886719,384.7548522949219,207.305419921875,51.38925552368164
2021-07-08,140.01844787597656,186.57049560546875,195.3350372314453,86.11128997802734,169.96652221679688,124.18746948242188,322.6632080078125,287.11370849609375,135.73841857910156,47.64440155029297,343.5321960449219,267.9251708984375,67.26316833496094,530.760009765625,19.859437942504883,31.948577880859375,109.068115234375,383.1566162109375,198.2179412841797,51.15957260131836
2021-07-09,141.84637451171875,185.9669952392578,200.2250518798828,87.34505462646484,174.1370086669922,124.65872192382812,334.1875,290.3135070800781,140.08201599121094,47.93486404418945,348.2730407714844,268.4274597167969,67.13782501220703,535.97998046875,20.006624221801758,32.24161911010742,111.08805084228516,385.1754150390625,201.2592315673828,52.08681106567383
2021-07-12,141.25013732910156,185.92750549316406,201.29335021972656,87.52130126953125,181.35665893554688,126.10574340820312,342.0441589355469,289.99798583984375,142.08743286132812,47.95246505737305,350.9962463378906,267.8285827636719,67.22736358642578,537.3099975585938,20.467866897583008,32.363704681396484,112.8776626586914,388.84857177734375,200.83250427246094,52.0357666015625
2021-07-13,142.36448669433594,183.8679962158203,198.1714324951172,87.2275619506836,180.63861083984375,126.46922302246094,337.9809875488281,285.7707214355469,139.97412109375,48.42776107788086,349.9327087402344,271.3633728027344,67.02144622802734,540.6799926757812,20.205934524536133,32.274169921875,111.28296661376953,391.1851501464844,198.98049926757812,51.78907012939453
2021-07-14,145.79554748535156,184.08399963378906,194.9022216796875,85.58255767822266,180.4123992919922,127.35858917236328,336.5606689453125,287.72662353515625,139.4974822998047,49.519203186035156,345.5000915527344,272.841064453125,67.77349853515625,547.9500122070312,19.79832649230957,32.51836395263672,111.83224487304688,387.6335144042969,199.7703399658203,50.64065933227539
2021-07-15,145.140625,181.55999755859375,194.69039916992188,85.02021789550781,181.13043212890625,126.1350326538086,335.6168212890625,290.872314453125,139.80323791503906,49.67762756347656,342.3494873046875,271.4116516113281,68.77621459960938,542.9500122070312,18.924983978271484,32.632328033447266,112.45240783691406,392.5964050292969,199.67047119140625,50.14727020263672
2021-07-16,143.0976104736328,178.68150329589844,191.50404357910156,82.77091979980469,176.3697967529297,126.10027313232422,327.930908203125,289.8177795410156,136.6107635498047,49.64242935180664,339.06976318359375,271.1412353515625,69.76102447509766,530.3099975585938,18.12148094177246,32.84395217895508,112.76246643066406,392.26934814453125,198.29054260253906,48.76066970825195
2021-07-19,139.24623107910156,177.47950744628906,188.02281188964844,80.53839111328125,170.11407470703125,123.72466278076172,318.86968994140625,287.4111328125,132.16824340820312,49.05270004272461,334.8855285644531,267.52923583984375,68.92841339111328,532.280029296875,18.738887786865234,32.6811637878418,112.31950378417969,382.32476806640625,194.5865478515625,47.084842681884766
2021-07-20,142.86300659179688,178.6595001220703,192.541015625,81.01680755615234,173.8517608642578,125.3449935913086,327.8949890136719,293.2518310546875,134.63233947753906,49.140724182128906,339.5666809082031,269.7601318359375,69.0895767211914,531.0499877929688,18.571496963500977,33.413734436035156,113.39151000976562,385.979248046875,195.6215057373047,47.6037483215332
2021-07-21,142.12989807128906,179.25999450683594,195.10557556152344,83.778076171875,173.98947143554688,126.67530822753906,335.7516784667969,294.16217041015625,137.465087890625,49.77445602416992,344.1086730957031,271.7690734863281,67.93465423583984,513.6300048828125,19.367769241333008,33.38932800292969,112.42582702636719,387.54010009765625,197.17388916015625,49.13496780395508
2021-07-22,143.49839782714844,181.90150451660156,193.6520233154297,82.93876647949219,172.2583465576172,127.54182434082031,335.04150390625,294.4325866699219,135.7294158935547,49.70402526855469,349.03826904296875,276.3467712402344,68.1495132446289,511.7699890136719,19.551362991333008,33.7556037902832,112.66503143310547,388.59619140625,199.3073272705078,48.582035064697266
2021-07-23,145.2187957763672,182.83200073242188,193.9945526123047,82.97234344482422,173.2517852783203,132.1038818359375,336.24609375,300.00286865234375,135.46868896484375,50.1793327331543,367.5243225097656,279.7559814453125,69.11642456054688,515.4099731445312,19.515445709228516,33.92654037475586,113.30290985107422,390.40008544921875,199.86109924316406,48.52248001098633
2021-07-26,145.63912963867188,184.99099731445312,195.38336181640625,84.72645568847656,175.80914306640625,133.11688232421875,337.9090881347656,298.5066223144531,136.37696838378906,50.22334289550781,370.1779479980469,279.15716552734375,68.85679626464844,516.489990234375,19.252016067504883,34.03236389160156,113.38263702392578,386.5119323730469,199.89744567871094,49.7474479675293
2021-07-27,143.46910095214844,181.3195037841797,194.33714294433594,84.44110107421875,176.55667114257812,130.99649047851562,336.9562072753906,294.9734191894531,136.1970977783203,50.399375915527344,365.55645751953125,276.7331237792969,69.70732116699219,518.9099731445312,19.16620445251465,34.26841354370117,114.4546127319336,387.969970703125,197.93649291992188,49.19451904296875
2021-07-28,141.71932983398438,181.51600646972656,195.76296997070312,84.91949462890625,176.16323852539062,135.1617889404297,336.40789794921875,293.4050598144531,136.42189025878906,49.94168472290039,370.992919921875,276.42401123046875,69.69837188720703,519.2999877929688,19.46055793762207,35.367279052734375,113.07256317138672,382.4275817871094,196.60195922851562,49.52627944946289
2021-07-29,142.36448669433594,179.99600219726562,196.7998809814453,86.08611297607422,175.42552185058594,134.84744262695312,339.39239501953125,295.1266174316406,137.5909881591797,50.214534759521484,356.1246032714844,276.6944580078125,69.97590637207031,514.25,19.619218826293945,35.14552688598633,113.30290985107422,385.1473388671875,197.2919464111328,50.1302490234375
2021-07-30,142.5795440673828,166.37950134277344,191.42068481445312,85.44824981689453,173.1337432861328,133.8036346435547,336.9921875,295.8116760253906,136.4938201904297,50.19693374633789,354.1169738769531,275.1588439941406,69.7431411743164,517.5700073242188,19.456573486328125,35.16194534301758,113.435791015625,385.2781982421875,198.59925842285156,48.97334289550781
2021-08-02,142.24725341796875,166.57400512695312,189.9485626220703,85.29717254638672,172.6714324951172,133.9307861328125,339.96771240234375,294.9373779296875,135.94528198242188,50.06490707397461,349.7936096191406,275.07196044921875,70.55784606933594,515.1500244140625,19.7070255279541,36.10649871826172,113.80789184570312,388.4092712402344,197.47354125976562,48.98184585571289
2021-08-03,144.04583740234375,168.31199645996094,193.0409698486328,86.11128997802734,170.15341186523438,134.70095825195312,341.9183349609375,299.191650390625,137.49208068847656,50.100120544433594,349.0879821777344,277.293212890625,71.10396575927734,510.82000732421875,19.771883010864258,37.51921463012695,114.8798828125,394.3255615234375,199.77940368652344,49.50926208496094
2021-08-04,143.64503479003906,167.73599243164062,189.35601806640625,84.18092346191406,169.75015258789062,134.1999053955078,339.6709899902344,297.7225036621094,136.0082550048828,49.37836456298828,356.720947265625,276.70404052734375,71.50685119628906,517.3499755859375,20.22988510131836,37.11676025390625,114.19770812988281,393.9891052246094,197.5642547607422,48.35234451293945
2021-08-05,143.75254821777344,168.79949951171875,191.82809448242188,84.96145629882812,173.8124237060547,135.31817626953125,345.4601135253906,300.2462158203125,137.7258758544922,49.73044204711914,360.74609375,279.6111755371094,72.06192016601562,524.8900146484375,20.59209632873535,37.00998306274414,115.57089233398438,384.3155212402344,198.96238708496094,48.658592224121094
2021-08-06,143.06727600097656,167.2469940185547,192.902099609375,85.56575775146484,174.2255401611328,134.8087158203125,357.6766662597656,297.29888916015625,141.63775634765625,49.85366439819336,361.2828063964844,279.55316162109375,72.16934967041016,520.5499877929688,20.321680068969727,37.0181999206543,114.91532897949219,387.9886779785156,200.17886352539062,49.22003936767578
2021-08-09,143.01832580566406,167.093505859375,193.4020233154297,84.13895416259766,173.822265625,135.97515869140625,359.46551513671875,296.32550048828125,141.48489379882812,49.86247253417969,359.3943786621094,278.46185302734375,72.12460327148438,519.969970703125,20.250839233398438,37.765625,115.18110656738281,384.0164794921875,199.67953491210938,48.658592224121094
2021-08-10,142.5386505126953,166.03399658203125,198.19798278808594,85.67488098144531,174.16651916503906,135.86988830566406,366.73785400390625,298.77703857421875,143.22052001953125,49.99449920654297,358.9173889160156,276.63653564453125,72.0977554321289,515.8400268554688,19.892620086669922,39.580810546875,114.59637451171875,384.86700439453125,201.27737426757812,49.49225997924805
2021-08-11,142.7931671142578,164.60549926757812,205.22523498535156,86.32112121582031,175.16978454589844,135.34552001953125,372.05963134765625,303.7525329589844,144.92916870117188,49.932891845703125,357.7545471191406,277.1291198730469,73.74507904052734,512.4000244140625,19.65613555908203,38.03667068481445,114.19770812988281,381.0910339355469,205.52606201171875,49.63685989379883
2021-08-12,145.7594451904297,165.1750030517578,203.91049194335938,86.14485168457031,176.35011291503906,136.2542266845703,373.057373046875,301.0665283203125,145.49571228027344,50.02970504760742,360.4280700683594,279.8912048339844,74.30911254882812,510.7200012207031,19.8616886138916,38.8005256652832,115.2342529296875,379.4273681640625,206.67904663085938,49.52459716796875
2021-08-13,145.9650421142578,164.69850158691406,202.3643035888672,85.57415008544922,178.11074829101562,136.78407287597656,369.2638854980469,298.6327819824219,143.86801147460938,50.37297821044922,360.954833984375,282.8271484375,74.71198272705078,515.9199829101562,20.14407730102539,39.81900405883789,116.92640686035156,382.8948669433594,206.8061065673828,49.02373504638672
2021-08-16,147.94256591796875,164.94949340820312,201.5680694580078,84.7012939453125,176.1533966064453,137.36209106445312,367.0794982910156,301.99481201171875,142.92376708984375,50.593017578125,364.3140869140625,284.5172119140625,75.15962982177734,517.9199829101562,19.906587600708008,40.17218017578125,118.44135284423828,389.94207763671875,206.5247039794922,48.30699920654297
2021-08-17,147.0321044921875,162.09800720214844,197.6147003173828,84.54182434082031,172.94683837890625,135.7253875732422,364.0411376953125,289.1056823730469,141.19712829589844,50.4169807434082,356.2538146972656,283.0492248535156,75.16859436035156,518.9099731445312,19.41565704345703,41.41241455078125,118.78687286376953,394.21337890625,205.04490661621094,47.97885513305664
2021-08-18,143.2826690673828,160.06100463867188,194.25381469726562,82.25369262695312,171.87472534179688,134.5211944580078,358.4947204589844,289.82672119140625,139.91111755371094,49.73044204711914,353.2721862792969,281.3172912597656,75.58039855957031,521.8699951171875,18.99856948852539,40.50071716308594,117.38710021972656,390.0448913574219,204.10076904296875,46.96849060058594
2021-08-19,143.61550903320312,159.3874969482422,189.29122924804688,80.20372772216797,170.40914916992188,134.7506103515625,353.7932434082031,291.0434875488281,138.74205017089844,50.047306060791016,352.9441833496094,287.16162109375,75.69681549072266,543.7100219726562,19.75492286682129,40.081825256347656,117.96293640136719,399.9240417480469,203.1475067138672,45.53499984741211
2021-08-20,145.07418823242188,159.99749755859375,189.7449188232422,80.21222686767578,172.24847412109375,136.48812866210938,355.8608093261719,296.758056640625,139.13775634765625,49.85366439819336,357.16815185546875,294.5058898925781,77.24565124511719,546.8800048828125,20.770708084106445,40.01612091064453,118.93748474121094,401.6250915527344,203.0930633544922,45.54364013671875
2021-08-23,146.562255859375,163.2935028076172,193.6334991455078,82.27920532226562,174.74684143066406,139.08224487304688,360.87689208984375,295.4060974121094,140.91836547851562,49.67762756347656,361.123779296875,294.7864990234375,75.5625228881836,553.3300170898438,21.91022491455078,41.009944915771484,118.17556762695312,397.5593566894531,203.1566162109375,47.41754150390625
2021-08-24,146.47410583496094,165.28900146484375,196.8277130126953,83.22338104248047,175.54356384277344,140.29388427734375,367.2682189941406,292.84619140625,141.79067993164062,49.29914855957031,363.2705383300781,292.8222961425781,75.32974243164062,553.4099731445312,21.745582580566406,39.73685836791992,115.83670043945312,395.7368469238281,200.85977172851562,47.8061408996582
2021-08-25,145.24058532714844,164.95899963378906,198.83682250976562,83.79328918457031,175.38616943359375,141.10577392578125,371.367431640625,291.9268493652344,144.7133331298828,49.35196304321289,366.1329040527344,292.2320556640625,75.67890167236328,547.5800170898438,22.1646671295166,39.02228546142578,115.64178466796875,392.3067626953125,200.89605712890625,47.89249801635742
2021-08-26,144.43783569335938,165.8000030517578,195.57781982421875,82.69600677490234,173.66488647460938,140.47164916992188,370.7291564941406,289.7636413574219,145.4597625732422,48.88547134399414,362.1474609375,289.40655517578125,75.37760925292969,550.1199951171875,22.01997947692871,38.91550827026367,115.7215347290039,389.6055603027344,200.61460876464844,47.24483108520508
2021-08-27,145.47557067871094,167.48150634765625,197.04991149902344,83.90386962890625,177.18617248535156,143.01759338378906,377.2734069824219,291.4761962890625,146.62881469726562,48.98228454589844,370.3469543457031,290.01611328125,75.01786804199219,558.9199829101562,22.58674430847168,38.27486038208008,116.33282470703125,391.3907775878906,201.02316284179688,48.16019821166992
2021-08-30,149.9005126953125,171.07850646972656,195.77223205566406,83.69120788574219,177.02877807617188,143.60006713867188,371.7988586425781,294.82916259765625,144.2816925048828,49.44878387451172,378.3277282714844,293.7608337402344,75.50352478027344,566.1799926757812,22.638629913330078,38.40627670288086,118.47679901123047,390.9607849121094,199.85549926757812,47.63343048095703
2021-08-31,148.6376495361328,173.5395050048828,195.23521423339844,82.313232421875,178.32716369628906,143.70632934570312,373.5242004394531,294.0,143.84104919433594,49.563209533691406,377.0555419921875,292.1063232421875,75.53948974609375,569.1900024414062,22.340229034423828,37.83955001831055,119.30072021484375,389.0635681152344,197.81204223632812,47.080753326416016
2021-09-01,149.30332946777344,173.9499969482422,192.541015625,81.4115982055664,180.4713897705078,144.22079467773438,373.65966796875,293.19366455078125,143.63421630859375,49.897674560546875,379.7091979980469,292.0578308105469,76.75366973876953,582.0700073242188,22.396120071411133,37.814903259277344,122.07369232177734,390.0729064941406,197.89413452148438,46.4330940246582
2021-09-02,150.4193572998047,173.156005859375,196.07777404785156,83.11280059814453,178.87799072265625,142.30552673339844,374.4184875488281,296.90802001953125,144.29969787597656,49.96809005737305,372.980712890625,291.39984130859375,77.77898406982422,588.5499877929688,22.35120964050293,38.47198486328125,122.6761474609375,396.0171813964844,198.44151306152344,47.564353942871094
2021-09-03,151.0557098388672,173.90249633789062,194.7722930908203,82.9256591796875,178.0320587158203,142.75491333007812,371.53692626953125,299.26336669921875,143.4273681640625,49.932891845703125,373.9546813964844,291.3901672363281,77.06845092773438,590.530029296875,22.79731559753418,38.47198486328125,123.13682556152344,395.2227783203125,196.0513916015625,47.38299560546875
2021-09-07,153.39547729492188,175.46449279785156,192.7909698486328,82.55989837646484,181.31732177734375,143.2921905517578,370.64263916015625,298.0041809082031,143.17555236816406,48.9998779296875,379.8383483886719,290.4613037109375,76.474853515625,606.7100219726562,22.61667823791504,38.39805603027344,121.94967651367188,393.7086486816406,194.30897521972656,47.106666564941406
2021-09-08,151.84866333007812,176.27499389648438,191.43922424316406,81.98998260498047,182.11402893066406,142.70672607421875,365.837158203125,300.3866882324219,142.5370635986328,49.660030364990234,375.2566223144531,290.4903259277344,77.74299621582031,606.0499877929688,22.29431915283203,38.2009391784668,122.73817443847656,388.24102783203125,196.361572265625,46.674888610839844
2021-09-09,150.83056640625,174.20799255371094,190.1893310546875,81.65826416015625,182.86155700683594,142.55776977539062,365.4576416015625,300.55877685546875,143.15757751464844,49.16712188720703,375.6839904785156,287.6261291503906,77.20336151123047,597.5399780273438,22.132646560668945,37.806697845458984,119.35386657714844,387.4559020996094,191.6178741455078,46.70943069458008
2021-09-10,145.83775329589844,173.45750427246094,189.8096923828125,81.71780395507812,181.1009063720703,139.91102600097656,364.4640808105469,300.721923828125,141.51187133789062,48.94706344604492,376.36981201171875,286.1360168457031,76.38493347167969,598.719970703125,22.43304443359375,37.4453010559082,118.38821411132812,378.8363952636719,189.52883911132812,46.61444091796875
2021-09-13,146.40560913085938,172.85850524902344,190.9114532470703,83.33395385742188,181.9468231201172,141.3575439453125,369.6851806640625,303.8926696777344,143.76011657714844,49.35196304321289,374.2031555175781,287.3745422363281,76.07012939453125,589.2899780273438,22.107696533203125,36.61573028564453,117.63513946533203,388.7877502441406,188.60743713378906,47.814781188964844
2021-09-14,145.00563049316406,172.5,187.32846069335938,81.82838439941406,179.40911865234375,141.56808471679688,364.65374755859375,301.78179931640625,141.25111389160156,49.38743591308594,374.2230529785156,290.0838623046875,76.12409210205078,577.760009765625,22.1975154876709,36.72251510620117,117.43138885498047,386.93072509765625,185.560546875,47.132572174072266
2021-09-15,145.896484375,173.7895050048828,190.47630310058594,83.56361389160156,181.3861846923828,143.44017028808594,363.0820617675781,302.00830078125,142.23129272460938,49.555931091308594,371.6290283203125,294.95111083984375,76.09711456298828,582.8699951171875,22.296316146850586,36.771793365478516,118.08695983886719,391.6015319824219,186.32687377929688,48.72150421142578
2021-09-16,145.6615447998047,174.41200256347656,188.50428771972656,82.78107452392578,180.33370971679688,142.62628173828125,358.3216857910156,304.7442626953125,142.16835021972656,49.08591842651367,370.7742614746094,295.338134765625,75.5484848022461,586.5,22.1975154876709,36.5253791809082,118.0157699584961,390.9637756347656,185.58792114257812,48.203372955322266
2021-09-17,142.9889678955078,173.12600708007812,184.93971252441406,82.30472564697266,180.46156311035156,139.83554077148438,353.6064758300781,304.0919189453125,141.79965209960938,48.278900146484375,362.4853820800781,290.1613464355469,73.42595672607422,589.3499755859375,21.856199264526367,36.049007415771484,115.81710815429688,394.07769775390625,183.79078674316406,47.63343048095703
2021-09-20,139.9345703125,167.7864990234375,176.67178344726562,80.62052154541016,175.6812744140625,137.76930236816406,341.5654602050781,300.051513671875,137.55502319335938,47.94190979003906,353.5206604003906,284.77166748046875,73.47091674804688,575.4299926757812,21.070777893066406,36.303619384765625,114.88246154785156,387.08074951171875,180.50665283203125,46.364013671875
2021-09-21,140.41424560546875,167.18150329589844,175.76446533203125,80.6800765991211,168.36325073242188,138.08065795898438,339.4968566894531,302.7783508300781,137.572998046875,47.93303680419922,355.28973388671875,285.2554016113281,73.67776489257812,573.1400146484375,21.203508377075195,36.07365036010742,114.69552612304688,386.7431640625,179.35723876953125,46.32083511352539
2021-09-22,142.7833709716797,169.00250244140625,177.1625213623047,83.05326843261719,170.80258178710938,139.3225860595703,348.19561767578125,304.3275146484375,140.2078857421875,48.00398635864258,341.107177734375,288.9130859375,73.6597671508789,590.6500244140625,21.897117614746094,36.09828567504883,115.72808074951172,383.3291015625,180.6891326904297,47.676612854003906
2021-09-23,143.74278259277344,170.8000030517578,182.04177856445312,85.11172485351562,173.35997009277344,140.2487030029297,353.96771240234375,304.30938720703125,144.9471893310547,47.924171447753906,343.8403015136719,289.8613586425781,73.0931625366211,593.260009765625,22.437036514282227,36.295413970947266,114.68661499023438,382.70068359375,184.0188446044922,49.291446685791016
2021-09-24,143.8308563232422,171.2760009765625,182.22694396972656,85.57105255126953,173.1140594482422,141.2408447265625,353.0553894042969,305.7407531738281,146.6198272705078,47.791141510009766,350.7974548339844,289.6580810546875,72.58052825927734,592.3900146484375,22.036836624145508,36.090065002441406,113.84986877441406,381.8096008300781,185.9163055419922,49.73185348510742
2021-09-27,142.31346130371094,170.2899932861328,185.17117309570312,87.58698272705078,175.3369903564453,140.10568237304688,361.14892578125,309.2920227050781,150.16299438476562,47.5428352355957,351.41363525390625,284.6458435058594,70.83570861816406,592.6400146484375,21.616676330566406,35.78617477416992,112.3277359008789,380.1120300292969,186.06228637695312,51.20852279663086
2021-09-28,138.92620849609375,165.79800415039062,185.68040466308594,87.91873168945312,171.6583251953125,134.89959716796875,351.8359375,302.39788818359375,149.35366821289062,46.68260955810547,338.5628356933594,274.340576171875,69.49561309814453,583.8499755859375,20.657604217529297,35.35086441040039,111.78473663330078,373.87481689453125,183.4714813232422,51.74392318725586
2021-09-29,139.82687377929688,165.05599975585938,183.19911193847656,87.89320373535156,169.84849548339844,133.43319702148438,347.6717529296875,305.2334289550781,149.23675537109375,46.96639633178711,337.52923583984375,274.80517578125,70.46694946289062,599.0599975585938,20.475969314575195,35.75332260131836,112.5502700805664,375.5536804199219,183.9823455810547,51.70938491821289
2021-09-30,138.52484130859375,164.2519989013672,177.73654174804688,86.2940673828125,166.39605712890625,132.76031494140625,341.4751281738281,297.37908935546875,147.20437622070312,46.53185272216797,337.31060791015625,272.7924499511719,70.61985778808594,610.3400268554688,20.6745662689209,35.32621765136719,111.6512222290039,366.4840087890625,178.80990600585938,50.79402160644531
2021-10-01,139.65066528320312,164.16299438476562,179.9215850830078,88.74382019042969,173.1239013671875,135.60769653320312,343.2545166015625,298.8284912109375,150.29794311523438,47.01960754394531,340.9084167480469,279.7400207519531,71.24041748046875,613.1500244140625,20.70051383972168,35.2605094909668,112.54136657714844,368.06903076171875,184.03712463378906,52.616111755371094
2021-10-04,136.2144775390625,159.48899841308594,178.81051635742188,89.07555389404297,170.61572265625,132.74395751953125,337.9702453613281,295.7574768066406,150.1360626220703,46.99300003051758,324.2312316894531,273.94390869140625,71.3753433227539,603.3499755859375,19.692535400390625,34.841617584228516,112.89743041992188,362.98553466796875,187.47625732421875,53.29832458496094
2021-10-05,138.1430206298828,161.0500030517578,178.2272491455078,90.04524993896484,171.74685668945312,135.09124755859375,348.50274658203125,298.4842529296875,152.58779907226562,47.072818756103516,330.919921875,279.4109802246094,71.4832534790039,634.8099975585938,20.410093307495117,34.75948715209961,112.54136657714844,369.00701904296875,191.5448760986328,53.21196365356445
2021-10-06,139.0143280029297,163.10049438476562,177.6347198486328,89.25419616699219,172.60256958007812,136.62271118164062,350.526123046875,299.281494140625,152.91346740722656,47.63151931762695,331.5957946777344,283.6201477050781,73.01221466064453,639.0999755859375,20.658605575561523,34.513084411621094,113.75196838378906,369.776123046875,193.79815673828125,52.23615264892578
2021-10-07,140.2772216796875,165.1215057373047,181.23629760742188,89.89213562011719,174.7960205078125,138.27134704589844,352.8476257324219,305.731689453125,153.8815155029297,47.78227996826172,327.2029113769531,285.3038635253906,72.77838134765625,631.8499755859375,21.032854080200195,35.104461669921875,115.16731262207031,379.5774230957031,193.28729248046875,52.38295364379883
2021-10-08,139.8953857421875,164.43099975585938,180.69000244140625,91.90807342529297,173.84193420410156,138.8280029296875,354.8258361816406,302.8871154785156,153.9991455078125,47.99510955810547,328.0278015136719,285.3038635253906,72.13980865478516,632.6599731445312,20.789339065551758,34.86626052856445,114.4106674194336,383.1040344238281,197.48362731933594,53.695552825927734
2021-10-11,139.80726623535156,162.31500244140625,178.58834838867188,91.12552642822266,170.6747283935547,137.96246337890625,347.98785400390625,305.2696533203125,150.76028442382812,48.09267044067383,323.4560241699219,284.7038879394531,69.99928283691406,627.0399780273438,20.653608322143555,34.54593276977539,114.775634765625,379.8493957519531,196.0513916015625,53.16014862060547
2021-10-12,138.53460693359375,162.3665008544922,175.83853149414062,91.14253997802734,170.29112243652344,135.51434326171875,349.1531677246094,306.0215759277344,149.60227966308594,48.09267044067383,321.78631591796875,283.3976135253906,70.93463897705078,624.9400024414062,20.62965965270996,34.373451232910156,117.75762939453125,378.2080383300781,194.68301391601562,52.88381576538086
2021-10-13,137.94725036621094,164.21400451660156,174.9311981201172,91.68690490722656,170.12391662597656,136.63958740234375,348.9543762207031,306.4564208984375,145.65773010253906,48.10152816772461,322.55157470703125,286.716552734375,72.12184143066406,629.760009765625,20.89712142944336,34.020267486572266,119.19075775146484,378.4988098144531,196.908935546875,52.73700714111328
2021-10-14,140.73731994628906,164.9929962158203,179.9215850830078,92.55452728271484,171.55015563964844,140.18414306640625,353.37152099609375,311.68359375,147.89239501953125,48.429656982421875,326.51708984375,292.9480285644531,73.26405334472656,633.7999877929688,21.702510833740234,34.225608825683594,120.81971740722656,394.2652282714844,201.91717529296875,53.54011917114258
2021-10-15,141.79461669921875,170.4510040283203,184.2638397216797,93.23501586914062,173.5665283203125,140.39964294433594,366.8037109375,317.4453125,150.73312377929688,48.314369201660156,322.7702331542969,294.36083984375,73.45292663574219,628.2899780273438,21.81827735900879,34.07777404785156,121.93241119384766,401.4966735839844,205.40196228027344,54.04961013793945
2021-10-18,143.46865844726562,172.33700561523438,183.486083984375,93.1925048828125,168.33375549316406,141.79998779296875,373.68682861328125,321.612548828125,150.6788787841797,47.835487365722656,333.2853698730469,297.341064453125,72.84132385253906,637.969970703125,22.177555084228516,33.938140869140625,124.43373107910156,398.2608337402344,206.10438537597656,54.02370071411133
2021-10-19,145.63218688964844,172.20750427246094,186.22665405273438,95.01277923583984,168.3730926513672,142.255859375,372.3047790527344,324.3122253417969,152.50637817382812,48.02172088623047,337.9069519042969,298.2506408691406,73.77669525146484,639.0,22.24542236328125,34.57057189941406,123.83733367919922,398.0357360839844,205.9492950439453,54.835445404052734
2021-10-20,146.12167358398438,170.7530059814453,189.050537109375,96.25469207763672,167.75344848632812,140.79791259765625,368.4476318359375,324.5295715332031,154.56002807617188,48.44739532470703,338.6920471191406,297.4572448730469,75.47653198242188,625.1400146484375,22.05879020690918,35.15372848510742,127.66495513916016,408.0809326171875,208.00189208984375,55.13768005371094
2021-10-21,146.33705139160156,171.75050354003906,187.15249633789062,95.04680633544922,168.53045654296875,140.91412353515625,368.1766662597656,330.3184509277344,153.34776306152344,48.19908142089844,339.7853088378906,300.6986999511719,75.37760925292969,653.1599731445312,22.64661407470703,35.2030143737793,129.0180206298828,414.82452392578125,210.98492431640625,54.135963439941406
2021-10-22,145.56369018554688,166.77749633789062,186.7987518310547,95.94844818115234,166.64193725585938,136.62417602539062,374.2558898925781,331.55963134765625,155.4104766845703,48.28776931762695,322.62115478515625,299.1504821777344,75.92623901367188,664.780029296875,22.6805477142334,35.449424743652344,128.18125915527344,421.2774658203125,216.74122619628906,54.50728988647461
2021-10-25,145.5146942138672,166.01849365234375,188.2510528564453,96.84160614013672,169.18948364257812,136.5054931640625,374.644287109375,336.3338317871094,154.65052795410156,48.09267044067383,326.6761474609375,298.1538391113281,75.8093032836914,671.6599731445312,23.11966896057129,35.441219329833984,129.16043090820312,421.5869445800781,219.19515991210938,55.569454193115234
2021-10-26,146.180419921875,168.80349731445312,185.8584442138672,97.05424499511719,169.218994140625,138.35426330566406,377.2277526855469,334.4676513671875,155.0666961669922,48.305503845214844,313.87506103515625,300.0697326660156,76.87059020996094,668.52001953125,24.667566299438477,35.77796173095703,130.16627502441406,426.417236328125,219.59654235839844,56.85614013671875
2021-10-27,145.72032165527344,169.62449645996094,182.59075927734375,95.32752227783203,166.76983642578125,145.21592712402344,371.2478332519531,337.29412841796875,151.83689880371094,49.23667526245117,310.3070068359375,312.7069396972656,76.45689392089844,662.9199829101562,24.402097702026367,35.293365478515625,128.05662536621094,425.32928466796875,218.37411499023438,55.379478454589844
2021-10-28,149.36212158203125,172.32850646972656,190.0012664794922,96.22065734863281,166.89768981933594,144.84996032714844,374.70751953125,336.6146545410156,154.12579345703125,49.69782638549805,314.978271484375,313.8486633300781,77.72500610351562,674.0499877929688,24.89112091064453,35.465850830078125,130.55796813964844,427.1675720214844,221.0378875732422,55.534915924072266
2021-10-29,146.65032958984375,168.6215057373047,189.92678833007812,97.38597106933594,166.29769897460938,147.0319366455078,373.3796691894531,336.7686462402344,153.7005615234375,49.99047088623047,321.5874938964844,320.88336181640625,76.74467468261719,690.3099975585938,25.515869140625,35.925811767578125,129.03582763671875,431.8853454589844,220.2168731689453,55.67308807373047
2021-11-01,145.82798767089844,165.90550231933594,191.2022247314453,97.41999053955078,167.3993377685547,142.51406860351562,376.40576171875,332.0035705566406,153.61915588378906,49.813114166259766,327.958251953125,318.7061462402344,76.9784927368164,681.1699829101562,25.775344848632812,35.84366989135742,128.8310546875,425.920166015625,218.44711303710938,56.6748046875
2021-11-02,146.86570739746094,165.6374969482422,192.8220977783203,96.8245849609375,167.0452423095703,144.43630981445312,382.8643798828125,332.73736572265625,154.22531127929688,49.75102233886719,326.06988525390625,322.344482421875,76.82560729980469,677.719970703125,26.348194122314453,37.33030319213867,130.87840270996094,423.9786682128906,219.3411407470703,55.975318908691406
2021-11-03,148.3048095703125,169.1999969482422,189.49855041503906,96.12708282470703,167.2911376953125,145.5938262939453,377.48968505859375,334.2593078613281,154.27960205078125,49.91953659057617,329.58819580078125,323.186279296875,76.66372680664062,688.2899780273438,26.544803619384766,36.812862396240234,131.4303436279297,428.94024658203125,218.44711303710938,55.206764221191406
2021-11-04,147.7859344482422,173.85000610351562,189.53579711914062,96.5523910522461,167.48785400390625,147.25189208984375,368.6102600097656,337.1672668457031,152.25303649902344,50.194454193115234,333.79229736328125,325.5472717285156,76.2320327758789,668.4000244140625,29.741397857666016,36.33229446411133,131.62612915039062,428.4056091308594,216.38543701171875,55.62126541137695
2021-11-05,148.31532287597656,175.94949340820312,191.66769409179688,97.5986328125,172.7501220703125,147.83238220214844,367.7159423828125,333.7428894042969,152.03590393066406,50.407283782958984,339.03997802734375,325.1795959472656,76.92455291748047,645.719970703125,29.69249725341797,40.27623748779297,130.5757293701172,427.51458740234375,217.87240600585938,56.148033142089844
2021-11-08,147.4918212890625,174.44900512695312,199.4599151611328,97.94739532470703,173.9698028564453,148.01016235351562,368.8541564941406,333.9149475097656,152.9496612548828,49.95499801635742,336.5453186035156,326.0795593261719,76.07913208007812,651.4500122070312,30.74239158630371,40.04423522949219,131.80413818359375,433.90185546875,218.43800354003906,56.75252151489258
2021-11-09,147.85450744628906,178.81149291992188,195.32640075683594,98.67041015625,172.2386474609375,147.89842224121094,366.1531982421875,335.7812194824219,151.7916259765625,50.09690475463867,333.315185546875,325.0732116699219,76.39392852783203,655.989990234375,30.595687866210938,39.19082260131836,132.14242553710938,435.52447509765625,219.8519744873047,57.305198669433594
2021-11-10,145.02117919921875,174.1024932861328,192.4031524658203,97.09677124023438,171.5894775390625,144.89413452148438,360.5256652832031,333.9059143066406,151.64691162109375,50.300865173339844,325.63262939453125,320.0898742675781,76.62776184082031,646.9099731445312,29.400081634521484,40.61594772338867,132.42723083496094,431.3507080078125,220.34458923339844,56.176246643066406
2021-11-11,144.97216796875,173.625,194.13478088378906,97.10530090332031,159.4518280029297,144.76803588867188,363.434326171875,333.0453796386719,151.63783264160156,50.318607330322266,325.73193359375,321.6670837402344,76.7806625366211,657.5800170898438,30.329219818115234,41.57707214355469,132.5518798828125,428.99658203125,219.45054626464844,56.2812614440918
2021-11-12,147.05062866210938,176.25750732421875,194.8236846923828,97.16482543945312,157.0124969482422,147.65956115722656,365.7558288574219,337.5749816894531,150.95928955078125,50.203311920166016,338.8014221191406,325.8182678222656,77.62608337402344,682.6099853515625,30.329219818115234,41.204219818115234,132.462890625,430.4971923828125,221.1656036376953,55.852439880371094
2021-11-15,147.06044006347656,177.28399658203125,193.3713836669922,99.36791229248047,155.8321533203125,147.4351043701172,365.6654052734375,336.17071533203125,150.68792724609375,50.212188720703125,345.4305419921875,325.1893005371094,78.55243682861328,679.3300170898438,29.964950561523438,41.137943267822266,133.7001953125,422.81561279296875,220.2716064453125,56.333778381347656
2021-11-16,148.04083251953125,177.03500366210938,191.2487335205078,99.75918579101562,156.22560119628906,146.86306762695312,364.1117248535156,355.4216613769531,149.60227966308594,49.857452392578125,340.85870361328125,328.5179443359375,78.22866821289062,687.4000244140625,30.14259147644043,41.096500396728516,133.05038452148438,421.7088928222656,220.2898712158203,56.902618408203125
2021-11-17,150.4820556640625,177.4499969482422,188.96788024902344,99.3117446899414,154.75021362304688,147.0328826904297,353.6876525878906,357.70465087890625,148.7970733642578,49.58253479003906,338.6820983886719,328.7408447265625,78.94817352294922,691.6900024414062,29.202472686767578,42.148773193359375,133.86041259765625,421.0804748535156,218.71168518066406,56.2812614440918
2021-11-18,154.77622985839844,184.80299377441406,187.51559448242188,98.47711944580078,153.02890014648438,148.81211853027344,353.52508544921875,367.6697692871094,147.5123748779297,49.13912582397461,336.6148681640625,330.8250732421875,78.78628540039062,682.02001953125,31.611650466918945,42.596195220947266,134.03842163085938,421.5682373046875,219.15867614746094,55.66865158081055
2021-11-19,157.40370178222656,183.82850646972656,186.60324096679688,96.29161834716797,151.4748077392578,147.90638732910156,349.9300537109375,370.2425842285156,145.58534240722656,48.890811920166016,343.18438720703125,332.608642578125,79.42484283447266,678.7999877929688,32.919029235839844,42.09077453613281,133.71795654296875,412.6860656738281,220.13478088378906,53.0956916809082
2021-11-22,157.864501953125,178.6284942626953,188.40931701660156,98.01250457763672,151.63218688964844,145.2998809814453,357.85186767578125,370.333251953125,148.6885223388672,49.19232940673828,338.920654296875,329.42913818359375,78.5704345703125,659.2000122070312,31.892086029052734,42.422203063964844,134.32325744628906,410.3787841796875,222.5066375732422,53.83082962036133
2021-11-23,158.246826171875,179.0019989013672,191.15567016601562,100.06893920898438,148.55348205566406,144.78341674804688,367.04754638671875,369.9527282714844,152.24403381347656,49.555931091308594,335.1836853027344,327.34490966796875,78.52546691894531,654.0599975585938,31.682506561279297,42.32277297973633,135.8187255859375,419.3734436035156,225.6630096435547,55.24858093261719
2021-11-24,158.76644897460938,179.02049255371094,192.77554321289062,100.83472442626953,148.85842895507812,145.11907958984375,360.58892822265625,373.3408508300781,151.04981994628906,49.156856536865234,338.9703674316406,327.5678405761719,78.78292083740234,658.2899780273438,32.60865020751953,42.16534423828125,137.5366668701172,422.2153015136719,224.96055603027344,55.55488204956055
2021-11-26,153.73696899414062,175.22799682617188,185.0113067626953,98.52873229980469,145.68136596679688,141.2090606689453,351.7365417480469,364.8161315917969,146.49911499023438,47.64924621582031,331.0789794921875,319.5898132324219,77.7711410522461,665.6400146484375,31.43999481201172,44.74216842651367,133.41534423828125,412.60162353515625,218.7481231689453,53.60327911376953
2021-11-29,157.09974670410156,178.07850646972656,182.395263671875,98.82129669189453,145.3863067626953,144.53363037109375,349.1622009277344,368.54852294921875,145.86581420898438,48.40305709838867,335.9588928222656,326.32708740234375,80.09281158447266,663.8400268554688,33.30924606323242,43.41646957397461,136.4418487548828,423.9411926269531,218.44711303710938,53.90083694458008
2021-11-30,162.06060791015625,175.35350036621094,180.00267028808594,97.11764526367188,142.52401733398438,140.925537109375,344.1488037109375,362.9227600097656,143.6945343017578,46.87481689453125,322.4720153808594,320.4718933105469,78.39447784423828,641.9000244140625,32.61064529418945,44.51845169067383,134.18975830078125,416.6441345214844,214.9623565673828,52.369319915771484
2021-12-01,161.54100036621094,172.18600463867188,178.25242614746094,96.45509338378906,139.81910705566406,140.0853271484375,341.86962890625,364.2508850097656,142.8441162109375,46.74076843261719,308.69696044921875,319.9775390625,79.35205078125,617.77001953125,31.3759708404541,45.30558395385742,135.03538513183594,416.75665283203125,212.78204345703125,52.325557708740234
2021-12-02,160.55079650878906,171.8679962158203,183.20521545410156,99.0708236694336,144.7863006591797,141.98670959472656,351.9128723144531,370.9368896484375,145.84774780273438,47.42892074584961,308.4883117675781,319.4056091308594,80.05668640136719,616.469970703125,32.065677642822266,43.946746826171875,137.4565887451172,418.332275390625,219.01271057128906,53.629539489746094
2021-12-03,158.66839599609375,169.489501953125,184.14549255371094,98.44270324707031,143.8223876953125,141.02879333496094,347.54498291015625,370.9733581542969,143.20596313476562,47.848960876464844,304.9599914550781,313.1238708496094,79.523681640625,602.1300048828125,30.63536262512207,44.965877532958984,137.6702423095703,422.802001953125,219.33197021484375,53.288230895996094
2021-12-06,162.08021545410156,171.36849975585938,187.38525390625,99.98289489746094,147.90432739257812,142.17442321777344,353.51104736328125,378.15069580078125,144.8977813720703,49.07332992553711,315.92242431640625,316.20660400390625,80.53547668457031,612.6900024414062,29.980600357055664,42.65419387817383,139.3526153564453,432.9552001953125,224.4679718017578,53.89208984375
2021-12-07,167.8253631591797,176.1645050048828,190.37364196777344,101.46283721923828,148.3371124267578,146.26072692871094,363.3273010253906,378.5872497558594,147.07814025878906,49.34144592285156,320.8321533203125,324.6693420410156,81.67371368408203,625.5800170898438,32.36610794067383,42.85305404663086,141.80052185058594,437.30255126953125,225.75421142578125,54.49593734741211
2021-12-08,171.64892578125,176.1580047607422,190.09437561035156,101.91888427734375,150.8256072998047,147.17141723632812,360.79376220703125,374.10260009765625,145.3953857421875,49.15376663208008,328.53466796875,324.71783447265625,81.59239959716797,628.0800170898438,31.766237258911133,42.58790969848633,141.9251251220703,441.1888122558594,225.87283325195312,54.653480529785156
2021-12-09,171.13912963867188,174.17100524902344,190.0385284423828,101.65214538574219,150.4321746826172,146.627197265625,360.0400390625,374.1844482421875,145.1692352294922,49.028656005859375,327.7992248535156,322.90509033203125,81.22203063964844,611.0,30.432750701904297,43.151336669921875,140.2516632080078,445.38555908203125,225.5535430908203,54.79349899291992
2021-12-10,175.93328857421875,172.21200561523438,189.4147491455078,101.82422637939453,150.2059783935547,146.98770141601562,355.1092224121094,377.87774658203125,144.59017944335938,50.29771041870117,327.7296447753906,332.0562438964844,81.55625915527344,611.6599731445312,30.14129638671875,43.731327056884766,141.6046905517578,450.0058288574219,226.65736389160156,55.14356231689453
2021-12-13,172.29600524902344,169.5675048828125,187.35731506347656,99.70755004882812,147.9633331298828,144.8275909423828,349.2794189453125,368.63543701171875,142.87124633789062,51.62039566040039,332.44061279296875,329.0123291015625,82.87519836425781,604.5599975585938,28.108116149902344,45.73643112182617,143.955078125,449.92108154296875,224.17605590820312,53.93584060668945
2021-12-14,170.9136199951172,169.0915069580078,187.7203826904297,100.00010681152344,146.65516662597656,142.92124938964844,353.07513427734375,365.8701477050781,143.9659423828125,51.65614318847656,331.6952209472656,318.29083251953125,81.3304214477539,597.989990234375,28.28378677368164,46.01814651489258,141.85487365722656,451.1632080078125,223.14515686035156,53.85708236694336
2021-12-15,175.78623962402344,173.31500244140625,188.56759643554688,99.43219757080078,147.93382263183594,145.43788146972656,354.0649108886719,370.9733581542969,142.88934326171875,51.888511657714844,339.5666809082031,324.40765380859375,83.11006164550781,605.0399780273438,30.401803970336914,48.719242095947266,145.27772521972656,465.2026672363281,225.43496704101562,53.620784759521484
2021-12-16,168.88421630859375,168.87100219726562,191.9376678466797,100.3614730834961,146.31088256835938,143.45558166503906,360.839111328125,363.4412536621094,145.12399291992188,52.41579818725586,332.84808349609375,314.9560546875,83.31784057617188,591.0599975585938,28.333698272705078,50.74920654296875,145.89437866210938,463.7723388671875,226.55699157714844,53.708309173583984
2021-12-17,167.7861328125,170.0175018310547,187.46905517578125,97.7457504272461,146.3207244873047,140.7541961669922,346.70050048828125,352.9346008300781,141.82177734375,51.593589782714844,331.744873046875,313.8896789550781,82.15250396728516,586.72998046875,27.748794555664062,49.28266906738281,144.04441833496094,458.37115478515625,222.45065307617188,52.53559494018555
2021-12-20,166.42340087890625,167.07899475097656,181.96702575683594,97.78876495361328,144.0682830810547,140.63702392578125,337.44732666015625,354.22625732421875,139.2705078125,51.42378234863281,323.4560241699219,310.1188659667969,81.24913024902344,593.739990234375,27.666948318481445,50.55864334106445,144.23211669921875,455.18121337890625,220.5715789794922,51.774208068847656
2021-12-21,169.5998992919922,170.41700744628906,184.6202850341797,99.35478210449219,148.5731658935547,142.48974609375,345.35662841796875,355.1996154785156,141.21563720703125,51.629329681396484,332.1523742675781,317.2729187011719,81.70983123779297,604.9199829101562,29.020401000976562,48.843528747558594,143.69589233398438,458.45574951171875,222.0198211669922,52.94691848754883
2021-12-22,172.19793701171875,171.03700256347656,188.19515991210938,99.92267608642578,149.3895721435547,145.4120635986328,347.1817626953125,359.9026184082031,141.76748657226562,51.995750427246094,328.42535400390625,323.00201416015625,82.02601623535156,614.239990234375,29.34479522705078,49.34066390991211,145.00961303710938,464.96734619140625,222.63397216796875,53.375736236572266
2021-12-23,172.82545471191406,171.06849670410156,191.96559143066406,100.16358947753906,151.1108856201172,145.91015625,349.64263916015625,361.2034606933594,142.27413940429688,52.031494140625,333.1860046386719,324.4463806152344,81.9356689453125,614.0900268554688,29.58434295654297,48.64467239379883,144.55386352539062,466.1436462402344,225.15463256835938,53.40200424194336
2021-12-27,176.7960662841797,169.66949462890625,192.13319396972656,102.21144104003906,150.2944793701172,146.8933563232422,352.3668518066406,367.58935546875,143.08837890625,52.41579818725586,344.0589599609375,331.9690246582031,82.49576568603516,613.1199951171875,30.88688850402832,49.05066680908203,148.25372314453125,470.0204772949219,227.27197265625,54.16338348388672
2021-12-28,175.7764129638672,170.66099548339844,192.35662841796875,102.0135269165039,152.65513610839844,145.68222045898438,351.9763488769531,369.5269470214844,143.52261352539062,52.62134552001953,344.09869384765625,330.8056640625,83.00165557861328,610.7100219726562,30.265056610107422,48.064693450927734,148.16432189941406,473.25738525390625,228.44525146484375,53.98834991455078
2021-12-29,175.86465454101562,169.2010040283203,193.01760864257812,101.48865509033203,152.33053588867188,145.6504364013672,350.6960144042969,373.7296447753906,143.45025634765625,52.683895111083984,340.8388366699219,331.4842834472656,83.10102081298828,610.5399780273438,29.94466209411621,47.708404541015625,149.85340881347656,475.7416687011719,230.0950927734375,53.51577377319336
2021-12-30,174.70779418945312,168.64450073242188,191.85391235351562,101.04122924804688,153.3731689453125,145.19903564453125,350.0784606933594,372.91094970703125,143.37786865234375,52.5319709777832,342.2501220703125,328.9346923828125,83.80564880371094,612.0900268554688,29.530441284179688,48.387821197509766,150.11257934570312,474.6595153808594,228.7293243408203,53.200706481933594
2021-12-31,174.0901336669922,166.7169952392578,192.46832275390625,100.97239685058594,152.35020446777344,143.8597869873047,347.38153076171875,377.5229797363281,143.26026916503906,52.916263580322266,334.28924560546875,326.02655029296875,84.3386459350586,602.4400024414062,29.355772018432617,48.9263916015625,150.46109008789062,472.50469970703125,230.9200439453125,53.550777435302734
2022-01-03,178.44313049316406,170.4044952392578,192.71035766601562,102.61585235595703,154.1895294189453,143.9983367919922,358.9866638183594,371.7284240722656,146.29104614257812,52.9967041015625,336.4658203125,324.5046081542969,82.80293273925781,597.3699951171875,30.064435958862305,46.937843322753906,147.36895751953125,472.63641357421875,227.1069793701172,55.60738754272461
2022-01-04,176.17840576171875,167.52200317382812,203.02552795410156,104.48298645019531,153.17642211914062,143.41038513183594,370.0196533203125,375.5489807128906,151.83689880371094,53.8814697265625,334.46807861328125,318.94024658203125,81.91761016845703,591.1500244140625,29.235004425048828,45.181297302246094,143.88356018066406,461.9281005859375,231.01170349121094,57.69901657104492
2022-01-05,171.4920654296875,164.35699462890625,204.5802459716797,105.1627426147461,152.6453094482422,136.83123779296875,361.9832763671875,370.454833984375,149.0609893798828,54.32831954956055,322.183837890625,306.6968078613281,81.05940246582031,567.52001953125,27.552167892456055,46.092716217041016,140.88970947265625,460.78948974609375,231.70831298828125,58.41664505004883
2022-01-06,168.62930297851562,163.25399780273438,206.66561889648438,106.05757904052734,154.32725524902344,136.80397033691406,360.43963623046875,369.1085205078125,150.64463806152344,54.04233932495117,330.4230041503906,304.2733154296875,77.4820785522461,553.2899780273438,28.125089645385742,45.43815612792969,139.92457580566406,441.93218994140625,232.3499298095703,59.790626525878906
2022-01-07,168.79595947265625,162.5540008544922,208.71372985839844,107.58056640625,155.24200439453125,136.0784454345703,360.96624755859375,358.05596923828125,152.1372528076172,53.91722106933594,329.75714111328125,304.4284362792969,78.06021881103516,541.0599975585938,27.195837020874023,46.16728591918945,137.386474609375,431.5343017578125,233.53237915039062,60.28071975708008
2022-01-10,168.81556701660156,161.48599243164062,206.3397674560547,107.6493911743164,154.03216552734375,137.71963500976562,362.47369384765625,352.46148681640625,152.28286743164062,54.006587982177734,326.0599060058594,304.6514892578125,76.14508056640625,539.8499755859375,27.348546981811523,46.5981330871582,136.75198364257812,437.5566711425781,229.4076385498047,59.92190170288086
2022-01-11,171.64892578125,165.36199951171875,204.7664337158203,110.11023712158203,155.301025390625,138.77882385253906,365.9969787597656,351.7428894042969,152.4375762939453,54.02446365356445,332.3213195800781,305.3397216796875,76.59676361083984,540.8400268554688,27.7647647857666,46.97098159790039,136.72515869140625,441.3205871582031,225.8695526123047,62.442344665527344
2022-01-12,172.0901336669922,165.20700073242188,207.0472869873047,109.55958557128906,155.21249389648438,140.4617156982422,354.42816162109375,354.22625732421875,153.30223083496094,54.104896545410156,331.2181396484375,308.5289611816406,76.86776733398438,537.219970703125,27.946420669555664,46.937843322753906,136.94854736328125,445.7619934082031,226.40121459960938,62.25857162475586
2022-01-13,168.81556701660156,161.21400451660156,211.3297576904297,109.10353088378906,152.8911895751953,137.63771057128906,354.8730773925781,352.02484130859375,153.11106872558594,54.426631927490234,324.4797058105469,295.4712219238281,76.69613647460938,519.2000122070312,26.52509880065918,46.01814651489258,136.8681182861328,439.8432312011719,226.96945190429688,61.81224822998047
2022-01-14,169.6783447265625,162.13800048828125,213.1358184814453,110.96208190917969,149.44857788085938,138.5250701904297,345.91949462890625,338.39794921875,143.70033264160156,54.86453628540039,329.866455078125,300.7059631347656,75.160400390625,525.6900024414062,26.89140510559082,45.529296875,136.501708984375,441.02886962890625,225.7321014404297,62.8974494934082
2022-01-18,166.472412109375,158.91749572753906,214.0016326904297,111.3234634399414,149.773193359375,135.06642150878906,321.8193664550781,333.59490966796875,137.67527770996094,54.426631927490234,316.2007141113281,293.3870849609375,73.39884948730469,510.79998779296875,25.854358673095703,44.83330535888672,137.11834716796875,433.78326416015625,218.1884002685547,63.95637893676758
2022-01-19,162.97238159179688,156.2989959716797,207.35968017578125,110.91905212402344,147.64857482910156,134.19097900390625,315.3903503417969,327.19989013671875,135.54554748535156,54.5160026550293,317.63189697265625,294.0462646484375,74.6093521118164,515.8599853515625,25.019933700561523,44.36102294921875,137.2613525390625,435.2230224609375,219.51748657226562,63.982643127441406
2022-01-20,161.2860870361328,151.66749572753906,202.65419006347656,110.52326202392578,145.1994171142578,132.3943634033203,316.0986633300781,318.003173828125,134.3897247314453,54.29257583618164,314.6204528808594,292.36920166015625,75.4404525756836,508.25,24.104652404785156,44.783592224121094,137.7528533935547,435.67462158203125,221.88230895996094,64.12265014648438
2022-01-21,159.2272186279297,142.64300537109375,200.278076171875,109.19818878173828,135.12733459472656,129.4586181640625,312.2937927246094,317.5665283203125,132.0415802001953,54.02446365356445,301.3125,286.96966552734375,74.61837005615234,397.5,23.330110549926758,43.7396125793457,138.9057159423828,433.95263671875,225.78707885742188,63.159976959228516
2022-01-24,158.4527130126953,144.54400634765625,200.50254821777344,109.43050384521484,135.2060089111328,129.90802001953125,311.8216247558594,330.94775390625,131.92324829101562,53.5865364074707,306.81854248046875,287.29931640625,74.00409698486328,387.1499938964844,23.328113555908203,42.70391082763672,137.01112365722656,434.9877624511719,224.65965270996094,63.702579498291016
2022-01-25,156.64878845214844,139.98599243164062,200.48387145996094,114.08547973632812,134.27159118652344,126.06552124023438,310.1507568359375,326.5541076660156,133.36126708984375,53.46142578125,298.31103515625,279.6604309082031,67.84310913085938,366.4200134277344,22.28208351135254,43.532466888427734,137.592041015625,429.878173828125,223.76138305664062,65.57540893554688
2022-01-26,156.56056213378906,138.87249755859375,200.46511840820312,114.17151641845703,131.40931701660156,128.3477783203125,311.1768798828125,325.00762939453125,134.62632751464844,53.26481628417969,292.8248291015625,287.62884521484375,65.62081146240234,359.70001220703125,22.729238510131836,43.92189407348633,135.59017944335938,431.3744201660156,224.4580078125,64.9102783203125
2022-01-27,156.09976196289062,139.6374969482422,198.48190307617188,116.47749328613281,133.199462890625,128.121337890625,309.6786193847656,324.2344055175781,132.25088500976562,53.30949401855469,292.8347473144531,290.6630859375,65.50337219238281,386.70001220703125,21.902793884277344,44.55638885498047,132.81082153320312,434.3572998046875,224.1921844482422,65.74169158935547
2022-01-28,166.99203491210938,143.97799682617188,188.18226623535156,112.3818130493164,136.35684204101562,132.43756103515625,315.1088562011719,333.43121337890625,133.43406677246094,54.37301254272461,299.8614501953125,298.8254089355469,65.49433135986328,384.3599853515625,22.79711151123047,45.35784912109375,138.5840301513672,438.5540466308594,225.42042541503906,65.88172912597656
2022-01-31,171.35479736328125,149.57350158691406,188.556396484375,113.00132751464844,140.6256561279297,134.37667846679688,322.07373046875,333.8314208984375,135.24522399902344,54.524925231933594,311.34063720703125,301.46209716796875,70.5712890625,427.1400146484375,24.440021514892578,43.98868179321289,140.14796447753906,444.6798095703125,224.15553283691406,66.47681427001953
2022-02-01,171.1881561279297,151.19349670410156,192.1019287109375,115.97843170166016,142.12074279785156,136.70115661621094,330.5914306640625,335.39605712890625,137.56605529785156,54.122764587402344,317.0455322265625,299.3100280761719,69.76727294921875,457.1300048828125,24.591733932495117,44.305931091308594,137.1988067626953,440.7654113769531,226.1353759765625,70.73883819580078
2022-02-02,172.39401245117188,150.6125030517578,191.71836853027344,116.51189422607422,140.28140258789062,146.9862060546875,329.6833190917969,339.97174072265625,136.46484375,54.67686462402344,321.02099609375,303.8661804199219,70.21898651123047,429.4800109863281,25.194604873657227,44.96546173095703,140.60372924804688,451.46435546875,230.30589294433594,70.55504608154297
2022-02-03,169.51162719726562,138.8455047607422,187.64898681640625,115.47076416015625,137.73385620117188,142.10983276367188,325.8875732421875,331.85748291015625,135.33624267578125,55.061161041259766,236.30325317382812,292.0298767089844,68.44835662841797,405.6000061035156,23.903034210205078,44.56473159790039,139.80838012695312,459.9237365722656,223.97216796875,69.732421875
2022-02-04,169.2269744873047,157.63949584960938,185.60963439941406,116.91630554199219,139.6912384033203,142.31146240234375,333.8059387207031,327.1817626953125,138.849365234375,54.480247497558594,235.63734436035156,296.5763854980469,68.66517639160156,410.1700134277344,24.273334503173828,44.247493743896484,137.1719970703125,454.654296875,222.17567443847656,71.24642181396484
2022-02-07,168.5103759765625,157.9355010986328,186.92869567871094,119.21368408203125,140.17320251464844,138.2474822998047,334.30535888671875,325.0712890625,139.3135223388672,55.05221176147461,223.53201293945312,291.7391052246094,68.3670654296875,402.1000061035156,24.68156623840332,44.42280578613281,135.88507080078125,455.15301513671875,221.03907775878906,72.10406494140625
2022-02-08,171.6221923828125,161.4134979248047,188.5002899169922,117.39816284179688,140.14369201660156,138.44415283203125,336.07611083984375,328.7918701171875,141.9346923828125,55.40970993041992,218.8309783935547,295.2385559082031,68.1683120727539,403.5299987792969,25.060850143432617,43.16217803955078,135.1165008544922,464.2899169921875,222.68893432617188,70.24000549316406
2022-02-09,173.04563903808594,161.1894989013672,190.46482849121094,118.55976867675781,144.81581115722656,140.6221160888672,340.098876953125,331.4571533203125,142.52622985839844,54.55175018310547,230.57855224609375,301.6850280761719,69.25236511230469,412.8900146484375,26.654850006103516,42.97016143798828,138.8521270751953,468.7030944824219,225.93373107910156,69.90375518798828
2022-02-10,168.96194458007812,159.0034942626953,189.96900939941406,117.05398559570312,149.6649932861328,137.67047119140625,336.5028991699219,323.0154113769531,141.9346923828125,54.85560989379883,226.67262268066406,293.12530517578125,68.1592788696289,406.2699890136719,25.77550506591797,42.24382781982422,132.64990234375,457.9947814941406,221.9281768798828,69.23126220703125
2022-02-11,165.54580688476562,153.2935028076172,188.257080078125,119.43738555908203,147.0190887451172,133.36270141601562,329.6833190917969,318.6490173339844,140.08712768554688,53.8814697265625,218.204833984375,286.0099182128906,67.71662902832031,391.30999755859375,23.90403175354004,42.39409637451172,130.75531005859375,449.9117431640625,218.89418029785156,70.97441101074219
2022-02-14,165.78140258789062,155.16700744628906,186.99417114257812,117.59603881835938,148.37644958496094,134.59765625,327.1225891113281,319.8042907714844,138.78564453125,54.230010986328125,216.3661651611328,285.9711608886719,67.68051147460938,396.57000732421875,24.22142791748047,41.5759391784668,129.88844299316406,446.4018249511719,222.32229614257812,69.88606262207031
2022-02-15,169.61964416503906,156.510498046875,190.28707885742188,116.73526763916016,152.18299865722656,135.67276000976562,330.4823913574219,321.350830078125,140.8152313232422,54.43556213378906,219.64593505859375,291.2738037109375,67.83406829833984,407.4599914550781,26.44525146484375,41.56758499145508,130.13868713378906,450.0058288574219,228.52774047851562,69.01004028320312
2022-02-16,169.38404846191406,158.10049438476562,190.50221252441406,116.77006530761719,153.78627014160156,136.7945098876953,326.949951171875,318.4671325683594,141.070068359375,54.426631927490234,215.21327209472656,290.93377685546875,67.96055603027344,398.0799865722656,26.46121597290039,41.47575759887695,129.030517578125,451.71832275390625,232.6432647705078,69.32858276367188
2022-02-17,165.78140258789062,154.65249633789062,182.1764373779297,116.17012023925781,150.4420166015625,131.63111877441406,316.9703674316406,316.51129150390625,137.8208770751953,55.516944885253906,206.4373779296875,282.4146728515625,68.09605407714844,386.6700134277344,24.46097755432129,40.8245735168457,128.04742431640625,442.5814208984375,230.05844116210938,69.222412109375
2022-02-18,164.2303924560547,152.60150146484375,179.56642150878906,116.00493621826172,148.87811279296875,129.50979614257812,314.2279357910156,315.5379638671875,138.4670867919922,55.89229965209961,204.89688110351562,279.6947326660156,66.98490142822266,391.2900085449219,23.59760856628418,40.51567077636719,127.39502716064453,440.2007751464844,230.24172973632812,68.45257568359375
2022-02-22,161.3050537109375,150.19749450683594,178.8741455078125,115.11805725097656,145.66171264648438,128.92431640625,312.62066650390625,287.6109924316406,138.22134399414062,55.65993881225586,200.84185791015625,279.4907531738281,66.65064239501953,377.3800048828125,23.346080780029297,39.680809020996094,127.23418426513672,435.21356201171875,225.7321014404297,67.65620422363281
2022-02-23,157.1330108642578,144.82699584960938,174.6270294189453,117.85690307617188,143.47811889648438,126.71402740478516,309.8238220214844,280.5883483886719,135.32713317871094,55.043277740478516,197.23410034179688,272.2538146972656,65.33174133300781,367.4599914550781,22.344961166381836,39.12981033325195,125.79534149169922,432.494140625,224.40301513671875,67.93050384521484
2022-02-24,159.75405883789062,151.35800170898438,172.77479553222656,117.24828338623047,146.95022583007812,131.78208923339844,308.91583251953125,284.9456787109375,131.5592498779297,54.07807159423828,206.32803344726562,286.1642761230469,68.15025329589844,390.0299987792969,23.703407287597656,38.370079040527344,128.09214782714844,428.98431396484375,221.90065002441406,67.07221221923828
2022-02-25,161.82533264160156,153.7884979248047,174.9918975830078,122.05644989013672,147.07810974121094,133.5384521484375,317.93292236328125,288.047607421875,134.6718292236328,56.16935348510742,209.1903839111328,288.8064270019531,69.70405578613281,390.79998779296875,24.11163902282715,39.83943557739258,132.6678009033203,447.6721496582031,226.96670532226562,68.87731170654297
2022-02-28,162.09034729003906,153.56300354003906,175.47836303710938,125.20394134521484,146.02565002441406,134.1318817138672,309.9146423339844,287.30169677734375,129.05638122558594,55.62419509887695,209.7370147705078,290.24407958984375,71.0984115600586,394.5199890136719,24.339208602905273,39.18824005126953,130.34420776367188,447.7850341796875,226.54296875,69.39053344726562
2022-03-01,160.20559692382812,151.14199829101562,171.0347900390625,130.17733764648438,143.31089782714844,133.14320373535156,299.7847900390625,291.3224792480469,124.18714904785156,55.382896423339844,202.24322509765625,286.5139465332031,70.34444427490234,386.239990234375,23.43291664123535,38.194766998291016,130.26380920410156,448.1426696777344,223.30072021484375,70.05418395996094
2022-03-02,163.5039520263672,152.05250549316406,180.183837890625,134.02035522460938,144.92401123046875,133.64971923828125,307.25653076171875,297.7993469238281,126.76280975341797,55.79399871826172,206.83493041992188,291.60406494140625,70.44437408447266,380.0299987792969,24.178640365600586,39.82273864746094,131.94395446777344,456.7339172363281,232.45640563964844,71.25758361816406
2022-03-03,163.18003845214844,147.89849853515625,182.27932739257812,135.82888793945312,143.1830291748047,132.98231506347656,304.5528564453125,295.0611572265625,125.8617935180664,55.82974624633789,201.72640991210938,287.4561767578125,71.57076263427734,368.07000732421875,23.673503875732422,39.931278228759766,133.6776580810547,457.8724060058594,235.3025665283203,71.70885467529297
2022-03-04,160.1761474609375,145.64100646972656,183.03707885742188,137.9416961669922,138.41258239746094,131.00294494628906,301.12750244140625,294.97027587890625,122.32138061523438,55.91910934448242,198.83424377441406,281.5694885253906,72.86064147949219,361.7300109863281,22.89682960510254,40.6158561706543,134.80372619628906,469.220703125,243.74903869628906,74.40767669677734
2022-03-07,156.37716674804688,137.4530029296875,184.0099639892578,140.88917541503906,131.31094360351562,125.5128402709961,294.0211486816406,293.61480712890625,117.59783935546875,54.587486267089844,186.32139587402344,270.9327087402344,76.46688842773438,350.260009765625,21.315534591674805,40.05650329589844,133.0789031982422,458.13592529296875,240.82911682128906,77.08879852294922
2022-03-08,154.55128479003906,136.01449584960938,196.451904296875,148.27102661132812,129.58963012695312,126.23385620117188,293.54608154296875,288.1294860839844,116.76960754394531,52.42472839355469,189.12411499023438,267.9602355957031,74.44122314453125,341.760009765625,21.477262496948242,39.60567855834961,131.36302185058594,445.5173034667969,233.4696044921875,77.67279815673828
2022-03-09,159.96018981933594,139.2790069580078,196.24609375,144.56707763671875,131.45848083496094,132.50608825683594,304.7081298828125,290.2893371582031,121.44766235351562,52.692848205566406,197.2838134765625,280.2483825683594,72.96057891845703,358.7900085449219,22.97469711303711,40.699337005615234,134.4820098876953,456.91259765625,233.65380859375,73.25736999511719
2022-03-10,155.61148071289062,146.8175048828125,198.1264190673828,148.52317810058594,131.4486541748047,131.5223846435547,301.337646484375,290.9665222167969,120.0096664428711,51.727638244628906,194.0139617919922,277.421630859375,72.81523895263672,356.7699890136719,22.619312286376953,41.07502746582031,135.01824951171875,462.43621826171875,239.16192626953125,75.53144836425781
2022-03-11,151.89100646972656,145.52450561523438,200.97032165527344,148.5927276611328,129.58963012695312,128.9809112548828,298.688720703125,289.9140930175781,117.30658721923828,51.763389587402344,186.4605255126953,272.05950927734375,72.0340347290039,340.32000732421875,22.062253952026367,41.96832275390625,132.11373901367188,455.7165222167969,240.8843994140625,75.14210510253906
2022-03-14,147.85638427734375,141.85299682617188,201.5409698486328,144.95834350585938,126.91425323486328,125.0882568359375,296.84356689453125,291.3507995605469,118.47154998779297,52.71796798706055,185.48654174804688,268.5332946777344,72.01586151123047,331.010009765625,21.293575286865234,43.62134552001953,133.31129455566406,460.48260498046875,237.32899475097656,72.4521484375
2022-03-15,152.24440002441406,147.3665008544922,202.49514770507812,137.6199951171875,131.9994659423828,128.31300354003906,300.6617126464844,300.6673278808594,120.5739517211914,53.6905517578125,190.8534393310547,278.93701171875,74.46847534179688,343.75,22.93377113342285,43.58794403076172,135.69741821289062,469.9107666015625,239.6040802001953,68.3287124633789
2022-03-16,156.6618194580078,153.10400390625,202.13966369628906,137.1243896484375,135.8748779296875,132.3675537109375,311.2574157714844,302.83612060546875,125.96189880371094,53.54646682739258,202.3823699951172,285.969970703125,74.94990539550781,357.5299987792969,24.45416831970215,44.180694580078125,138.13714599609375,470.2410888671875,243.30690002441406,68.07209014892578
2022-03-17,157.6729278564453,157.23899841308594,207.3970947265625,139.498046875,137.18304443359375,132.92222595214844,313.5500183105469,307.82379150390625,127.55463409423828,54.113807678222656,206.56658935546875,286.7762451171875,75.11341857910156,371.3999938964844,24.723705291748047,45.282711029052734,140.72421264648438,478.50848388671875,242.76344299316406,69.88606262207031
2022-03-18,160.97128295898438,161.25050354003906,206.65805053710938,140.61965942382812,137.9994354248047,135.1930694580078,315.4774169921875,311.83221435546875,127.50914764404297,54.1228141784668,215.16355895996094,291.8371887207031,74.8227310180664,380.6000061035156,26.40782356262207,45.50812530517578,143.8682098388672,477.6591491699219,240.7001953125,69.61174774169922
2022-03-21,162.3456268310547,161.4915008544922,209.27745056152344,143.1498260498047,136.3470001220703,135.16921997070312,309.6497497558594,301.4267883300781,127.09955596923828,54.555076599121094,210.1942138671875,290.60345458984375,74.30496978759766,374.5899963378906,26.68834114074707,45.24097442626953,142.75433349609375,479.11248779296875,243.6385040283203,72.73528289794922
2022-03-22,165.7224884033203,164.88900756835938,208.34193420410156,142.671630859375,137.8125457763672,138.90992736816406,313.3125915527344,301.7563171386719,129.80264282226562,54.75320053100586,215.3225860595703,295.3633117675781,75.25875091552734,382.9200134277344,26.47870445251465,44.280887603759766,142.52972412109375,476.9040832519531,244.88192749023438,72.416748046875
2022-03-23,167.0869903564453,163.4080047607422,207.83677673339844,144.2105712890625,135.38304138183594,137.3283233642578,306.55328369140625,290.1519470214844,127.21786499023438,54.39297866821289,212.15213012695312,290.92413330078125,75.00440216064453,374.489990234375,25.59022331237793,43.571250915527344,141.2362518310547,474.9316101074219,246.558349609375,73.55821228027344
2022-03-24,170.87619018554688,163.64950561523438,207.87417602539062,144.5931396484375,136.68142700195312,140.60226440429688,307.11962890625,288.9898376464844,128.04608154296875,54.91530227661133,218.22470092773438,295.4022521972656,76.03086853027344,375.7099914550781,28.101930618286133,43.90519714355469,140.03253173828125,484.58642578125,248.8887481689453,73.7794189453125
2022-03-25,171.5142364501953,164.77349853515625,208.9499969482422,147.21026611328125,136.8584747314453,140.70257568359375,308.2704772949219,284.32244873046875,129.16558837890625,55.41059494018555,220.4609375,294.9942321777344,76.2488784790039,373.8500061035156,27.64470863342285,44.063819885253906,141.32608032226562,484.1805419921875,251.80857849121094,75.3898696899414
2022-03-28,172.37808227539062,168.99049377441406,207.53744506835938,144.63661193847656,136.4453582763672,140.48655700683594,306.2701416015625,287.61700439453125,128.20989990234375,55.76181411743164,222.22007751464844,301.8134460449219,76.69398498535156,378.510009765625,28.170808792114258,44.48123550415039,144.0388641357422,484.3410339355469,253.6139373779297,73.27503967285156
2022-03-29,175.67642211914062,169.31500244140625,206.7796630859375,142.87158203125,140.0453338623047,141.52935791015625,310.25262451171875,290.75604248046875,128.49205017089844,55.977943420410156,228.45167541503906,306.38873291015625,76.86658477783203,391.82000732421875,28.607065200805664,44.03042984008789,147.9463653564453,482.0099182128906,252.0204315185547,72.88572692871094
2022-03-30,174.50830078125,166.30099487304688,208.68809509277344,143.8802032470703,138.64865112304688,140.96624755859375,306.5350341796875,282.290771484375,127.90959930419922,56.02297592163086,226.45399475097656,304.8830871582031,77.66593933105469,381.4700012207031,27.642715454101562,43.77996063232422,147.44334411621094,491.5325012207031,254.85739135742188,74.13336944580078
2022-03-31,171.40626525878906,162.99749755859375,208.44485473632812,141.57611083984375,134.9109344482422,138.1149139404297,301.52032470703125,273.935302734375,124.06885528564453,55.8338508605957,220.99761962890625,299.4918212890625,76.94832611083984,374.5899963378906,27.239398956298828,43.220611572265625,145.05392456054688,481.2926330566406,251.65199279785156,73.08039093017578
2022-04-01,171.1117706298828,163.55999755859375,205.59161376953125,142.78463745117188,134.7535400390625,139.1904754638672,301.62994384765625,276.2781982421875,123.14958953857422,56.61732864379883,223.47235107421875,300.57012939453125,77.85669708251953,373.4700012207031,26.6663818359375,43.05364227294922,148.9344940185547,483.7653503417969,239.447509765625,73.54936981201172
2022-04-04,175.16600036621094,168.34649658203125,206.5645294189453,142.91506958007812,136.3076629638672,141.99217224121094,299.7939453125,279.6551208496094,123.69569396972656,56.32014465332031,232.45697021484375,305.9613037109375,77.77494049072266,391.5,27.313276290893555,42.527679443359375,147.1199493408203,481.3398132324219,237.40267944335938,73.58477020263672
2022-04-05,171.84800720214844,164.05499267578125,202.0835723876953,142.03689575195312,133.3961944580078,139.62799072265625,295.91192626953125,278.9961242675781,122.25619506835938,56.25711441040039,230.41952514648438,301.9883117675781,78.4198989868164,380.1499938964844,25.8867130279541,42.778141021728516,149.36563110351562,488.64459228515625,232.2169189453125,73.20427703857422
2022-04-06,168.67724609375,158.75599670410156,202.26126098632812,143.29762268066406,130.39620971679688,135.61268615722656,288.8785400390625,273.2124328613281,120.55996704101562,56.82445526123047,221.93186950683594,290.93377685546875,78.56522369384766,368.3500061035156,24.365318298339844,44.138954162597656,152.80606079101562,501.8478088378906,223.76126098632812,74.01834106445312
2022-04-07,168.98155212402344,157.7845001220703,201.9712677001953,145.28871154785156,129.70767211914062,134.9576873779297,286.95123291015625,277.0651550292969,120.1932144165039,57.130638122558594,221.583984375,292.75030517578125,79.10116577148438,362.1499938964844,24.166658401489258,46.050777435302734,151.65626525878906,506.7554626464844,225.53900146484375,75.25715637207031
2022-04-08,166.96917724609375,154.4604949951172,203.0283966064453,147.7493133544922,129.70767211914062,132.37449645996094,293.564453125,284.7159118652344,122.39372253417969,57.48185348510742,220.96780395507812,288.4761047363281,78.2018814086914,355.8800048828125,23.079519271850586,46.05912399291992,151.49456787109375,515.2587890625,222.88624572753906,76.84102630615234
2022-04-11,162.7088165283203,151.1219940185547,202.11160278320312,143.9497528076172,128.50767517089844,127.94107818603516,292.9889221191406,280.69842529296875,121.94442749023438,57.463844299316406,215.13377380371094,277.1010437011719,76.83023071289062,348.0,21.879573822021484,45.02391052246094,148.87159729003906,507.21783447265625,223.92706298828125,74.19530487060547
2022-04-12,164.5837860107422,150.78750610351562,202.71969604492188,146.9494171142578,128.69454956054688,126.83967590332031,292.0937805175781,280.30487060546875,120.60580444335938,58.139244079589844,212.82797241210938,273.99261474609375,76.20346069335938,344.1000061035156,21.467273712158203,44.339324951171875,148.51229858398438,503.6976013183594,225.72320556640625,75.74382019042969
2022-04-13,167.2735137939453,155.54100036621094,204.18838500976562,149.2622528076172,130.17982482910156,129.00425720214844,294.0942077636719,284.08447265625,116.71826934814453,58.29235076904297,213.67276000976562,279.3935546875,75.89460754394531,350.42999267578125,22.165082931518555,44.33096694946289,148.21585083007812,506.802734375,225.32713317871094,76.81448364257812
2022-04-14,162.2572784423828,151.7064971923828,213.1129150390625,149.1926727294922,128.33062744140625,125.86192321777344,293.79278564453125,278.6850280761719,115.6363525390625,58.55350112915039,208.8922119140625,271.826416015625,75.22241973876953,341.1300048828125,21.221694946289062,44.34767150878906,146.14979553222656,504.7451171875,226.7824249267578,77.717041015625
2022-04-18,162.04129028320312,152.78500366210938,215.0867919921875,151.19244384765625,125.67491149902344,126.80193328857422,301.31939697265625,274.74066162109375,117.78184509277344,58.03118896484375,209.47860717773438,272.49664306640625,74.22321319580078,337.8599853515625,21.74580192565918,43.279052734375,146.41929626464844,504.0469665527344,223.01519775390625,78.3541488647461
2022-04-19,164.32852172851562,158.11549377441406,217.1822967529297,149.40133666992188,129.73716735839844,129.11846923828125,306.8638610839844,281.686767578125,120.22074890136719,58.598533630371094,215.9785614013672,277.1398620605469,74.33221435546875,348.6099853515625,22.16008949279785,41.893192291259766,152.31201171875,507.4632263183594,226.23899841308594,77.65509033203125
2022-04-20,164.1616668701172,153.9980010986328,219.9138641357422,150.0099639892578,122.52737426757812,127.16293334960938,311.531494140625,288.40411376953125,120.64252471923828,59.40001678466797,199.19203186035156,278.1696472167969,74.0415267944336,226.19000244140625,21.445314407348633,41.53419494628906,155.10562133789062,515.3059692382812,227.5746307373047,77.83208465576172
2022-04-21,163.36651611328125,148.29600524902344,217.56582641601562,143.09767150878906,119.66510009765625,123.95954132080078,305.356689453125,284.0295715332031,119.70729064941406,59.625152587890625,186.91770935058594,272.7783203125,69.19989013671875,218.22000122070312,20.148536682128906,40.99988555908203,153.40789794921875,507.21783447265625,225.11524963378906,77.0091552734375
2022-04-22,158.82147216796875,144.35000610351562,203.3158721923828,139.94149780273438,116.33068084716797,118.81602478027344,292.0846862792969,274.649169921875,116.26899719238281,58.7606201171875,182.98196411132812,266.19232177734375,67.1742172241211,215.52000427246094,19.48167610168457,40.18172836303711,151.56640625,491.645751953125,215.81224060058594,75.32792663574219
2022-04-25,159.8914794921875,146.07400512695312,203.69186401367188,136.93312072753906,117.9831314086914,122.23095703125,293.5919189453125,279.0694580078125,116.23233795166016,59.38200759887695,185.84432983398438,272.69097900390625,67.25598907470703,209.91000366210938,19.86801528930664,40.86631393432617,150.6681365966797,494.7884826660156,217.7649688720703,72.78839111328125
2022-04-26,153.92303466796875,139.39100646972656,197.67604064941406,136.0984344482422,113.87167358398438,117.83727264404297,286.01043701171875,274.511962890625,112.7940444946289,58.58052444458008,179.84133911132812,262.4913024902344,66.82905578613281,198.39999389648438,18.75591278076172,40.933101654052734,148.7817840576172,484.888427734375,215.15826416015625,72.81493377685547
2022-04-27,153.69728088378906,138.16700744628906,201.11631774902344,135.8462677001953,113.32086944580078,113.51158905029297,286.1108703613281,276.01275634765625,111.3270263671875,59.039794921875,173.8780975341797,275.1194763183594,66.55653381347656,188.5399932861328,18.3835506439209,41.52585220336914,150.6142578125,484.9166564941406,218.10574340820312,74.89433288574219
2022-04-28,160.6375274658203,144.59649658203125,199.68756103515625,140.6718292236328,113.39955139160156,117.71063995361328,290.8424377441406,285.3107604980469,113.08744049072266,59.60715103149414,204.46949768066406,281.34613037109375,66.7563705444336,199.52000427246094,19.748214721679688,42.16868591308594,155.4110565185547,494.92999267578125,220.37168884277344,77.15958404541016
2022-04-29,154.75743103027344,124.28150177001953,197.901611328125,136.2201690673828,109.799560546875,113.3278579711914,279.041015625,274.91461181640625,109.43827056884766,58.18427658081055,199.2417449951172,269.5824279785156,64.51268005371094,190.36000061035156,18.51532745361328,40.966495513916016,143.98492431640625,479.95245361328125,215.8030242919922,75.4341049194336
2022-05-02,155.061767578125,124.5,199.33981323242188,138.89810180664062,111.6388931274414,115.784423828125,283.54412841796875,280.92718505859375,110.43767547607422,57.130638122558594,209.83642578125,276.3337097167969,63.46806716918945,199.4600067138672,19.499645233154297,40.35704803466797,137.55328369140625,472.9685363769531,214.49505615234375,76.4605484008789
2022-05-03,156.55386352539062,124.25350189208984,200.7967529296875,141.280517578125,111.68807983398438,116.53028106689453,287.4170837402344,279.0877380371094,112.80322265625,56.80644226074219,210.7309112548828,273.7206115722656,64.2765121459961,199.8699951171875,19.568525314331055,41.15016174316406,136.86160278320312,471.52459716796875,213.7858428955078,78.03558349609375
2022-05-04,162.973876953125,125.92849731445312,209.228271484375,145.7147979736328,114.2847900390625,121.42353820800781,296.0489196777344,288.55963134765625,116.5348892211914,58.562503814697266,222.0411834716797,281.68603515625,66.36578369140625,204.00999450683594,20.299272537231445,41.45906448364258,136.7897491455078,479.07476806640625,218.38209533691406,81.14143371582031
2022-05-05,153.89358520507812,116.40699768066406,202.96807861328125,144.558349609375,110.76349639892578,115.70745849609375,285.9648132324219,273.7339782714844,113.61923217773438,58.09423065185547,207.00387573242188,269.41729736328125,65.25756072998047,188.32000732421875,18.81182098388672,40.44887924194336,130.23233032226562,466.9001770019531,213.2147674560547,79.9114761352539
2022-05-06,154.62107849121094,114.77249908447266,201.76490783691406,148.41014099121094,108.48153686523438,114.95365905761719,285.86431884765625,269.3412780761719,113.43585968017578,58.30135726928711,202.52149963378906,266.8722839355469,65.82982635498047,180.97000122070312,18.64310646057129,40.941444396972656,126.54938507080078,471.52459716796875,211.473876953125,81.13259887695312
2022-05-09,149.4893341064453,108.78900146484375,193.90675354003906,138.46337890625,105.2258071899414,111.74031829833984,282.1466064453125,271.8305358886719,111.73046875,58.18427658081055,195.00784301757812,257.0125427246094,64.2311019897461,173.10000610351562,16.921052932739258,40.607505798339844,118.90502166748047,459.06695556640625,207.47634887695312,74.73507690429688
2022-05-10,151.89788818359375,108.85900115966797,190.80484008789062,139.79368591308594,105.91433715820312,113.61140441894531,278.6482849121094,266.45849609375,109.0073471069336,57.643951416015625,196.4390106201172,261.79180908203125,63.577064514160156,177.66000366210938,17.564950942993164,41.317134857177734,112.65302276611328,460.5675048828125,205.03543090820312,75.23058319091797
2022-05-11,144.0233154296875,105.37200164794922,192.89154052734375,141.863037109375,103.48483276367188,112.8243408203125,275.4421081542969,258.9541320800781,108.31969451904297,57.91411590576172,187.5836181640625,253.0978546142578,63.767822265625,166.3699951171875,16.601600646972656,41.28373336791992,111.15291595458984,458.8121032714844,206.21444702148438,76.79679107666016
2022-05-12,140.14990234375,106.93049621582031,190.84242248535156,143.21072387695312,102.59959411621094,112.07103729248047,273.4873962402344,265.1132507324219,108.22798919677734,58.09423065185547,190.0683135986328,248.04653930664062,62.2326774597168,174.30999755859375,16.14737319946289,42.41156768798828,111.32357788085938,451.8754577636719,208.1027069091797,77.14541625976562
2022-05-13,144.6229705810547,113.05500030517578,192.06439208984375,145.95822143554688,105.57007598876953,115.25556945800781,280.4111633300781,270.9153137207031,109.19071960449219,59.183895111083984,197.40306091308594,253.65151977539062,63.404476165771484,187.63999938964844,17.675764083862305,42.015995025634766,115.29397583007812,458.104248046875,212.55157470703125,79.43385314941406
2022-05-16,143.0795440673828,110.81050109863281,194.75271606445312,150.42730712890625,103.455322265625,113.66107177734375,277.1685485839844,270.87872314453125,108.4297103881836,59.40001678466797,198.81436157226562,254.0206298828125,63.69516372680664,186.50999450683594,17.234516143798828,42.647239685058594,112.50930786132812,461.70953369140625,209.9080352783203,81.30215454101562
2022-05-17,146.71702575683594,115.36849975585938,200.29856872558594,151.31417846679688,106.85858917236328,115.67517852783203,285.8734436035156,275.41790771484375,112.02386474609375,59.237918853759766,201.37855529785156,259.1884765625,65.42106628417969,190.55999755859375,18.145957946777344,43.211151123046875,113.09317779541016,464.8332824707031,213.8687286376953,82.339111328125
2022-05-18,138.43934631347656,107.11250305175781,195.4576873779297,147.3255157470703,102.58975982666016,111.13301849365234,280.1737060546875,260.9858703613281,110.10758209228516,55.11341857910156,191.0621795654297,247.38772583007812,64.49453735351562,177.19000244140625,16.909074783325195,42.41999816894531,107.37114715576172,444.8726501464844,207.23687744140625,81.03398895263672
2022-05-19,135.0279998779297,107.31900024414062,194.3485107421875,146.2736053466797,101.44878387451172,109.62789154052734,281.51641845703125,263.3468933105469,108.47555541992188,54.03276062011719,190.11798095703125,246.47251892089844,64.00401306152344,183.47999572753906,17.094758987426758,42.63040542602539,107.54182434082031,451.63946533203125,199.41676330566406,81.47200012207031
2022-05-20,135.26394653320312,107.59100341796875,185.9451904296875,147.11514282226562,100.7405776977539,108.16200256347656,280.2375793457031,262.8252868652344,107.586181640625,54.91530227661133,192.3541717529297,245.90777587890625,64.6943588256836,186.35000610351562,16.665491104125977,44.16224670410156,107.54182434082031,458.4157409667969,196.72720336914062,82.1156234741211
2022-05-23,140.69064331054688,107.55699920654297,191.89520263671875,150.5339813232422,104.09467315673828,110.72431945800781,289.1982421875,261.7637634277344,114.24270629882812,56.60832595825195,195.02769470214844,253.78466796875,65.90251159667969,187.44000244140625,16.869142532348633,44.507320404052734,108.22454071044922,464.4086608886719,199.77601623535156,83.93028259277344
2022-05-24,137.98712158203125,104.0999984741211,193.30517578125,151.34046936035156,99.9241943359375,105.2441177368164,286.7685546875,263.4933166503906,115.8564224243164,57.6529541015625,180.1693115234375,252.78179931640625,67.82825469970703,180.33999633789062,16.12641143798828,44.95341491699219,107.8652114868164,469.5804443359375,199.960205078125,84.38619232177734
2022-05-25,138.1444091796875,106.7750015258789,196.7454833984375,153.76876831054688,101.56681060791016,105.08025360107422,287.63629150390625,268.66400146484375,116.66326141357422,57.69798278808594,182.70367431640625,255.60545349121094,67.93726348876953,187.8300018310547,16.94601058959961,45.20590591430664,107.8202896118164,470.0806884765625,200.26417541503906,86.08463287353516
2022-05-26,141.3492889404297,111.07749938964844,200.2045440673828,154.80313110351562,103.87826538085938,107.05413818359375,295.6104736328125,277.1200866699219,118.68038177490234,57.905113220214844,190.45590209960938,258.8963623046875,68.16436004638672,191.39999389648438,17.820514678955078,45.44157791137695,109.91329193115234,473.9879150390625,203.82879638671875,86.38855743408203
2022-05-27,147.1102294921875,115.14649963378906,204.10543823242188,156.28463745117188,107.52743530273438,111.54714965820312,300.1318664550781,282.290771484375,120.35826110839844,58.247314453125,193.93443298339844,266.04302978515625,70.73599243164062,195.19000244140625,18.778873443603516,45.374244689941406,114.31484985351562,478.5934143066406,206.1544189453125,87.23779296875
2022-05-31,146.3237762451172,120.20950317382812,202.8928985595703,153.1112518310547,108.62907409667969,112.98274993896484,300.380126953125,277.0651550292969,121.23846435546875,57.076602935791016,192.45358276367188,264.70916748046875,69.14642333984375,197.44000244140625,18.64011573791504,44.641990661621094,114.51245880126953,468.84429931640625,203.6342315673828,85.81645202636719
2022-06-01,146.19598388671875,121.68399810791016,204.50961303710938,154.56643676757812,107.39957427978516,113.11186218261719,295.78497314453125,273.694580078125,119.111328125,56.79743576049805,187.48422241210938,265.2447204589844,69.58492279052734,192.91000366210938,18.288713455200195,44.07807540893555,113.05725860595703,464.8521728515625,205.0610809326172,87.46126556396484
2022-06-02,148.6536865234375,125.51100158691406,206.7937774658203,154.28590393066406,109.0520248413086,116.81680297851562,297.9906311035156,281.6883850097656,121.02757263183594,57.39179992675781,197.64158630371094,267.34771728515625,71.73175048828125,205.08999633789062,19.55854034423828,44.338993072509766,116.36290740966797,464.5785217285156,208.8321075439453,87.30931091308594
2022-06-03,142.92225646972656,122.3499984741211,209.5196533203125,155.68850708007812,106.88809967041016,113.75640869140625,292.8717041015625,280.9608154296875,119.34056091308594,56.70738220214844,189.61109924316406,262.90789794921875,71.8870620727539,198.97999572753906,18.688030242919922,44.77665328979492,114.602294921875,458.3024597167969,207.54420471191406,88.57867431640625
2022-06-06,143.6693878173828,124.79000091552734,210.2058868408203,155.01351928710938,106.06187438964844,116.02030944824219,294.553466796875,279.8648986816406,118.94627380371094,56.61732864379883,193.0598602294922,261.6713562011719,73.25739288330078,197.13999938964844,18.753915786743164,44.827152252197266,114.86280822753906,462.6154479980469,208.62826538085938,88.35517120361328
2022-06-07,146.19598388671875,123.0,213.467529296875,157.96774291992188,106.02252960205078,116.34703826904297,295.4725036621094,277.9125061035156,119.258056640625,56.959537506103516,194.45126342773438,265.32257080078125,72.88282775878906,198.61000061035156,18.8936824798584,45.416324615478516,116.48867797851562,469.1463317871094,211.94528198242188,92.40467834472656
2022-06-08,145.4586639404297,121.18000030517578,216.00547790527344,158.7830047607422,105.57990264892578,116.39124298095703,289.19561767578125,274.0076599121094,117.36007690429688,56.635337829589844,195.4352264404297,263.28759765625,71.70435333251953,202.8300018310547,18.620086669921875,45.003910064697266,112.07814025878906,465.777099609375,205.39463806152344,93.4952392578125
2022-06-09,140.22857666015625,116.1500015258789,210.24342346191406,155.618408203125,101.60615539550781,114.04888916015625,279.582763671875,276.1534118652344,114.8936767578125,55.65374755859375,182.87266540527344,257.815673828125,70.65377807617188,192.77000427246094,18.02098846435547,43.58149719238281,109.74261474609375,461.90765380859375,200.8638916015625,91.47498321533203
2022-06-10,134.81173706054688,109.6500015258789,202.26307678222656,153.75994873046875,97.77010345458984,110.40005493164062,263.7756652832031,266.373046875,109.61248779296875,55.30253219604492,174.4943084716797,246.32644653320312,69.34740447998047,182.94000244140625,16.948596954345703,42.05807113647461,105.31409454345703,457.37762451171875,195.61044311523438,89.80333709716797
2022-06-13,129.65048217773438,103.66999816894531,194.46133422851562,146.6855926513672,94.14060974121094,105.6637191772461,260.3753356933594,260.7738037109375,106.3484115600586,55.2394905090332,163.25355529785156,235.87904357910156,66.14997863769531,169.69000244140625,15.62358283996582,40.324241638183594,97.40028381347656,443.28717041015625,192.7845001220703,85.68238067626953
2022-06-14,130.51559448242188,102.30999755859375,194.28273010253906,146.8784637451172,92.67504119873047,105.98451232910156,259.658447265625,256.63873291015625,104.5788345336914,53.7247200012207,162.72682189941406,238.0503387451172,65.3003921508789,167.5399932861328,15.812298774719238,40.33265686035156,99.40345001220703,435.7842102050781,193.1736602783203,85.90584564208984
2022-06-15,133.1404571533203,107.66999816894531,193.6341552734375,143.99435424804688,94.30781555175781,109.01262664794922,266.57867431640625,257.6149597167969,105.81661224365234,54.123817443847656,168.31240844726562,245.1288299560547,67.7761001586914,180.11000061035156,16.502267837524414,40.82924270629883,104.12615966796875,438.2191162109375,194.42446899414062,84.82421112060547
2022-06-16,127.8612289428711,103.66000366210938,183.0970916748047,136.29759216308594,92.73405456542969,105.30718231201172,261.9009094238281,251.8406219482422,104.0011978149414,53.579586029052734,159.88436889648438,238.5177001953125,64.7431411743164,173.35000610351562,15.577651023864746,39.96232604980469,101.1405258178711,431.9775085449219,192.89569091796875,81.69548034667969
2022-06-17,129.33587646484375,106.22000122070312,181.07611083984375,130.0735626220703,92.7930679321289,106.40958404541016,257.1312561035156,249.32650756835938,103.63446044921875,53.906124114990234,162.73678588867188,241.12709045410156,64.68830871582031,175.50999450683594,15.856231689453125,39.162742614746094,99.84675598144531,428.1605529785156,191.28350830078125,76.98452758789062
2022-06-21,133.572998046875,108.68000030517578,184.58221435546875,135.5174102783203,91.76028442382812,110.77993774414062,261.7446594238281,247.91738891601562,106.20171356201172,55.058082580566406,156.0877685546875,247.0567169189453,66.44232177734375,170.91000366210938,16.54120635986328,40.492576599121094,101.65621948242188,454.9265441894531,194.08164978027344,81.77593231201172
2022-06-22,133.06182861328125,108.94999694824219,176.5548553466797,129.62646484375,91.96685028076172,110.72383117675781,261.49652099609375,247.7147979736328,105.6057357788086,55.46625900268555,154.89511108398438,246.46275329589844,68.2328872680664,178.88999938964844,16.33551788330078,41.300575256347656,104.46092224121094,463.79168701171875,193.6368865966797,78.53993225097656
2022-06-23,135.93246459960938,112.44000244140625,167.94471740722656,124.85763549804688,92.75373077392578,111.47315216064453,262.99456787109375,253.64572143554688,104.45047760009766,56.12840270996094,157.77737426757812,252.0417938232422,70.52586364746094,181.7100067138672,16.200716018676758,42.15907287597656,106.97607421875,473.3861083984375,194.341064453125,76.17105102539062
2022-06-24,139.26515197753906,116.45999908447266,174.35536193847656,126.90897369384766,96.17666625976562,117.1668930053711,278.23175048828125,260.62640380859375,107.56786346435547,57.18058776855469,169.117431640625,260.6489562988281,71.27497100830078,190.85000610351562,17.10036849975586,43.42157745361328,110.91168212890625,469.43658447265625,199.92808532714844,77.68177795410156
2022-06-27,139.26515197753906,113.22000122070312,176.32923889160156,129.3634796142578,95.0258560180664,115.0400619506836,276.42132568359375,260.3409423828125,106.70598602294922,57.062660217285156,168.4515380859375,257.9129943847656,71.1562271118164,189.13999938964844,16.843751907348633,43.66565704345703,108.75840759277344,478.9268798828125,198.13986206054688,79.58583068847656
2022-06-28,135.11647033691406,107.4000015258789,176.18826293945312,131.4410858154297,94.34716033935547,111.24026489257812,275.23583984375,248.79229736328125,106.19253540039062,56.4912223815918,159.69552612304688,249.72454833984375,69.83157348632812,179.60000610351562,15.958080291748047,42.63882827758789,107.62748718261719,481.55987548828125,197.6858673095703,81.79380798339844
2022-06-29,136.87619018554688,108.91999816894531,172.46595764160156,128.84625244140625,94.08159637451172,110.93635559082031,278.7188720703125,252.2182159423828,105.71575927734375,56.89939498901367,162.935546875,253.40496826171875,69.42961120605469,178.36000061035156,15.51873779296875,42.87449264526367,107.03942108154297,488.4455261230469,197.49127197265625,78.7723617553711
2022-06-30,134.40867614746094,106.20999908447266,168.02932739257812,126.91771697998047,92.85208892822266,108.21661376953125,272.96575927734375,252.5865936279297,103.24935913085938,57.062660217285156,160.26202392578125,250.06527709960938,70.7634048461914,174.8699951171875,15.136312484741211,44.128570556640625,106.4422836303711,486.47552490234375,197.61175537109375,76.5554428100586
2022-07-01,136.58128356933594,109.55999755859375,167.58753967285156,128.43426513671875,94.56355285644531,107.99266815185547,274.996826171875,257.016357421875,104.56966400146484,58.396034240722656,159.04949951171875,252.74285888671875,73.59539031982422,179.9499969482422,14.501262664794922,44.0275764465332,108.59555053710938,490.04620361328125,199.4462890625,78.26282501220703
2022-07-05,139.16680908203125,113.5,163.32943725585938,125.05925750732422,95.58650970458984,112.48716735839844,273.1312561035156,261.29876708984375,104.17192077636719,57.398277282714844,167.15951538085938,255.92669677734375,72.27074432373047,185.8800048828125,14.941603660583496,43.46365737915039,109.8621826171875,478.529052734375,194.73023986816406,75.81348419189453
2022-07-06,140.5038299560547,114.33000183105469,161.9665069580078,123.41120910644531,94.5045394897461,113.78720092773438,269.9698486328125,261.1605224609375,103.49668884277344,57.51619338989258,168.72984313964844,259.1982116699219,72.69097900390625,184.05999755859375,15.107355117797852,44.397911071777344,109.88932037353516,488.0476989746094,194.3132781982422,74.4457778930664
2022-07-07,143.87586975097656,116.33000183105469,169.45809936523438,125.81316375732422,95.8323974609375,117.96935272216797,274.41790771484375,264.0246887207031,106.11439514160156,57.062660217285156,171.135009765625,261.3305969238281,73.43096923828125,189.27000427246094,15.834263801574707,44.96181869506836,110.89358520507812,487.18585205078125,197.009521484375,76.8236083984375
2022-07-08,144.5541534423828,115.54000091552734,168.34890747070312,125.15570831298828,94.28814697265625,118.53594970703125,272.4603271484375,263.8221130371094,105.78138732910156,57.27129364013672,169.83302307128906,260.61004638671875,73.31219482421875,186.97999572753906,15.81429672241211,44.751407623291016,109.9979019165039,491.21112060546875,194.2947540283203,76.94877624511719
2022-07-11,142.42086791992188,111.75,164.5138397216797,124.0511245727539,92.10455322265625,114.8841323852539,269.436767578125,263.7484436035156,104.3939208984375,57.089881896972656,161.88204956054688,257.5429992675781,73.70503234863281,177.33999633789062,15.129322052001953,44.515743255615234,110.17884063720703,489.6199951171875,194.45223999023438,76.5554428100586
2022-07-12,143.39418029785156,109.22000122070312,164.0156707763672,121.78069305419922,92.0652084350586,113.23947143554688,268.8395080566406,262.5787658691406,104.49567413330078,56.84497833251953,162.26966857910156,246.98854064941406,73.03813171386719,174.4499969482422,15.059425354003906,43.80032730102539,109.3917236328125,487.22369384765625,191.329833984375,75.5363540649414
2022-07-13,143.0303955078125,110.4000015258789,163.43287658691406,120.96543884277344,91.4160385131836,110.59073638916016,266.6521911621094,264.4759826660156,103.51519775390625,56.58192825317383,162.48831176757812,246.0635528564453,73.32133483886719,176.55999755859375,15.141301155090332,43.58990478515625,109.25601959228516,474.74053955078125,191.52439880371094,75.84030151367188
2022-07-14,145.96002197265625,110.62999725341797,159.73880004882812,119.16835021972656,90.33406066894531,109.61149597167969,258.785400390625,266.5941162109375,99.89848327636719,56.400516510009766,157.08164978027344,247.38772583007812,73.20256805419922,174.77999877929688,15.348991394042969,43.25324249267578,106.87654876708984,475.8675842285156,190.4217987060547,74.32063293457031
2022-07-15,147.6312713623047,113.55000305175781,162.97227478027344,120.66737365722656,93.63896942138672,111.0118408203125,270.0709533691406,269.2924499511719,104.47716522216797,56.69077682495117,163.69090270996094,249.95819091796875,71.90531158447266,189.11000061035156,15.738409042358398,43.55624008178711,109.4822006225586,501.74322509765625,193.7666015625,75.5721206665039
2022-07-18,144.58367919921875,113.76000213623047,163.07568359375,122.35926055908203,94.13076782226562,108.28314971923828,276.8624267578125,269.8818054199219,103.40418243408203,55.919776916503906,166.20538330078125,247.5532684326172,70.80906677246094,190.9199981689453,16.076902389526367,42.714569091796875,107.8446273803711,491.912109375,194.7765350341797,76.96664428710938
2022-07-19,148.44725036621094,118.20999908447266,169.89059448242188,126.76866149902344,97.9766616821289,113.0304183959961,292.292724609375,276.1258239746094,105.9664077758789,56.717994689941406,174.70301818847656,252.69418334960938,72.10630798339844,201.6300048828125,16.966569900512695,43.236412048339844,113.19161224365234,505.2476806640625,200.96580505371094,78.90644836425781
2022-07-20,150.45274353027344,122.7699966430664,170.34494018554688,128.4430389404297,101.65532684326172,113.11980438232422,295.41741943359375,278.4005432128906,105.9478988647461,55.783721923828125,181.96820068359375,255.3619384765625,71.5490493774414,216.44000244140625,17.780345916748047,42.77349090576172,112.70307159423828,492.00677490234375,198.69581604003906,79.7735366821289
2022-07-21,152.72369384765625,124.62999725341797,171.31039428710938,127.46121215820312,102.47171783447266,113.5567855834961,300.09515380859375,280.88714599609375,106.66939544677734,55.65673828125,182.04771423339844,257.8642883300781,72.05149841308594,223.8800048828125,18.02298355102539,43.02599334716797,113.70732116699219,494.8387451171875,196.33311462402344,78.44160461425781
2022-07-22,151.4849853515625,122.41999816894531,169.06712341308594,126.40052032470703,101.0356674194336,107.16089630126953,297.696533203125,282.35137939453125,106.15139770507812,55.865360260009766,168.23291015625,253.50230407714844,73.31219482421875,220.44000244140625,17.293079376220703,43.11857223510742,114.81111145019531,493.8440856933594,197.72291564941406,77.84266662597656
2022-07-25,150.3642578125,121.13999938964844,172.0865478515625,130.16122436523438,101.00615692138672,106.7735824584961,297.87115478515625,281.9462585449219,106.57689666748047,56.40959548950195,165.62893676757812,252.0126190185547,73.97908782958984,218.50999450683594,16.998517990112305,43.57307815551758,115.36299896240234,501.47802734375,201.3920135498047,80.43505096435547
2022-07-26,149.03709411621094,114.80999755859375,171.53753662109375,129.1443328857422,98.14386749267578,104.30062103271484,292.7522277832031,274.6063232421875,104.91190338134766,57.33478546142578,158.17489624023438,245.26513671875,73.0015869140625,213.91000366210938,16.508255004882812,44.01915740966797,115.43536376953125,503.4859619140625,200.1041259765625,80.1221694946289
2022-07-27,154.1393585205078,120.97000122070312,175.34254455566406,130.84498596191406,101.8028793334961,112.28556823730469,298.25714111328125,275.2785339355469,106.59536743164062,57.15336990356445,168.54100036621094,261.6615905761719,73.43096923828125,226.75,17.76337432861328,43.72458267211914,115.25442504882812,506.3464660644531,203.73614501953125,81.85637664794922
2022-07-28,154.6898956298828,122.27999877929688,177.79403686523438,131.83558654785156,103.17991638183594,113.43761444091797,302.4570007324219,275.9416809082031,106.1976318359375,58.105777740478516,159.7352752685547,269.129638671875,77.2313003540039,226.02000427246094,17.95708465576172,43.02056884765625,119.78715515136719,512.862548828125,207.30332946777344,82.81288146972656
2022-07-29,159.7626495361328,134.9499969482422,187.64727783203125,143.57357788085938,104.36023712158203,115.5232162475586,306.39044189453125,277.14813232421875,106.70639038085938,58.20555114746094,158.12521362304688,273.3454895019531,77.18563079833984,224.89999389648438,18.135812759399414,42.842445373535156,119.9319076538086,513.6676635742188,210.60179138183594,86.6478042602539
2022-08-01,158.77955627441406,135.38999938964844,184.43862915039062,140.70703125,104.47827911376953,114.0732192993164,305.1865234375,281.6423034667969,105.64264678955078,58.52302169799805,158.95010375976562,270.6873779296875,77.93474578857422,226.2100067138672,18.41339683532715,42.92726516723633,118.50243377685547,507.0755920410156,210.39797973632812,84.45770263671875
2022-08-02,157.30491638183594,134.16000366210938,173.69561767578125,139.5060577392578,102.99303436279297,114.34137725830078,301.3266296386719,276.936279296875,103.99617004394531,57.724822998046875,159.20852661132812,267.5814514160156,78.26361846923828,221.4199981689453,18.498271942138672,42.14692687988281,117.0457992553711,507.1513671875,206.1544189453125,84.09119415283203
2022-08-03,163.3214569091797,139.52000427246094,173.08984375,136.1923828125,107.23235321044922,117.27117919921875,306.188232421875,282.1488342285156,105.08766174316406,57.97878646850586,167.76576232910156,275.0299987792969,78.9853286743164,226.72999572753906,18.864721298217773,42.2911262512207,118.26718139648438,512.0670776367188,209.0544891357422,81.3647232055664
2022-08-04,163.0068817138672,142.57000732421875,173.81866455078125,132.4930419921875,106.34711456298828,117.38042449951172,304.99346923828125,282.8855285644531,103.93142700195312,57.75202560424805,169.52491760253906,276.1788635253906,80.3739242553711,229.91000366210938,19.186241149902344,42.2911262512207,118.29434204101562,505.53179931640625,210.6481170654297,77.9410171508789
2022-08-05,162.7804412841797,140.8000030517578,175.47506713867188,134.68460083007812,104.88154602050781,116.66535186767578,307.5667724609375,285.2063293457031,107.07637786865234,57.488990783691406,166.08612060546875,275.4584045410156,80.3739242553711,226.77999877929688,18.960580825805664,41.790687561035156,118.87337493896484,506.7724304199219,211.82479858398438,79.06734466552734
2022-08-08,162.30787658691406,139.41000366210938,175.87257385253906,134.48300170898438,107.32089233398438,116.49652099609375,307.5758972167969,287.3060302734375,105.77213287353516,57.11709213256836,169.20687866210938,272.9366455078125,79.95368194580078,233.49000549316406,17.76637077331543,42.045143127441406,118.71955871582031,508.2311096191406,211.12063598632812,79.51429748535156
2022-08-09,162.3571014404297,137.8300018310547,176.08084106445312,136.2362060546875,106.35694122314453,115.83110046386719,309.3587951660156,281.0804748535156,106.72486877441406,57.18965148925781,167.49742126464844,274.8644104003906,81.23265075683594,229.94000244140625,17.060426712036133,42.2232666015625,120.239501953125,508.8562316894531,211.70437622070312,80.9803466796875
2022-08-10,166.60997009277344,142.69000244140625,180.52000427246094,136.59567260742188,110.58644104003906,118.88006591796875,319.7344970703125,286.9468688964844,109.50909423828125,57.733890533447266,177.24729919433594,281.5437316894531,82.01829528808594,244.11000061035156,18.069917678833008,42.367462158203125,121.60568237304688,509.2919616699219,218.44029235839844,81.74911499023438
2022-08-11,165.87167358398438,140.63999938964844,183.6245880126953,139.92681884765625,115.76020050048828,118.02596282958984,323.19921875,286.1272277832031,111.12782287597656,57.34385299682617,176.4025115966797,279.46014404296875,81.69857025146484,242.6999969482422,17.915143966674805,40.959449768066406,121.44280242919922,504.6888427734375,221.67388916015625,84.11393737792969
2022-08-12,169.42555236816406,143.5500030517578,186.31271362304688,140.12847900390625,119.57656860351562,120.84651184082031,325.1658630371094,289.99530029296875,112.9685287475586,57.77924346923828,179.3940887451172,284.2213439941406,82.64865112304688,249.3000030517578,18.680999755859375,42.50316619873047,124.16607666015625,514.9556884765625,222.3224639892578,84.84506225585938
2022-08-15,170.49859619140625,143.17999267578125,185.47030639648438,137.46351623535156,122.22247314453125,121.2437744140625,327.031494140625,289.73736572265625,113.2737808227539,58.50489044189453,179.7816925048828,285.740234375,83.13284301757812,249.11000061035156,19.003517150878906,42.197818756103516,125.197509765625,515.84619140625,220.6732177734375,83.32867431640625
2022-08-16,170.3411102294922,144.77999877929688,186.9563446044922,137.1128692626953,122.9109878540039,120.86637115478516,326.2228088378906,301.4978332519531,114.35602569580078,58.98561096191406,178.37039184570312,285.0002136230469,82.7034683227539,245.69000244140625,18.850744247436523,42.2911262512207,124.0484619140625,517.2477416992188,223.6196746826172,82.55242919921875
2022-08-17,171.83749389648438,142.10000610351562,185.45140075683594,138.2436981201172,120.7962417602539,118.73109436035156,325.09234619140625,300.00592041015625,113.3940200805664,58.84955978393555,173.7787322998047,284.24896240234375,82.4020004272461,241.14999389648438,18.30755615234375,41.790687561035156,124.30179595947266,516.18701171875,223.19342041015625,83.22038269042969
2022-08-18,171.4436798095703,142.3000030517578,186.79541015625,140.66746520996094,120.65853881835938,119.34684753417969,325.8092041015625,299.4993896484375,112.51530456542969,59.1579704284668,173.58987426757812,283.1268005371094,82.43853759765625,245.1699981689453,18.744903564453125,41.2054328918457,123.61419677734375,516.3953857421875,224.13851928710938,85.18804931640625
2022-08-19,168.85458374023438,138.22999572753906,185.13902282714844,139.49095153808594,118.1700210571289,116.40711975097656,320.984375,295.91693115234375,109.73109436035156,59.11260986328125,166.930908203125,279.2043762207031,81.95435333251953,241.16000366210938,17.82228660583496,41.68889617919922,121.30709838867188,519.3314819335938,220.9975128173828,84.91726684570312
2022-08-22,164.96595764160156,133.22000122070312,181.50436401367188,138.7921600341797,114.03888702392578,113.45747375488281,314.68914794921875,287.5271301269531,107.91812133789062,58.232765197753906,162.05099487304688,271.0082702636719,80.885498046875,226.5399932861328,17.008508682250977,41.47685623168945,118.46624755859375,515.77978515625,220.06173706054688,84.85408782958984
2022-08-23,164.6312255859375,133.6199951171875,186.6629180908203,143.2947235107422,112.97659301757812,113.08007049560547,312.6305236816406,282.6369323730469,106.85437774658203,58.29625701904297,160.12289428710938,269.7301330566406,80.3739242553711,224.5500030517578,17.155284881591797,40.721954345703125,116.22248840332031,507.4735107421875,220.18218994140625,88.45547485351562
2022-08-24,164.9265594482422,133.8000030517578,183.7760467529297,144.35621643066406,114.50118255615234,112.91124725341797,314.24798583984375,283.7512512207031,107.11337280273438,58.37789535522461,162.25970458984375,269.0959167480469,81.04080963134766,229.61000061035156,17.196218490600586,40.230003356933594,118.62907409667969,508.0985107421875,220.784423828125,88.97898864746094
2022-08-25,167.3876953125,137.27999877929688,188.24362182617188,145.62118530273438,115.53396606445312,115.85096740722656,318.42950439453125,285.2891845703125,109.6571044921875,58.65908432006836,167.74591064453125,272.08160400390625,81.6620101928711,233.97999572753906,17.886186599731445,40.62865447998047,120.13094329833984,512.9384765625,221.50714111328125,89.4393310546875
2022-08-26,161.07733154296875,130.75,181.6558380126953,144.5508270263672,112.1995620727539,109.58418273925781,309.1566467285156,274.53265380859375,106.0681381225586,57.24407958984375,160.7887725830078,261.5827941894531,80.44699096679688,223.27999877929688,16.23566246032715,39.71260070800781,116.12297821044922,501.269775390625,214.28013610839844,88.33814239501953
2022-08-29,158.87213134765625,129.7899932861328,181.52328491210938,145.63003540039062,111.66840362548828,108.67049407958984,306.8774719238281,272.89337158203125,105.80915832519531,56.89939498901367,158.1947479248047,258.7922668457031,79.88243865966797,224.57000732421875,15.777350425720215,39.212162017822266,115.16394805908203,501.76220703125,215.3363800048828,90.3690185546875
2022-08-30,156.44053649902344,128.72999572753906,176.94216918945312,142.0828094482422,110.58644104003906,108.19377899169922,306.6109619140625,269.9278564453125,105.82763671875,56.37331008911133,156.19708251953125,256.5870056152344,78.67071533203125,220.64999389648438,15.444849014282227,38.88984680175781,113.68018341064453,495.1986083984375,209.86705017089844,86.93006896972656
2022-08-31,154.77676391601562,126.7699966430664,174.83143615722656,139.81826782226562,110.24217987060547,107.47871398925781,308.03692626953125,267.3510437011719,105.19866180419922,55.974205017089844,161.93174743652344,255.12344360351562,78.08321380615234,223.55999755859375,15.07140827178955,38.36396789550781,112.64878845214844,491.8741760253906,209.1868438720703,86.28018951416016
2022-09-01,155.5052947998047,127.81999969482422,172.68284606933594,137.58908081054688,110.68479919433594,108.98829650878906,308.8055114746094,271.9394226074219,105.92015075683594,56.237247467041016,164.34683227539062,254.07945251464844,79.1847915649414,230.0399932861328,13.91614055633545,39.551448822021484,112.45879364013672,496.2973327636719,210.63107299804688,84.72771453857422
2022-09-02,153.38868713378906,127.51000213623047,171.15895080566406,139.6324920654297,109.37661743164062,107.11124420166016,306.9350891113281,270.5767822265625,105.18014526367188,55.46625900268555,159.33775329589844,249.8448028564453,78.12909698486328,226.11000061035156,13.626574516296387,38.76262283325195,110.27835083007812,489.0517578125,208.65574645996094,86.28018951416016
2022-09-06,152.1285858154297,126.11000061035156,170.99801635742188,138.98675537109375,108.2848129272461,106.078369140625,302.3145446777344,268.38922119140625,105.20790100097656,55.49346923828125,157.56861877441406,247.1029815673828,80.2037353515625,218.38999938964844,13.44484806060791,38.81351089477539,112.00642395019531,490.3114013671875,212.42001342773438,85.70252227783203
2022-09-07,153.53634643554688,129.47999572753906,171.1873321533203,137.208740234375,110.8421859741211,108.70027923583984,306.0831604003906,275.7398681640625,107.20588684082031,56.51844024658203,159.4073028564453,251.8255157470703,82.83832550048828,228.9600067138672,13.697543144226074,39.127349853515625,114.56681823730469,494.0999450683594,213.1747283935547,84.97142791748047
2022-09-08,152.0596923828125,129.82000732421875,173.35487365722656,137.95176696777344,110.48808288574219,107.63760375976562,310.5462646484375,277.9924621582031,109.70332336425781,56.34609603881836,161.06704711914062,252.24508666992188,82.8658676147461,227.44000244140625,13.973210334777832,39.933135986328125,115.72489166259766,499.62176513671875,214.6189422607422,85.66641998291016
2022-09-09,154.9244384765625,133.27000427246094,179.35580444335938,141.50782775878906,113.29135131835938,109.8920669555664,314.91680908203125,277.87188720703125,110.23057556152344,56.52750778198242,168.11361694335938,258.0408935546875,82.5262222290039,233.57000732421875,14.369735717773438,40.5777702331543,117.28103637695312,498.17755126953125,216.05386352539062,87.1015853881836
2022-09-12,160.8902587890625,136.4499969482422,182.11016845703125,143.745849609375,114.48150634765625,110.10062408447266,317.2131652832031,275.80474853515625,111.5348129272461,56.69077682495117,167.92478942871094,260.1777038574219,83.36156463623047,236.52999877929688,14.487593650817871,40.50990676879883,117.7967300415039,504.74273681640625,218.17820739746094,88.10346984863281
2022-09-13,151.44927978515625,126.81999969482422,174.45281982421875,141.01246643066406,109.92742919921875,103.60542297363281,304.0738525390625,257.6272888183594,107.65912628173828,54.849464416503906,152.19180297851562,245.8735809326172,81.57152557373047,218.1300048828125,13.115242004394531,39.17824172973633,113.16448211669922,488.31549072265625,210.84532165527344,86.04552459716797
2022-09-14,152.896484375,128.5500030517578,174.77464294433594,144.42697143554688,110.65530395507812,104.28076171875,303.02752685546875,256.1534423828125,107.40937042236328,55.139713287353516,150.5419464111328,246.0979766845703,81.58987426757812,224.1199951171875,13.112248420715332,39.144317626953125,110.24180603027344,484.3345642089844,203.07456970214844,88.15763092041016
2022-09-15,150.00213623046875,126.27999877929688,172.73016357421875,142.0828094482422,108.95365905761719,102.205078125,307.0646667480469,251.7041015625,109.02809143066406,54.39051055908203,148.63372802734375,239.42401123046875,78.95528411865234,235.3800048828125,12.913484573364258,38.966182708740234,105.81684112548828,496.81890869140625,203.45660400390625,85.59422302246094
2022-09-16,148.35809326171875,123.52999877929688,169.8716583251953,138.3940887451172,106.4749755859375,102.09583282470703,302.0552978515625,255.8104705810547,108.29736328125,54.3996467590332,145.39369201660156,238.79954528808594,77.83535766601562,240.1300048828125,13.182161331176758,39.04252243041992,103.49510192871094,495.02325439453125,197.5306854248047,84.13200378417969
2022-09-19,152.07931518554688,124.66000366210938,172.37046813964844,138.7921600341797,107.37989807128906,102.36398315429688,304.32391357421875,259.9354248046875,109.29635620117188,54.8108024597168,147.11309814453125,238.58489990234375,79.71720123291016,243.6300048828125,13.36594295501709,38.542091369628906,102.70297241210938,497.427001953125,201.44400024414062,84.12297058105469
2022-09-20,154.46173095703125,122.19000244140625,168.47084045410156,138.24368286132812,105.8061294555664,100.44720458984375,299.32373046875,254.14193725585938,107.14112854003906,54.72856140136719,145.19491577148438,236.56512451171875,78.66152954101562,242.85000610351562,13.160187721252441,37.97379684448242,101.00035858154297,496.7143859863281,198.71401977539062,83.43699645996094
2022-09-21,151.33116149902344,118.54000091552734,162.75387573242188,137.12026977539062,102.77664184570312,98.59994506835938,296.9624938964844,251.73196411132812,104.05168151855469,54.27173614501953,141.24925231933594,233.15008544921875,77.08261108398438,236.8699951171875,13.245087623596191,37.252830505371094,98.83341217041016,486.52935791015625,197.4281768798828,82.09210205078125
2022-09-22,150.3664093017578,117.30999755859375,161.42874145507812,137.0141143798828,100.48484802246094,99.45405578613281,289.7493591308594,249.47943115234375,102.86768341064453,54.143821716308594,141.94496154785156,235.1307830810547,76.68787384033203,237.0500030517578,12.545926094055176,37.80415725708008,98.82427978515625,491.64080810546875,194.8938446044922,81.74911499023438
2022-09-23,148.09230041503906,113.77999877929688,155.45620727539062,128.06207275390625,97.86846160888672,98.06364440917969,279.6101379394531,251.1478729248047,100.9529800415039,53.54080581665039,139.54971313476562,232.1450958251953,75.75153350830078,226.41000366210938,12.500980377197266,37.388545989990234,98.8789291381836,487.98291015625,190.04873657226562,77.39855194091797
2022-09-26,148.427001953125,115.1500015258789,153.92282104492188,124.69178771972656,96.51109313964844,97.49755096435547,272.8044128417969,247.1063995361328,98.77926635742188,52.87382888793945,135.53445434570312,231.68649291992188,74.49391174316406,224.07000732421875,12.213326454162598,37.176490783691406,94.83637237548828,482.9949035644531,187.15101623535156,75.80094909667969
2022-09-27,149.40162658691406,114.41000366210938,153.75244140625,124.74486541748047,94.27831268310547,96.83214569091797,269.8043518066406,249.06224060058594,97.90977478027344,51.51246643066406,133.5765380859375,230.67173767089844,74.42964935302734,224.36000061035156,12.39810562133789,37.397029876708984,93.12464904785156,483.0043640136719,183.78741455078125,77.38951873779297
2022-09-28,147.511474609375,118.01000213623047,158.7879180908203,128.9554901123047,97.77010345458984,99.36467742919922,278.5175476074219,261.5760803222656,99.88922882080078,52.0606689453125,140.74237060546875,235.21864318847656,75.61383819580078,245.1999969482422,12.720718383789062,37.68541717529297,94.626953125,488.29644775390625,188.05479431152344,80.20565795898438
2022-09-29,140.2658233642578,114.80000305175781,157.02743530273438,128.06207275390625,95.8520736694336,96.752685546875,274.1840515136719,257.9980773925781,98.19650268554688,51.68606185913086,135.57423400878906,231.7352752685547,73.41069793701172,239.7100067138672,12.205337524414062,37.45639419555664,92.13220977783203,483.4414367675781,185.60430908203125,80.04318237304688
2022-09-30,136.05235290527344,113.0,155.3047637939453,127.08903503417969,92.78323364257812,94.99481964111328,271.3506164550781,255.78269958496094,96.66104125976562,51.18354415893555,134.84866333007812,227.24693298339844,71.97865295410156,235.44000244140625,12.124434471130371,37.11711502075195,92.50552368164062,479.8405456542969,181.5232391357422,78.80662536621094
2022-10-03,140.236328125,115.87999725341797,162.07237243652344,134.2187957763672,95.53732299804688,97.9643325805664,276.99896240234375,262.9758605957031,99.64875030517578,51.759151458740234,137.76075744628906,234.8966522216797,74.53063201904297,239.0399932861328,12.496986389160156,37.43943405151367,95.01847076416016,489.7881774902344,186.59193420410156,82.96763610839844
2022-10-04,143.82960510253906,121.08999633789062,170.0231170654297,139.43789672851562,99.77664947509766,100.94378662109375,291.5549621582031,268.4077453613281,104.3106460571289,51.877933502197266,139.42051696777344,242.83905029296875,76.02693939208984,240.74000549316406,13.151198387145996,37.71085739135742,96.5025634765625,497.06591796875,191.3625030517578,85.9913558959961
2022-10-05,144.1249237060547,120.94999694824219,168.8399658203125,140.23403930664062,99.14714813232422,100.73521423339844,286.1195983886719,268.676513671875,103.02277374267578,51.38455581665039,138.1284637451172,243.15127563476562,75.06305694580078,236.72999572753906,13.19314956665039,37.42247009277344,96.00179290771484,500.7713623046875,186.9273681640625,89.46640014648438
2022-10-06,143.17002868652344,120.30000305175781,169.24697875976562,142.79049682617188,98.39960479736328,100.72529602050781,282.1102600097656,269.17706298828125,100.92292022705078,50.279014587402344,138.21795654296875,240.79977416992188,72.43763732910156,240.02000427246094,13.114243507385254,36.548824310302734,92.79688262939453,493.22747802734375,184.681884765625,92.12007141113281
2022-10-07,137.91299438476562,114.55999755859375,168.0543670654297,141.5609130859375,95.56684112548828,98.00405883789062,278.7860107421875,263.55047607421875,98.90708923339844,49.80391311645508,132.63235473632812,228.55441284179688,70.43645477294922,224.75,12.06151008605957,35.895713806152344,91.37651062011719,479.6600646972656,182.26864624023438,91.19038391113281
2022-10-10,138.23785400390625,113.66999816894531,169.1144561767578,139.00442504882812,93.5996322631836,97.1896743774414,278.2860412597656,261.8263854980469,97.98314666748047,49.69426727294922,132.9702606201172,223.68551635742188,70.44562530517578,229.97999572753906,11.655997276306152,35.4122428894043,90.0472183227539,473.9689025878906,180.80581665039062,89.21365356445312
2022-10-11,136.82020568847656,112.20999908447266,170.13670349121094,139.03099060058594,91.57340240478516,96.51433563232422,272.4247131347656,262.22491455078125,95.1553726196289,49.77649688720703,127.75244903564453,219.93873596191406,69.79386901855469,214.2899932861328,11.572098731994629,35.556434631347656,91.62234497070312,474.87152099609375,179.4920196533203,88.45547485351562
2022-10-12,136.19017028808594,112.9000015258789,169.90005493164062,139.4467315673828,91.87832641601562,96.8917236328125,273.44329833984375,260.0281066894531,96.69525909423828,50.379520416259766,126.71881103515625,220.27047729492188,66.78291320800781,220.8699951171875,11.486199378967285,35.64973831176758,91.44023895263672,475.0140380859375,179.0074920654297,88.8436050415039
2022-10-13,140.76792907714844,112.52999877929688,173.3453826904297,146.20501708984375,95.05535125732422,98.38146209716797,284.33251953125,262.1693420410156,102.07085418701172,51.04649353027344,129.49172973632812,228.55441284179688,67.09500885009766,232.50999450683594,11.945649147033691,36.455528259277344,93.34315490722656,484.46759033203125,183.3122100830078,91.94857788085938
2022-10-14,136.22958374023438,106.9000015258789,168.66012573242188,141.65818786621094,92.9012680053711,95.89857482910156,277.7768249511719,256.23687744140625,103.7693862915039,50.23333740234375,125.98334503173828,223.0122833251953,65.88327026367188,230.0,11.213529586791992,36.353736877441406,90.62080383300781,487.5268859863281,180.5635223388672,89.52959442138672
2022-10-17,140.19696044921875,113.79000091552734,171.1305694580078,142.69317626953125,95.73403930664062,99.28520965576172,283.9991455078125,260.7140808105469,108.12772369384766,50.88203430175781,133.21873474121094,231.7645263671875,67.60909271240234,245.10000610351562,11.873734474182129,37.02381134033203,95.81060028076172,495.8403625488281,185.04525756835938,90.8203125
2022-10-18,141.51611328125,116.36000061035156,173.73345947265625,143.94044494628906,96.86518859863281,100.07974243164062,290.6105041503906,264.2364501953125,110.90882873535156,51.56727981567383,131.98634338378906,232.7110137939453,68.9034194946289,240.86000061035156,11.95263957977295,37.397029876708984,96.37507629394531,496.1538391113281,187.87774658203125,90.98278045654297
2022-10-19,141.62440490722656,115.06999969482422,174.54745483398438,148.611083984375,97.3668212890625,98.94754028320312,288.67523193359375,255.3655548095703,108.73433685302734,51.12873077392578,132.41371154785156,230.74005126953125,67.59990692138672,272.3800048828125,12.036537170410156,36.56578063964844,92.87881469726562,494.35821533203125,186.40557861328125,93.68157958984375
2022-10-20,141.16168212890625,115.25,170.8844451904297,149.46029663085938,96.97338104248047,99.28520965576172,287.79559326171875,249.77606201171875,108.37967681884766,50.32469940185547,130.72410583496094,230.41802978515625,64.84595489501953,268.1600036621094,12.179368019104004,36.39615249633789,93.28853607177734,494.8902282714844,173.7244873046875,93.80794525146484
2022-10-21,144.98141479492188,119.31999969482422,181.25152587890625,153.2021026611328,100.3668212890625,100.437255859375,301.0274353027344,255.40261840820312,114.07258605957031,51.12873077392578,129.2134552001953,236.24314880371094,65.77312469482422,289.57000732421875,12.451042175292969,38.12647247314453,93.85303497314453,507.0989990234375,177.5260467529297,95.54998016357422
2022-10-24,147.12753295898438,119.81999969482422,182.28053283691406,153.14903259277344,100.05207061767578,101.8177490234375,304.3609313964844,262.56793212890625,114.21259307861328,52.599727630615234,128.92523193359375,241.2486114501953,67.26942443847656,282.45001220703125,12.583881378173828,38.62690734863281,94.11708068847656,514.576416015625,180.28402709960938,96.21790313720703
2022-10-25,149.97264099121094,120.5999984741211,185.65365600585938,154.74130249023438,102.64877319335938,103.76433563232422,307.7868957519531,269.05657958984375,114.51121520996094,53.86058807373047,136.66748046875,244.57586669921875,69.6378173828125,291.0199890136719,13.245087623596191,38.669315338134766,98.63309478759766,513.2651977539062,181.32757568359375,95.56803894042969
2022-10-26,147.0290985107422,115.66000366210938,187.6737060546875,156.6519775390625,102.91434478759766,94.27974700927734,310.8333740234375,268.9546203613281,115.82711791992188,54.26259994506836,129.02459716796875,225.705322265625,69.39913177490234,298.6199951171875,12.880525588989258,39.067970275878906,100.03524780273438,516.0679931640625,182.41769409179688,96.70531463623047
2022-10-27,142.54978942871094,110.95999908447266,202.1380157470703,157.36851501464844,102.72746276855469,91.58831024169922,312.2129821777344,269.7981872558594,116.284423828125,54.39051055908203,97.33993530273438,221.24620056152344,69.27979278564453,296.94000244140625,13.160187721252441,38.79655075073242,101.07321166992188,514.7664184570312,182.65994262695312,97.07538604736328
2022-10-28,153.31979370117188,103.41000366210938,208.99853515625,159.2084503173828,104.21269989013672,95.63043975830078,316.50946044921875,276.833740234375,117.66564178466797,55.514320373535156,98.59220123291016,230.14483642578125,72.54779815673828,295.7200012207031,13.817399024963379,40.230003356933594,102.86686706542969,523.7353515625,185.09181213378906,99.91859436035156
2022-10-31,150.95704650878906,102.44000244140625,206.25430297851562,160.0222930908203,104.79302978515625,93.86262512207031,319.0002746582031,274.4977722167969,117.47900390625,54.68288040161133,92.5892105102539,226.4956512451172,71.14330291748047,291.8800048828125,13.480804443359375,39.48358154296875,100.83647918701172,527.4501953125,183.68490600585938,100.01787567138672
2022-11-01,148.3088836669922,96.79000091552734,208.1981658935547,161.1899871826172,104.26187896728516,89.85030364990234,322.7688293457031,274.43292236328125,119.59748840332031,54.49101257324219,94.61670684814453,222.63172912597656,71.33606719970703,286.75,13.526748657226562,40.721954345703125,98.83341217041016,520.00146484375,183.38673400878906,101.01075744628906
2022-11-02,142.77621459960938,92.12000274658203,204.42483520507812,157.8992919921875,100.15042877197266,86.37427520751953,323.8892822265625,267.6383361816406,118.49626159667969,53.7326774597168,89.98526000976562,214.7576446533203,70.94132995605469,273.0,13.203137397766113,39.924652099609375,97.18541717529297,516.3151245117188,179.38951110839844,98.93474578857422
2022-11-03,136.7218017578125,89.30000305175781,208.92230224609375,160.2257537841797,97.62255859375,82.8585205078125,323.0373840332031,260.93646240234375,118.71089172363281,53.705257415771484,88.3652572631836,209.04962158203125,71.76751708984375,269.05999755859375,13.40489387512207,39.839107513427734,98.34174346923828,516.4861450195312,180.00450134277344,100.27964782714844
2022-11-04,136.45556640625,90.9800033569336,217.10731506347656,162.25148010253906,97.94715118408203,85.9869384765625,331.4079895019531,263.28167724609375,121.9586410522461,54.143821716308594,90.23372650146484,216.0163116455078,72.33667755126953,260.7900085449219,14.139013290405273,40.39515686035156,97.98665618896484,511.3175354003906,183.27493286132812,101.37178802490234
2022-11-07,136.98802185058594,90.52999877929688,217.8314666748047,164.18870544433594,98.78321838378906,87.88385772705078,335.7137145996094,269.0657958984375,122.60260009765625,54.35395812988281,96.12741088867188,222.33901977539062,70.95051574707031,258.6000061035156,14.283838272094727,40.28394317626953,99.17939758300781,517.82568359375,182.9022216796875,102.57225799560547
2022-11-08,137.55996704101562,89.9800033569336,218.97491455078125,163.94989013671875,98.26190185546875,88.29105377197266,337.0655517578125,269.872314453125,122.6772689819336,54.454471588134766,95.8789291381836,223.3147430419922,71.85012817382812,263.4599914550781,14.584478378295898,40.50636672973633,99.92599487304688,525.455078125,190.0860137939453,102.89720916748047
2022-11-09,132.99435424804688,86.13999938964844,214.90623474121094,157.3950653076172,85.3275375366211,86.72187042236328,335.1951599121094,265.802978515625,121.08139038085938,53.69612121582031,100.84829711914062,219.06057739257812,71.7858657836914,254.66000366210938,13.759469985961914,39.9674186706543,99.05192565917969,513.6831665039062,189.52696228027344,98.29390716552734
2022-11-10,144.8274688720703,96.62999725341797,221.49038696289062,160.37612915039062,88.97669219970703,93.29652404785156,350.2973937988281,288.9304504394531,126.06501770019531,55.62396240234375,111.18458557128906,237.082275390625,76.37577056884766,274.9700012207031,15.731099128723145,40.53203201293945,107.7470703125,517.0181274414062,198.45310974121094,99.73806762695312
2022-11-11,147.61810302734375,100.79000091552734,225.3399658203125,164.94064331054688,93.45209503173828,95.74961853027344,356.6495056152344,291.9337463378906,126.27032470703125,56.025970458984375,112.32752990722656,241.1120147705078,76.47673797607422,290.1300048828125,16.307405471801758,40.72023010253906,105.73490142822266,496.0303649902344,202.65528869628906,102.85205078125
2022-11-14,146.21786499023438,98.48999786376953,225.34947204589844,165.0202178955078,92.73405456542969,95.04447174072266,354.047607421875,284.4996032714844,124.97311401367188,55.48690414428711,113.52018737792969,235.68699645996094,74.96208190917969,299.2699890136719,16.275447845458984,42.123199462890625,102.4298324584961,488.115966796875,202.142822265625,103.15232849121094
2022-11-15,147.95338439941406,98.94000244140625,223.52947998046875,166.3471221923828,93.94389343261719,97.76570892333984,354.529052734375,289.14361572265625,124.06781005859375,55.395545959472656,116.36266326904297,236.09677124023438,76.10956573486328,310.20001220703125,16.64600372314453,41.5500373840332,102.65745544433594,477.9118347167969,196.2821044921875,103.84382629394531
2022-11-16,146.7207489013672,97.12000274658203,221.4618377685547,163.64028930664062,92.40946197509766,98.17288970947266,354.019775390625,291.9058837890625,124.23580932617188,55.29503631591797,112.53624725341797,236.52731323242188,77.40390014648438,306.0199890136719,15.890907287597656,41.105186462402344,103.47689056396484,485.9972229003906,197.7822265625,102.73377990722656
2022-11-17,148.6239471435547,94.8499984741211,219.57521057128906,164.10379028320312,89.95045471191406,97.6862564086914,351.6585998535156,288.6893615722656,123.69451904296875,55.46863555908203,110.76715850830078,236.47836303710938,75.5954818725586,295.2799987792969,15.658186912536621,41.34471893310547,102.2568359375,489.59814453125,195.49945068359375,102.8702621459961
2022-11-18,149.1859893798828,94.13999938964844,220.5185089111328,163.12319946289062,90.29472351074219,96.76261138916016,351.1216125488281,290.30230712890625,124.90775299072266,55.861507415771484,111.36348724365234,236.02825927734375,76.37577056884766,287.9800109863281,15.390510559082031,41.25917434692383,104.30543518066406,503.5550537109375,196.2075958251953,101.97858428955078
2022-11-21,145.9515838623047,92.45999908447266,221.22360229492188,161.563232421875,95.9799575805664,94.94515228271484,352.0567932128906,293.6393127441406,124.17049407958984,56.720359802246094,109.1868896484375,236.84043884277344,76.74296569824219,285.04998779296875,15.29861831665039,41.216407775878906,104.6605224609375,491.3843078613281,197.7822265625,100.96863555908203
2022-11-22,148.09144592285156,93.19999694824219,226.07363891601562,165.70838928222656,94.63241577148438,96.3852310180664,355.4457092285156,301.1476135253906,126.02766418457031,56.967044830322266,110.75721740722656,239.75628662109375,77.21112060546875,286.69000244140625,16.018754959106445,41.986331939697266,105.41622924804688,496.9898986816406,198.6488037109375,103.88932800292969
2022-11-23,148.96908569335938,94.12999725341797,225.7496795654297,164.23753356933594,97.25862884521484,97.78556823730469,357.6495361328125,298.0238037109375,127.37156677246094,57.222877502441406,111.55232238769531,242.25140380859375,78.35059356689453,291.5,16.49917984008789,41.78956604003906,105.1885986328125,503.2796630859375,198.01519775390625,103.3707046508789
2022-11-25,146.05023193359375,93.41000366210938,224.58717346191406,163.75613403320312,97.24879455566406,96.79241943359375,360.0662536621094,302.5380554199219,127.6142349243164,57.27769088745117,110.72740936279297,242.16331481933594,78.73809051513672,285.5400085449219,16.250476837158203,42.097530364990234,105.97163391113281,510.7948913574219,198.7698974609375,103.00675201416016
2022-11-28,142.21432495117188,93.94999694824219,221.34751892089844,158.9958953857422,94.12093353271484,95.39208221435547,354.047607421875,295.6228942871094,125.38372039794922,57.286834716796875,108.1135025024414,236.55665588378906,77.25263977050781,281.1700134277344,15.808009147644043,42.40550231933594,101.48291015625,505.7119445800781,194.28822326660156,99.91317749023438
2022-11-29,139.20675659179688,92.41999816894531,224.03453063964844,161.37603759765625,93.1373291015625,94.53797149658203,355.2975769042969,292.87921142578125,127.44622039794922,57.0858268737793,108.78933715820312,235.15744018554688,76.10858154296875,280.9599914550781,15.620232582092285,42.33707046508789,103.62257385253906,501.65496826171875,198.24810791015625,100.577392578125
2022-11-30,145.97134399414062,96.54000091552734,225.26370239257812,163.40850830078125,96.26519012451172,100.29822540283203,359.90179443359375,302.1394958496094,128.9581298828125,58.53045654296875,117.37640380859375,249.648681640625,78.14762115478516,305.5299987792969,16.907014846801758,42.88456726074219,107.2463150024414,520.4290161132812,202.59005737304688,101.30528259277344
2022-12-01,146.2474365234375,95.5,224.57766723632812,162.67752075195312,96.97338104248047,100.29822540283203,357.7208251953125,305.0118103027344,127.1475830078125,58.69607925415039,119.70206451416016,249.2083740234375,78.26754760742188,316.95001220703125,17.118816375732422,43.697261810302734,106.6180648803711,510.1202087402344,201.1924285888672,100.81395721435547
2022-12-02,145.75439453125,94.12999725341797,224.99693298339844,161.37603759765625,97.79961395263672,99.75200653076172,354.7104187011719,305.86968994140625,126.13964080810547,59.21135711669922,122.73336791992188,249.5312957763672,78.60894012451172,320.4100036621094,16.86005973815918,43.55182647705078,106.47239685058594,510.9780578613281,200.07435607910156,99.95867156982422
2022-12-05,144.5908203125,91.01000213623047,221.60476684570312,157.3913116455078,94.35700225830078,98.798583984375,346.284912109375,298.4931640625,122.60260009765625,58.401634216308594,121.67987823486328,244.81500244140625,78.56278991699219,312.5899963378906,16.594308853149414,43.39784622192383,104.03228759765625,509.91064453125,196.65484619140625,97.21995544433594
2022-12-06,140.92254638671875,88.25,217.52655029296875,153.33531188964844,90.77668762207031,96.31571197509766,338.2415466308594,296.04058837890625,122.80790710449219,58.374027252197266,113.42080688476562,239.8443145751953,78.5904769897461,305.55999755859375,15.971901893615723,42.525264739990234,104.34186553955078,513.98974609375,196.72938537597656,94.51762390136719
2022-12-07,138.9799346923828,88.45999908447266,218.18402099609375,153.78993225097656,90.63898468017578,94.28968048095703,335.454833984375,298.5584716796875,122.72391510009766,58.46603775024414,113.2319564819336,239.11048889160156,78.69196319580078,308.4200134277344,16.104778289794922,42.978668212890625,105.61653900146484,517.4111328125,197.73565673828125,94.30836486816406
2022-12-08,140.66615295410156,90.3499984741211,220.0325164794922,154.69920349121094,91.03242492675781,93.0680923461914,333.73980712890625,302.2327575683594,124.0118408203125,58.71448516845703,114.62337493896484,242.0752716064453,79.12560272216797,310.260009765625,17.152788162231445,44.29609298706055,107.07331848144531,522.1858520507812,198.49037170410156,95.00895690917969
2022-12-09,140.1829833984375,89.08999633789062,216.57366943359375,149.76063537597656,91.84880828857422,92.19412994384766,334.7278137207031,298.8662414550781,123.33988189697266,58.09798049926758,115.18988800048828,240.13787841796875,77.9723129272461,320.010009765625,16.984941482543945,44.2447624206543,105.90789794921875,513.8753662109375,196.925048828125,94.20828247070312
2022-12-12,142.4805450439453,90.55000305175781,222.07167053222656,151.32066345214844,93.10782623291016,92.67083740234375,338.4931945800781,305.8603820800781,125.2530517578125,58.8617057800293,114.00717163085938,247.07530212402344,79.85449981689453,315.17999267578125,17.51844024658203,44.62115478515625,107.46482849121094,520.222412109375,201.0992889404297,96.52845764160156
2022-12-13,143.44696044921875,92.48999786376953,224.3870849609375,154.6903076171875,93.14716339111328,94.97494506835938,343.628662109375,310.4393005371094,125.13175201416016,58.88011169433594,119.41385650634766,251.39039611816406,80.40806579589844,320.3399963378906,18.054933547973633,45.39963912963867,110.25090026855469,512.9413452148438,203.1398162841797,97.58390045166016
2022-12-14,141.2183837890625,91.58000183105469,223.42471313476562,153.6205596923828,92.60618591308594,94.41878509521484,335.8835144042969,310.9428405761719,124.50645446777344,58.88011169433594,120.84501647949219,251.6839141845703,80.31581115722656,317.8299865722656,17.65730857849121,46.6058464050293,110.69705200195312,513.0746459960938,202.72984313964844,96.86510467529297
2022-12-15,134.60171508789062,88.44999694824219,219.78480529785156,152.47061157226562,89.00619506835938,90.23762512207031,326.05059814453125,305.50604248046875,121.41736602783203,58.070377349853516,115.43836212158203,243.65061950683594,79.17174530029297,290.4100036621094,16.935989379882812,45.86159133911133,107.97468566894531,502.8963317871094,197.81951904296875,95.93702697753906
2022-12-16,132.63937377929688,87.86000061035156,221.74771118164062,150.40249633789062,88.60292053222656,89.64173126220703,322.8072204589844,301.5333251953125,120.6613998413086,57.7391242980957,118.69825744628906,239.423583984375,77.63093566894531,290.7099914550781,16.555347442626953,43.971012115478516,102.87843322753906,499.10333251953125,197.0695343017578,95.26371002197266
2022-12-19,130.52911376953125,84.91999816894531,221.33795166015625,151.43655395507812,84.3734359741211,87.8342056274414,321.1854248046875,295.9286193847656,121.38003540039062,57.82194137573242,113.7785873413086,235.27484130859375,77.05890655517578,288.29998779296875,16.2386474609375,43.93679428100586,102.72261810302734,499.0079650878906,193.4883270263672,95.69135284423828
2022-12-20,130.4600830078125,85.19000244140625,224.05360412597656,153.92364501953125,85.59310150146484,88.41022491455078,321.0736083984375,293.6065673828125,121.96797180175781,57.77593231201172,116.37259674072266,236.59580993652344,77.05890655517578,288.19000244140625,16.069808959960938,43.90257263183594,102.82344055175781,495.7772216796875,192.569580078125,97.07437133789062
2022-12-21,133.56626892089844,86.7699966430664,230.33287048339844,155.7332763671875,85.49474334716797,88.96640014648438,326.358154296875,297.82171630859375,123.33988189697266,58.70527648925781,119.02623748779297,239.16920471191406,78.10147857666016,297.9599914550781,16.485414505004883,44.19342803955078,104.43665313720703,502.7629699707031,195.39144897460938,98.3208999633789
2022-12-22,130.39108276367188,83.79000091552734,226.34042358398438,153.397705078125,85.24884033203125,87.15885925292969,322.0894775390625,294.80029296875,121.94000244140625,58.28200912475586,116.40242004394531,233.06349182128906,76.89281463623047,297.75,15.324512481689453,44.17632293701172,103.8225326538086,502.3341369628906,195.6164093017578,96.3373794555664
2022-12-23,130.0261993408203,85.25,228.56060791015625,158.14015197753906,86.5668716430664,88.61878967285156,322.0242614746094,297.2342834472656,122.51861572265625,58.72367858886719,117.31678771972656,233.59188842773438,77.65861511230469,294.9599914550781,15.191638946533203,44.338863372802734,104.14334106445312,506.35589599609375,196.78826904296875,98.88501739501953
2022-12-27,128.22164916992188,83.04000091552734,231.67642211914062,160.12806701660156,84.95376586914062,86.79138946533203,318.7248840332031,297.9989929199219,122.94791412353516,59.08253479003906,116.16388702392578,231.8599853515625,77.50176239013672,284.1700134277344,14.107664108276367,43.74003982543945,103.84086608886719,507.0039367675781,197.1726531982422,100.2589340209961
2022-12-28,124.28714752197266,81.81999969482422,228.0937042236328,157.76571655273438,82.78983306884766,85.43077087402344,317.6996765136719,294.4365539550781,123.6198501586914,58.4936408996582,114.91160583496094,229.48226928710938,76.72673797607422,276.8800048828125,14.022745132446289,43.45772171020508,101.23773193359375,503.63018798828125,193.9383087158203,98.612060546875
2022-12-29,127.80748748779297,84.18000030517578,228.87503051757812,158.96023559570312,85.75047302246094,87.84413146972656,320.085693359375,298.80096435546875,124.32914733886719,58.843299865722656,119.52317810058594,235.82276916503906,77.57556915283203,291.1199951171875,14.589207649230957,43.911128997802734,104.46414947509766,504.9930419921875,196.14141845703125,99.35814666748047
2022-12-30,128.12303161621094,84.0,228.2651824951172,160.00323486328125,85.45539855957031,87.62564849853516,320.0390319824219,294.5577392578125,125.15042114257812,58.53045654296875,119.6026840209961,234.65841674804688,77.13270568847656,294.8800048828125,14.600198745727539,43.834136962890625,103.32756805419922,505.2789611816406,194.12582397460938,100.35902404785156
2023-01-03,123.33065795898438,85.81999969482422,227.6172637939453,155.10032653808594,87.51112365722656,88.5095443725586,322.6860046386719,294.6044616699219,126.10234069824219,57.92315673828125,123.97571563720703,234.42359924316406,77.34491729736328,294.95001220703125,14.30147933959961,43.85123825073242,103.29090118408203,494.281005859375,194.60394287109375,96.91059875488281
2023-01-04,124.60270690917969,85.13999938964844,229.98033142089844,153.45120239257812,90.47177124023438,87.47666931152344,324.0654296875,298.1668395996094,127.27828216552734,57.89555358886719,126.58961486816406,224.1691131591797,77.953857421875,309.4100036621094,14.73507022857666,42.88456726074219,107.20476531982422,480.8050231933594,196.16017150878906,97.19265747070312
2023-01-05,123.28134155273438,83.12000274658203,228.9512481689453,156.21466064453125,90.4127426147461,85.60954284667969,320.3932189941406,294.194091796875,127.25004577636719,57.23304748535156,126.16224670410156,217.5252685546875,76.23774719238281,309.70001220703125,14.251527786254883,42.48249816894531,103.43756103515625,466.947998046875,190.38522338867188,99.36724853515625
2023-01-06,127.8173599243164,86.08000183105469,237.126708984375,157.3913116455078,92.37995910644531,86.74173736572266,324.41961669921875,296.1151428222656,129.68504333496094,58.33721923828125,129.22337341308594,220.08888244628906,77.17884063720703,315.54998779296875,14.844964981079102,43.56038284301758,106.92061614990234,466.98614501953125,198.75701904296875,100.56827545166016
2023-01-09,128.33999633789062,87.36000061035156,234.9923553466797,156.16114807128906,93.21601104736328,87.41706848144531,329.005126953125,296.37628173828125,129.14913940429688,57.61030197143555,128.67674255371094,222.23175048828125,77.56634521484375,315.1700134277344,15.613239288330078,41.396053314208984,106.37982940673828,467.0433349609375,198.2414093017578,98.6939468383789
2023-01-10,128.91192626953125,89.87000274658203,238.6989288330078,156.92776489257812,93.9930648803711,87.81433868408203,333.0687255859375,299.0061340332031,130.30555725097656,57.16864013671875,132.1751708984375,223.92453002929688,77.9999771118164,327.5400085449219,15.893973350524902,40.737342834472656,106.37065124511719,463.1739501953125,199.01014709472656,100.16795349121094
2023-01-11,131.633544921875,95.08999633789062,238.9085235595703,156.17897033691406,94.75044250488281,90.89310455322266,339.7048034667969,306.8116149902344,131.27389526367188,57.058223724365234,132.0758056640625,230.69557189941406,78.42440032958984,327.260009765625,15.985886573791504,40.59191131591797,110.8619613647461,470.22637939453125,200.86636352539062,101.33258056640625
2023-01-12,131.55467224121094,95.2699966430664,243.04391479492188,157.8548583984375,98.17337799072266,90.50576782226562,344.793701171875,307.6229248046875,131.142333984375,56.32210159301758,135.87237548828125,233.37660217285156,78.4889907836914,330.1300048828125,16.495405197143555,40.8143310546875,111.93437957763672,472.3898010253906,201.26947021484375,103.0158462524414
2023-01-13,132.88589477539062,98.12000274658203,246.2740936279297,158.2827606201172,97.77010345458984,91.48898315429688,348.57769775390625,308.8725280761719,134.45162963867188,56.5245361328125,136.14073181152344,234.08114624023438,78.12916564941406,332.82000732421875,16.883039474487305,40.93410110473633,111.73271942138672,466.5763244628906,199.9007568359375,102.95214080810547
2023-01-17,134.04946899414062,96.05000305175781,244.17784118652344,160.89466857910156,98.27174377441406,90.66468048095703,326.134521484375,305.44073486328125,132.3739013671875,56.75456619262695,134.53065490722656,235.17698669433594,79.1071548461914,326.2200012207031,17.685283660888672,39.419921875,111.29277038574219,462.2971496582031,200.91323852539062,102.75198364257812
2023-01-18,133.32960510253906,95.45999908447266,240.90000915527344,157.98858642578125,97.41600799560547,90.49584197998047,325.36090087890625,301.85968017578125,128.3970489501953,55.033897399902344,132.20498657226562,230.73472595214844,77.31724548339844,326.3299865722656,17.360591888427734,38.49601364135742,112.42017364501953,453.8723449707031,196.38516235351562,100.64107513427734
2023-01-19,133.3887939453125,93.68000030517578,235.2801055908203,159.56640625,97.45535278320312,92.41262817382812,326.9080810546875,289.9136657714844,126.68594360351562,54.951087951660156,135.31582641601562,226.93820190429688,76.20083618164062,315.7799987792969,16.749168395996094,38.46179962158203,111.17361450195312,461.6109619140625,192.6539764404297,101.2870864868164
2023-01-20,135.95260620117188,97.25,239.07139587402344,161.26014709472656,101.783203125,97.34857177734375,318.603759765625,293.7558288574219,126.9962158203125,55.2823371887207,138.51608276367188,235.04978942871094,75.49040222167969,342.5,17.822153091430664,38.59011459350586,112.57599639892578,463.86016845703125,195.6164093017578,103.1341323852539
2023-01-23,139.14756774902344,97.5199966430664,241.9339599609375,161.04620361328125,103.95697021484375,99.1064453125,325.4075012207031,294.2034606933594,129.05516052246094,55.42036056518555,142.39219665527344,237.3590087890625,76.27465057373047,357.4200134277344,19.17487335205078,38.47890853881836,115.554931640625,462.992919921875,196.99452209472656,102.5972900390625
2023-01-24,140.54783630371094,96.31999969482422,246.63479614257812,161.1977081298828,104.26187896728516,97.03076934814453,324.65252685546875,296.264404296875,130.16452026367188,55.71480941772461,142.26300048828125,236.83062744140625,77.40950012207031,363.8299865722656,19.24680519104004,38.2479362487793,115.8573989868164,468.51092529296875,190.47900390625,103.55268096923828
2023-01-25,139.8871307373047,97.18000030517578,247.429443359375,159.63772583007812,106.34711456298828,94.56775665283203,325.86419677734375,295.8634338378906,130.79443359375,56.064453125,140.63304138183594,235.431396484375,70.66500091552734,367.9599914550781,19.30474853515625,38.555904388427734,115.2066421508789,469.36865234375,187.6102752685547,103.00675201416016
2023-01-26,141.9579315185547,99.22000122070312,250.9526824951172,167.40211486816406,107.90120697021484,96.85200500488281,330.84124755859375,292.6460876464844,131.60296630859375,55.95405197143555,146.3975067138672,242.66236877441406,70.48969268798828,364.8699951171875,19.783294677734375,38.20194625854492,117.37894439697266,469.3496398925781,188.88526916503906,107.14667510986328
2023-01-27,143.90054321289062,102.23999786376953,253.26962280273438,159.96755981445312,107.74382781982422,98.68932342529297,329.65753173828125,295.3319091796875,131.92259216308594,55.65959548950195,150.81028747558594,242.81890869140625,69.73312377929688,360.7699890136719,20.34576416015625,37.80481719970703,119.0104751586914,463.2216491699219,189.73834228515625,105.1904525756836
2023-01-30,141.0113067626953,100.55000305175781,250.35910034179688,155.2875518798828,105.8258056640625,96.27599334716797,333.1620178222656,293.04705810546875,130.8038330078125,55.797611236572266,146.1589813232422,237.48622131347656,69.24413299560547,353.1099853515625,19.143903732299805,37.59761428833008,117.1314697265625,462.973876953125,187.68527221679688,103.3251953125
2023-01-31,142.2833251953125,103.12999725341797,241.5414581298828,155.12709045410156,106.71105194091797,98.16295623779297,340.9444274902344,302.3074035644531,131.58413696289062,56.423316955566406,148.05726623535156,242.47645568847656,68.85662078857422,353.8599853515625,19.518552780151367,38.124244689941406,118.49717712402344,475.74444580078125,191.42584228515625,105.55438995361328
2023-02-01,143.4075164794922,105.1500015258789,238.90858459472656,152.75587463378906,107.5962905883789,99.74205780029297,340.8512268066406,305.9629821777344,131.23629760742188,56.43252182006836,152.1818389892578,247.3101043701172,68.49678802490234,361.989990234375,20.923219680786133,37.9602165222168,119.98206329345703,473.6573181152344,194.9320526123047,104.39884948730469
2023-02-02,148.7225341796875,112.91000366210938,234.46630859375,150.66098022460938,111.35365295410156,107.00199127197266,344.35565185546875,316.8739318847656,130.62521362304688,55.466365814208984,187.61341857910156,258.9051513671875,69.75157928466797,366.8900146484375,21.688495635986328,38.279640197753906,123.27265930175781,448.7164611816406,200.0695037841797,101.13240814208984
2023-02-03,152.35134887695312,103.38999938964844,237.2044219970703,151.05323791503906,108.89464569091797,104.06226348876953,344.8030090332031,309.14306640625,132.64654541015625,55.05230712890625,185.3871307373047,252.78961181640625,68.89352416992188,365.8999938964844,21.0800724029541,38.03791427612305,120.64201354980469,449.8505554199219,197.14454650878906,101.8330078125
2023-02-06,149.61988830566406,102.18000030517578,240.7085418701172,151.2226104736328,108.06842803955078,102.19514465332031,345.5951843261719,307.0633544921875,133.42684936523438,55.36515426635742,184.92001342773438,251.24359130859375,69.66854858398438,361.4800109863281,21.069082260131836,37.77891159057617,120.4770278930664,452.9193420410156,195.89764404296875,101.6601333618164
2023-02-07,152.499267578125,102.11000061035156,239.0235137939453,155.1894989013672,109.799560546875,106.90267944335938,348.9505310058594,303.2679443359375,135.05332946777344,55.273136138916016,190.44595336914062,261.8013610839844,70.19445037841797,362.95001220703125,22.15205955505371,37.63214874267578,119.40462493896484,454.4823303222656,195.97267150878906,104.5626220703125
2023-02-08,149.8072509765625,100.05000305175781,238.2671661376953,151.5435333251953,109.94710540771484,98.68932342529297,349.60296630859375,299.1553039550781,134.1038055419922,54.951087951660156,182.30612182617188,260.9892578125,69.22567749023438,366.8299865722656,22.184030532836914,37.96884536743164,118.97383117675781,460.5245056152344,194.1914520263672,103.65275573730469
2023-02-09,148.77183532714844,98.23999786376953,235.78750610351562,150.1529083251953,108.55038452148438,94.35919189453125,342.9761962890625,294.2686767578125,132.0166473388672,54.859073638916016,176.8299102783203,257.9461975097656,67.60183715820312,362.5,22.31590461730957,37.41632080078125,117.36060333251953,462.9166259765625,190.1321258544922,104.04400634765625
2023-02-10,149.13726806640625,97.61000061035156,237.1182861328125,153.2996368408203,106.28810119628906,93.92221069335938,346.04254150390625,295.19195556640625,132.59951782226562,54.859073638916016,173.08299255371094,257.4373474121094,68.9581069946289,347.3599853515625,21.244915008544922,37.882511138916016,117.40644073486328,471.0365295410156,192.6539764404297,108.4295883178711
2023-02-13,151.9420623779297,99.54000091552734,237.57781982421875,152.44386291503906,105.89466094970703,93.9619369506836,348.5963134765625,301.71051025390625,134.03794860839844,55.76081466674805,178.33062744140625,265.4804382324219,69.77002716064453,358.57000732421875,21.76742172241211,37.97747802734375,118.50635528564453,472.0848083496094,193.16957092285156,108.0078353881836
2023-02-14,151.3000946044922,99.69999694824219,233.94931030273438,153.61166381835938,105.89466094970703,94.03145599365234,346.50860595703125,296.9544982910156,134.6302490234375,54.83147430419922,178.38034057617188,266.3121643066406,70.14833068847656,359.9599914550781,22.949302673339844,37.744384765625,117.07647705078125,469.6831970214844,191.27584838867188,106.74253845214844
2023-02-15,153.4036865234375,101.16000366210938,238.10440063476562,151.99285888671875,107.4487533569336,96.27599334716797,348.8945617675781,299.06207275390625,135.19436645507812,54.83147430419922,176.07455444335938,264.1835021972656,70.9879150390625,361.4200134277344,22.742504119873047,37.399051666259766,116.89315032958984,468.1773986816406,190.41334533691406,106.42163848876953
2023-02-16,151.8037872314453,98.1500015258789,236.01731872558594,149.79856872558594,104.09467315673828,94.85577392578125,345.0360412597656,299.5749206542969,133.3328399658203,54.49101257324219,171.3834991455078,257.1502685546875,69.83463287353516,350.7099914550781,21.98122215270996,37.079627990722656,115.29828643798828,464.4605407714844,187.98526000976562,106.10989379882812
2023-02-17,150.65814208984375,97.19999694824219,237.23318481445312,146.453125,103.49466705322266,93.70372009277344,343.4515380859375,296.50689697265625,133.72772216796875,55.31914520263672,171.82078552246094,253.13829040527344,70.18522644042969,347.9599914550781,21.367799758911133,37.30409240722656,114.86746215820312,475.6396179199219,188.9883575439453,102.02979278564453
2023-02-21,146.6386260986328,94.58000183105469,230.45481872558594,144.78939819335938,100.4159927368164,91.1612548828125,336.57318115234375,275.5709533691406,131.27389526367188,55.024696350097656,171.0256805419922,247.85110473632812,67.961669921875,337.5,20.63549041748047,36.86378860473633,113.18095397949219,468.2345886230469,181.63845825195312,101.9289321899414
2023-02-22,147.0633087158203,95.79000091552734,227.75494384765625,144.20486450195312,100.01272583007812,91.02220916748047,336.35888671875,276.31689453125,130.2679443359375,55.19032287597656,170.07156372070312,246.71319580078125,67.98011016845703,334.8800048828125,20.734399795532227,36.587528228759766,112.64932250976562,465.9282531738281,179.41661071777344,100.608642578125
2023-02-23,147.54722595214844,95.81999969482422,227.81240844726562,145.62576293945312,100.06190490722656,90.26741027832031,338.8287048339844,279.12396240234375,131.3115234375,55.291534423828125,170.98593139648438,249.9110565185547,67.23278045654297,323.6499938964844,23.64164924621582,36.51846694946289,113.66673278808594,468.5967712402344,181.2353515625,101.53468322753906
2023-02-24,144.89060974121094,93.5,226.1082000732422,146.0574188232422,98.65534973144531,88.51947021484375,339.11761474609375,276.6526794433594,132.49609375,55.061500549316406,169.3460235595703,244.46690368652344,67.27891540527344,317.1499938964844,23.26400375366211,36.04364013671875,111.25611114501953,461.5823974609375,181.89161682128906,101.54386138916016
2023-02-27,146.0855712890625,93.76000213623047,229.75592041015625,146.4261474609375,98.80288696289062,89.25440979003906,340.6834411621094,276.0465393066406,133.65249633789062,55.04309844970703,168.501220703125,245.3889617919922,66.72917938232422,323.0299987792969,23.478805541992188,35.20621871948242,112.65847778320312,460.619873046875,200.24871826171875,101.3604736328125
2023-02-28,145.58189392089844,94.2300033569336,229.34423828125,144.5825653076172,97.9766616821289,89.44309997558594,327.7469177246094,276.540771484375,134.7712860107422,54.757850646972656,173.8681640625,244.66307067871094,65.95843505859375,322.1300048828125,23.194072723388672,35.024925231933594,113.10762786865234,453.58642578125,195.63351440429688,100.77368927001953
2023-03-01,143.5079345703125,92.16999816894531,238.07569885253906,145.7336883544922,96.92420959472656,89.74104309082031,325.0058898925781,271.1785583496094,134.01918029785156,54.15976333618164,172.3574676513672,241.57313537597656,64.88127136230469,313.4800109863281,22.676565170288086,34.688228607177734,111.02696228027344,452.9002685546875,196.30360412597656,101.67222595214844
2023-03-02,144.10049438476562,92.12999725341797,241.43614196777344,146.1923065185547,97.2979736328125,91.36981201171875,327.699951171875,273.2581481933594,132.6277313232422,54.951087951660156,173.46066284179688,246.32086181640625,67.05419921875,311.8800048828125,23.29197883605957,35.068092346191406,114.22586059570312,455.2637634277344,199.4842529296875,102.13983154296875
2023-03-03,149.15701293945312,94.9000015258789,244.4328155517578,148.3506622314453,99.4815673828125,93.00851440429688,335.2001953125,278.3219909667969,135.06272888183594,54.693443298339844,184.114990234375,250.42112731933594,68.55852508544922,315.17999267578125,23.8674373626709,35.52565002441406,116.36153411865234,456.0833740234375,197.5966339111328,103.43262481689453
2023-03-06,151.92230224609375,93.75,243.1594696044922,149.43885803222656,99.00944519042969,94.4783706665039,335.16265869140625,278.09814453125,134.27301025390625,55.539981842041016,183.7671356201172,251.97096252441406,69.08782196044922,312.0299987792969,23.531757354736328,35.49111557006836,116.55400848388672,458.19915771484375,197.09640502929688,104.3494873046875
2023-03-07,149.71994018554688,93.55000305175781,235.6534881591797,147.5143280029297,97.43567657470703,93.21707153320312,324.8650817871094,271.0946960449219,130.32437133789062,55.21792984008789,183.3795166015625,249.30287170410156,68.48423767089844,308.4700012207031,23.269954681396484,34.826358795166016,113.49259185791016,451.6231994628906,193.859130859375,102.33236694335938
2023-03-08,150.97418212890625,93.91999816894531,238.12355041503906,146.57904052734375,97.67174530029297,93.60440063476562,327.8783874511719,273.7998352050781,129.55343627929688,55.24553298950195,183.83670043945312,248.86143493652344,68.94853210449219,311.7900085449219,24.162263870239258,34.63642883300781,114.62915802001953,448.49725341796875,192.13194274902344,100.8378677368164
2023-03-09,148.7224578857422,92.25,230.69419860839844,144.3487091064453,94.56355285644531,91.68761444091797,321.11968994140625,270.52166748046875,122.53986358642578,54.71184539794922,180.57679748535156,247.5077667236328,68.49352264404297,297.7799987792969,23.417844772338867,34.06663513183594,111.18276977539062,443.07452392578125,188.356689453125,100.05851745605469
2023-03-10,146.65838623046875,90.7300033569336,217.33848571777344,143.59329223632812,92.03569793701172,90.00920104980469,307.58367919921875,268.9342041015625,125.65174865722656,54.481807708740234,178.41014099121094,243.84890747070312,67.79705810546875,292.760009765625,22.94721031188965,34.00619888305664,107.22309112548828,440.2721862792969,185.04391479492188,98.82073974609375
2023-03-13,148.60394287109375,92.43000030517578,215.12689208984375,142.72996520996094,91.08160400390625,90.48590850830078,296.1690979003906,269.1314697265625,123.39539337158203,55.033897399902344,179.7916259765625,249.07723999023438,68.05707550048828,293.510009765625,22.94820785522461,34.41196823120117,108.49714660644531,443.4762268066406,184.1378631591797,97.6838150024414
2023-03-14,150.6976776123047,94.87999725341797,216.05557250976562,144.57354736328125,91.82913970947266,93.32632446289062,302.40203857421875,268.2391357421875,126.56372833251953,55.23633575439453,192.8312530517578,255.81622314453125,69.22711181640625,294.94000244140625,24.044355392456055,34.44649887084961,109.83538055419922,444.33697509765625,184.18502807617188,98.05057525634766
2023-03-15,151.09268188476562,96.19999694824219,208.00387573242188,138.31434631347656,91.57340240478516,95.45166015625,293.0526123046875,270.4934997558594,120.58432006835938,55.60438919067383,196.53839111328125,260.37750244140625,70.12786102294922,303.7900085449219,24.209226608276367,34.77455520629883,110.00037384033203,445.14996337890625,181.24977111816406,93.17279815673828
2023-03-16,153.91720581054688,100.04000091552734,209.3921356201172,138.7550048828125,92.74388885498047,99.63282012939453,295.7748107910156,269.3287658691406,122.92532348632812,55.910362243652344,203.6743927001953,270.9323425292969,70.78717041015625,310.05999755859375,25.521209716796875,34.85226058959961,110.87748718261719,451.4527893066406,182.0709228515625,92.6318359375
2023-03-17,153.07777404785156,98.94999694824219,205.84971618652344,137.00135803222656,91.67176055908203,100.92391967773438,284.93292236328125,270.8880310058594,118.28096008300781,55.6507453918457,194.4114990234375,274.1007385253906,70.26715087890625,303.5,25.705066680908203,34.61915588378906,107.12894439697266,449.0426940917969,179.33384704589844,91.54076385498047
2023-03-20,155.447998046875,97.70999908447266,210.92391967773438,139.0158233642578,92.67504119873047,100.52666473388672,290.5556335449219,271.7052001953125,119.53136444091797,56.18852996826172,196.59805297851562,267.0380859375,70.54572296142578,305.1300048828125,25.879932403564453,35.232120513916016,109.59412384033203,456.1775817871094,179.0318145751953,93.93378448486328
2023-03-21,157.3046875,100.61000061035156,215.3375244140625,143.26954650878906,94.95700073242188,104.20130920410156,297.8305969238281,271.8648986816406,122.73729705810547,55.92891311645508,200.92138671875,268.55853271484375,69.97928619384766,305.7900085449219,26.178699493408203,35.10261917114258,109.28022003173828,459.1807861328125,178.8902587890625,98.14225769042969
2023-03-22,155.8726806640625,98.69999694824219,210.5792694091797,140.3557891845703,93.3438949584961,102.66191864013672,294.4418640136719,265.45880126953125,119.56897735595703,55.678565979003906,198.58575439453125,267.096923828125,68.83709716796875,293.8999938964844,26.447492599487305,34.54145812988281,105.36548614501953,454.8002624511719,175.28488159179688,95.89590454101562
2023-03-23,156.95901489257812,98.70999908447266,210.09100341796875,138.9618377685547,94.2586441040039,104.87665557861328,295.5495300292969,266.6799011230469,119.24931335449219,55.55803298950195,203.0283966064453,272.3644714355469,68.53994750976562,320.3699951171875,27.169931411743164,34.688228607177734,105.3931655883789,449.4346923828125,175.7379150390625,94.81400299072266
2023-03-24,158.26266479492188,98.12999725341797,207.7645263671875,140.3468017578125,92.53733825683594,104.71774291992188,293.4093017578125,265.8439025878906,117.43482971191406,56.46668243408203,204.74778747558594,275.2190246582031,70.28572082519531,328.3900146484375,26.758251190185547,34.86952590942383,108.05224609375,455.24981689453125,177.91810607910156,94.92401885986328
2023-03-27,156.31710815429688,98.04000091552734,208.71234130859375,141.7766876220703,94.05208587646484,101.75817108154297,299.0038757324219,264.2000732421875,120.80058288574219,56.88392639160156,201.59722900390625,271.1088562011719,70.05357360839844,327.6600036621094,26.51044464111328,34.72276306152344,108.0799331665039,460.90234375,182.37294006347656,97.00533294677734
2023-03-28,155.69488525390625,97.23999786376953,210.78033447265625,143.43142700195312,93.26520538330078,100.33795166015625,298.91943359375,263.77740478515625,121.167236328125,56.94883346557617,199.45045471191406,269.9808044433594,69.86783599853516,323.5199890136719,26.38953971862793,34.524200439453125,107.7013931274414,451.9884033203125,185.5347137451172,98.2155990600586
2023-03-29,158.77621459960938,100.25,213.4993438720703,144.66346740722656,95.28158569335938,100.69548797607422,301.0596923828125,266.16326904296875,121.41166687011719,57.356807708740234,204.09182739257812,275.1601257324219,70.67571258544922,332.0299987792969,26.963092803955078,34.7486572265625,110.68360900878906,446.2594299316406,187.90365600585938,99.90265655517578
2023-03-30,160.34649658203125,102.0,214.9737091064453,146.03944396972656,96.49141693115234,100.19892120361328,301.4539489746094,268.0419006347656,121.04501342773438,57.347530364990234,206.56658935546875,278.6325378417969,71.12145233154297,338.42999267578125,27.361783981323242,34.86089324951172,112.56710815429688,449.5782165527344,187.21470642089844,100.38859558105469
2023-03-31,162.85501098632812,103.29000091552734,219.0904998779297,146.7318878173828,98.48812866210938,103.01947021484375,307.0580139160156,277.20953369140625,122.51165771484375,57.514427185058594,210.64146423339844,282.801513671875,71.57646942138672,345.4800109863281,27.75547981262207,35.223487854003906,115.19847106933594,451.9980163574219,189.95175170898438,100.5444564819336
2023-04-03,164.10923767089844,102.41000366210938,220.07664489746094,152.83824157714844,98.12419891357422,103.64515686035156,306.5041809082031,279.6611633300781,122.37065124511719,57.85749435424805,211.76454162597656,281.7519836425781,71.19574737548828,348.2799987792969,27.943334579467773,35.698307037353516,114.27519989013672,472.65679931640625,188.32838439941406,106.47664642333984
2023-04-04,163.57595825195312,103.94999694824219,208.18576049804688,152.0198516845703,97.93731689453125,104.002685546875,302.87139892578125,277.0592346191406,120.73475646972656,57.68132400512695,213.4044189453125,281.7029113769531,71.6507568359375,346.75,27.431732177734375,35.309818267822266,114.56140899658203,471.75775146484375,184.87403869628906,105.45891571044922
2023-04-05,161.72914123535156,101.0999984741211,204.43280029296875,152.7753143310547,98.27174377441406,103.75440216064453,301.8200378417969,271.1510009765625,120.91478729248047,58.228370666503906,210.1842803955078,278.91705322265625,72.73723602294922,342.3500061035156,26.86017608642578,35.870975494384766,112.89025115966797,487.0415344238281,183.2978973388672,107.2651596069336
2023-04-06,162.6179962158203,102.05999755859375,200.258544921875,150.7698211669922,98.33075714111328,107.67733764648438,302.63665771484375,271.0946350097656,120.78214263916016,58.26546859741211,214.77598571777344,286.0386047363281,73.33153533935547,339.3299865722656,27.016054153442383,35.82781219482422,113.33341979980469,490.4654846191406,187.47894287109375,105.4864273071289
2023-04-10,160.0205841064453,102.16999816894531,206.3475799560547,151.34536743164062,99.156982421875,105.71089935302734,305.0397644042969,273.499267578125,121.18009948730469,58.12638473510742,213.43421936035156,283.87078857421875,72.83008575439453,338.989990234375,27.557632446289062,36.026371002197266,114.24748229980469,492.7322082519531,187.22410583496094,105.01881408691406
2023-04-11,158.80584716796875,99.91999816894531,211.20156860351562,152.18173217773438,98.77336883544922,104.62837982177734,307.3020935058594,275.94140625,121.77705383300781,58.024391174316406,212.53977966308594,277.43585205078125,72.74649810791016,338.2099914550781,27.14794921875,36.07816696166992,113.25958251953125,498.2698974609375,187.72434997558594,105.76148223876953
2023-04-12,158.1145477294922,97.83000183105469,211.1058349609375,152.72132873535156,96.33404541015625,103.92323303222656,309.99609375,272.8135681152344,121.75808715820312,58.12638473510742,212.6888427734375,278.0832824707031,72.97864532470703,331.0299987792969,26.474472045898438,35.715576171875,113.3888168334961,498.4803161621094,187.56390380859375,105.65145111083984
2023-04-13,163.50682067871094,102.4000015258789,212.22598266601562,154.76278686523438,99.18648529052734,106.69412231445312,311.770263671875,274.4197692871094,122.22239685058594,58.55289840698242,218.9999237060547,284.3122253417969,73.22007751464844,346.19000244140625,26.44249725341797,35.801918029785156,112.56710815429688,503.3006896972656,186.7993927001953,106.14657592773438
2023-04-14,163.1611785888672,102.51000213623047,214.15036010742188,155.07752990722656,98.26190185546875,108.12425994873047,316.2666015625,274.4573974609375,131.45138549804688,58.460174560546875,220.13294982910156,280.6827697753906,72.44934844970703,338.6300048828125,26.73727035522461,35.560176849365234,110.57281494140625,489.4899597167969,187.3751220703125,106.40328979492188
2023-04-17,163.18087768554688,102.73999786376953,215.64390563964844,153.71058654785156,98.65534973144531,105.2441177368164,318.8573913574219,277.4725036621094,132.49366760253906,58.84032440185547,217.51904296875,283.2920227050781,72.93222045898438,332.7200012207031,26.981077194213867,35.551551818847656,113.69352722167969,483.3305358886719,188.80027770996094,105.16551208496094
2023-04-18,164.40553283691406,102.30000305175781,215.60560607910156,153.35086059570312,99.27501678466797,103.78418731689453,313.441162109375,280.80712890625,133.98126220703125,58.93305206298828,216.5550079345703,282.8701477050781,72.70935821533203,333.70001220703125,27.645566940307617,35.007652282714844,114.21978759765625,482.4985046386719,188.2622833251953,107.21932220458984
2023-04-19,165.55117797851562,104.30000305175781,215.07904052734375,153.4947509765625,97.13075256347656,103.46637725830078,316.23846435546875,278.8909606933594,133.81072998046875,59.04431915283203,214.37841796875,282.9486999511719,73.30365753173828,323.1199951171875,27.90935707092285,34.74003219604492,115.55856323242188,465.0149841308594,190.650146484375,106.88006591796875
2023-04-20,164.58326721191406,103.80999755859375,212.80043029785156,152.74832153320312,96.46190643310547,104.56878662109375,317.9468994140625,280.4501647949219,133.42222595214844,59.30392837524414,211.76454162597656,280.6532897949219,73.12722778320312,325.3500061035156,27.08300018310547,34.40332794189453,113.79507446289062,466.22003173828125,191.21644592285156,106.02737426757812
2023-04-21,162.9735107421875,106.95999908447266,212.0303497314453,152.09181213378906,97.93731689453125,104.6879653930664,320.71600341796875,281.8309631347656,133.1664276123047,59.38738250732422,211.58563232421875,280.3100280761719,73.35009002685547,327.9800109863281,27.09798812866211,34.7141227722168,114.09976959228516,462.7386779785156,187.6771697998047,106.36663818359375
2023-04-24,163.2796630859375,106.20999908447266,215.07215881347656,154.2141876220703,98.0455093383789,105.2441177368164,322.87506103515625,283.3338623046875,133.346435546875,59.294654846191406,211.48623657226562,276.3961181640625,73.39653015136719,329.0199890136719,27.02105140686035,34.45512390136719,113.73967742919922,467.6355895996094,189.02682495117188,108.37456512451172
2023-04-25,161.73899841308594,102.56999969482422,210.4517059326172,151.9748992919922,96.40289306640625,103.13864135742188,318.6697082519531,278.3460998535156,130.44699096679688,59.20193862915039,206.27833557128906,270.16717529296875,72.26364135742188,322.54998779296875,26.220670700073242,33.954402923583984,111.38529968261719,470.4857482910156,183.80752563476562,106.83421325683594
2023-04-26,161.72914123535156,104.9800033569336,208.1029815673828,149.26797485351562,95.0258560180664,102.99961853027344,315.9286804199219,270.5874328613281,128.135009765625,58.92377853393555,208.11700439453125,289.7367858886719,68.78137969970703,321.1499938964844,26.93511390686035,33.350074768066406,109.93574523925781,461.90655517578125,180.74014282226562,105.85315704345703
2023-04-27,166.32147216796875,109.81999969482422,206.31256103515625,150.1403045654297,98.29141235351562,106.85303497314453,320.65972900390625,276.091796875,129.85952758789062,59.04431915283203,237.09835815429688,299.01629638671875,70.43428802490234,325.8500061035156,27.204906463623047,33.44504928588867,112.80716705322266,469.0989074707031,182.66549682617188,107.11845397949219
2023-04-28,167.57571411132812,105.44999694824219,210.61534118652344,151.60618591308594,100.81927490234375,106.60472869873047,322.386962890625,282.30059814453125,130.98709106445312,59.480098724365234,238.84759521484375,301.39996337890625,71.15859985351562,329.92999267578125,27.72749900817871,33.57453536987305,115.64165496826172,470.6483459472656,184.70413208007812,108.50293731689453
2023-05-01,167.48683166503906,102.05000305175781,209.142578125,150.40109252929688,100.53401947021484,106.46568298339844,319.69287109375,279.6329650878906,133.79177856445312,59.61918640136719,241.69003295898438,299.7323303222656,71.31645965576172,324.1199951171875,28.887598037719727,33.850799560546875,113.01029205322266,474.10101318359375,187.4695281982422,105.13800048828125
2023-05-02,166.44985961914062,103.62999725341797,207.1018524169922,143.92604064941406,98.9504165649414,104.59856414794922,312.9342346191406,276.4205322265625,131.63140869140625,59.35029220581055,237.77418518066406,299.5852355957031,70.51787567138672,317.54998779296875,28.188142776489258,33.721309661865234,113.08415222167969,471.8917236328125,185.05337524414062,100.94789123535156
2023-05-03,165.37339782714844,103.6500015258789,207.5735626220703,141.03927612304688,99.20616149902344,104.6879653930664,308.50360107421875,275.2933044433594,128.84564208984375,59.01649856567383,235.57774353027344,298.594482421875,70.00712585449219,319.29998779296875,27.780460357666016,33.19468307495117,114.6352767944336,468.1138000488281,184.35491943359375,98.9582748413086
2023-05-04,163.73397827148438,104.0,202.5102996826172,140.49069213867188,95.8520736694336,103.97289276123047,301.56658935546875,268.4082336425781,127.08320617675781,59.08140182495117,232.0892333984375,299.5852355957031,70.11857604980469,320.7799987792969,27.540645599365234,33.00475311279297,115.3000259399414,466.0478515625,185.98773193359375,97.22538757324219
2023-05-05,171.41751098632812,105.66000366210938,207.04412841796875,144.07894897460938,98.87173461914062,104.84687042236328,306.9735107421875,272.0433349609375,129.56578063964844,59.359561920166016,231.35377502441406,304.7253112792969,70.11857604980469,322.760009765625,28.65778160095215,33.22922134399414,117.48823547363281,472.7428894042969,189.92343139648438,99.64593505859375
2023-05-08,171.34835815429688,105.83000183105469,206.7553253173828,143.51235961914062,101.28156280517578,107.03179931640625,306.4947509765625,270.4559020996094,129.8784637451172,59.2668342590332,231.84078979492188,302.7634582519531,70.6292953491211,331.2099914550781,29.128414154052734,33.38460922241211,117.59902954101562,471.1552734375,188.70590209960938,100.04019927978516
2023-05-09,169.6398162841797,106.62000274658203,205.5039825439453,143.0986785888672,100.50452423095703,106.61466979980469,304.8613586425781,272.945068359375,129.2530975341797,58.77542495727539,231.94017028808594,301.1448974609375,70.1835708618164,332.1400146484375,28.548864364624023,33.220577239990234,116.26026153564453,469.01287841796875,189.31935119628906,100.06768798828125
2023-05-10,171.4075927734375,110.19000244140625,205.1959228515625,141.27308654785156,99.4815673828125,110.98452758789062,302.7774963378906,271.4891662597656,129.3194122314453,58.877418518066406,231.65194702148438,306.3536071777344,71.40003967285156,335.4200134277344,28.86262321472168,33.06517791748047,118.25456237792969,468.7162780761719,187.87533569335938,98.7840576171875
2023-05-11,171.5952606201172,112.18000030517578,202.17340087890625,140.49069213867188,90.7963638305664,115.7715072631836,301.0596923828125,270.2304992675781,128.9119873046875,59.211212158203125,234.34532165527344,304.1955261230469,70.66642761230469,344.760009765625,28.555856704711914,32.79465866088867,116.09406280517578,467.46343994140625,186.95040893554688,96.99616241455078
2023-05-12,170.66563415527344,110.26000213623047,201.7017364501953,140.8503875732422,90.48160552978516,116.705078125,299.9144592285156,272.841796875,127.06427764892578,59.44301223754883,232.37745666503906,303.07733154296875,72.39363861083984,339.8900146484375,28.31804656982422,32.59394073486328,115.56779479980469,469.82586669921875,187.80929565429688,96.98699951171875
2023-05-15,170.171142578125,111.19999694824219,203.38626098632812,141.37197875976562,91.33734130859375,115.71192169189453,302.32696533203125,271.02886962890625,128.135009765625,59.28538513183594,237.39651489257812,303.5579833984375,72.00362396240234,335.8900146484375,28.930566787719727,32.42814254760742,115.6693344116211,465.6462097167969,188.4227752685547,97.17195892333984
2023-05-16,170.171142578125,113.4000015258789,199.4492645263672,138.0535430908203,89.48817443847656,118.69136810302734,301.1441955566406,265.19573974609375,127.27275848388672,58.617801666259766,237.35678100585938,305.79449462890625,70.42501068115234,333.75,29.19036865234375,32.297237396240234,111.94849395751953,458.81732177734375,185.80841064453125,94.81363677978516
2023-05-17,170.7843017578125,115.5,204.1659698486328,140.0320281982422,91.24880981445312,120.01226806640625,309.9397277832031,274.64520263671875,131.18606567382812,58.55289840698242,241.0042724609375,308.6846923828125,69.96070098876953,339.9599914550781,30.154621124267578,32.07034683227539,113.28727722167969,463.6855163574219,187.66769409179688,96.94074249267578
2023-05-18,173.11827087402344,118.1500015258789,206.6879425048828,139.8594970703125,92.22258758544922,121.98863220214844,309.3765869140625,277.24713134765625,132.18096923828125,58.228370666503906,245.33755493164062,313.12823486328125,69.73783874511719,371.2900085449219,31.653453826904297,31.834733963012695,112.69636535644531,458.3486633300781,187.63941955566406,97.81934356689453
2023-05-19,173.22705078125,116.25,206.74571228027344,140.9674072265625,89.85210418701172,121.91910552978516,306.1568298339844,273.2268981933594,131.8777313232422,58.256195068359375,244.1349639892578,312.9512634277344,69.162109375,365.3599853515625,31.239776611328125,32.087799072265625,113.61965942382812,457.95654296875,187.7904052734375,98.27250671386719
2023-05-22,172.2776336669922,115.01000213623047,206.2451629638672,138.43373107910156,90.31438446044922,124.19343566894531,305.00225830078125,273.0202331542969,130.78810119628906,57.032283782958984,246.79856872558594,315.7431945800781,69.25497436523438,363.010009765625,31.151844024658203,33.815673828125,114.69991302490234,459.6780700683594,187.1486053466797,97.07947540283203
2023-05-23,169.66673278808594,114.98999786376953,204.75315856933594,142.4385528564453,88.3471908569336,121.7204818725586,303.7350158691406,277.04046630859375,129.4236297607422,56.93029022216797,245.22824096679688,309.9234313964844,68.86495208740234,355.989990234375,30.66422462463379,34.59234619140625,114.0628433227539,458.54949951171875,185.34596252441406,98.40198516845703
2023-05-24,169.9436798095703,116.75,201.85572814941406,142.8199462890625,87.60948181152344,120.07185363769531,300.2054443359375,273.4335021972656,128.2392120361328,56.448150634765625,247.68312072753906,308.5372619628906,68.93924713134766,364.8500061035156,30.514341354370117,33.71095275878906,111.73613739013672,459.8789367675781,181.12709045410156,99.50251770019531
2023-05-25,171.0810089111328,115.0,202.12525939941406,140.3589630126953,86.69474029541016,122.63418579101562,304.0259704589844,269.3475036621094,128.55194091796875,56.012359619140625,251.1417694091797,320.4029846191406,68.1499252319336,359.0,37.9505729675293,33.0128288269043,112.62250518798828,456.8853454589844,182.3540496826172,97.71760559082031
2023-05-26,173.49403381347656,120.11000061035156,203.877197265625,139.9230499267578,86.84227752685547,123.75643920898438,311.6576232910156,275.0585021972656,129.75527954101562,55.87328338623047,260.4344787597656,327.25494384765625,69.0826187133789,378.8800048828125,38.91582107543945,32.812110900878906,115.36466979980469,460.53887939453125,182.25022888183594,97.07947540283203
2023-05-30,175.34344482421875,121.66000366210938,202.04824829101562,139.05125427246094,86.37997436523438,122.82288360595703,310.5499267578125,274.6545715332031,130.2480010986328,55.428218841552734,260.91156005859375,325.6033935546875,67.93311309814453,392.9800109863281,40.07992172241211,32.297237396240234,114.77376556396484,458.941650390625,184.53073120117188,96.21937561035156
2023-05-31,175.29396057128906,120.58000183105469,198.05349731445312,136.7809600830078,86.51768493652344,122.02835845947266,306.3598327636719,268.16455078125,128.58981323242188,55.31695556640625,263.0980529785156,322.8311767578125,68.65272521972656,395.2300109863281,37.804683685302734,33.17863464355469,114.99535369873047,466.0096130371094,182.93438720703125,94.49919128417969
2023-06-01,178.1026153564453,122.7699966430664,201.2493133544922,138.1794891357422,87.1373519897461,122.8725357055664,299.2659912109375,272.83819580078125,130.36170959472656,55.632205963134766,270.939697265625,326.9501953125,68.1854476928711,403.1300048828125,39.73918914794922,33.17863464355469,113.23188018798828,472.1211853027344,185.93704223632812,95.59049987792969
2023-06-02,178.953125,124.25,218.15245056152344,141.90274047851562,89.28160858154297,123.81603240966797,306.1233215332031,279.98101806640625,133.10006713867188,56.707759857177734,270.939697265625,329.7225341796875,69.01720428466797,400.4700012207031,39.29652786254883,33.47533416748047,115.33695983886719,477.8119201660156,188.76869201660156,97.81008911132812
2023-06-05,177.59828186035156,125.30000305175781,214.1480712890625,141.2216339111328,89.5078353881836,125.14685821533203,304.38299560546875,277.29412841796875,131.79248046875,56.327613830566406,269.7272033691406,330.2533874511719,68.77421569824219,403.5400085449219,39.140647888183594,33.7284049987793,115.06922149658203,476.4825744628906,188.83518981933594,97.37541961669922
2023-06-06,177.2323455810547,126.61000061035156,218.2005615234375,141.47593688964844,90.6488265991211,126.43795013427734,309.1027526855469,280.0378112792969,132.0293731689453,55.919639587402344,269.4588928222656,328.0316162109375,68.57796478271484,399.2900085449219,38.624053955078125,33.48405838012695,116.17716217041016,466.3252868652344,186.5832061767578,98.17076873779297
2023-06-07,175.85768127441406,121.2300033569336,226.73878479003906,145.14474487304688,91.0029067993164,121.66089630126953,317.5681457519531,285.430419921875,133.30853271484375,55.83618927001953,261.98492431640625,317.906005859375,69.31626892089844,399.7699890136719,37.449832916259766,33.93783950805664,118.23609161376953,461.1223449707031,191.4292755126953,100.37187194824219
2023-06-08,178.57736206054688,124.25,225.679931640625,144.6089630126953,91.01275634765625,121.3033676147461,317.3032531738281,284.853271484375,133.346435546875,55.97527313232422,262.95892333984375,319.754150390625,69.99848937988281,409.3699951171875,38.48414611816406,34.11238098144531,115.3277359008789,468.8694152832031,190.98265075683594,100.05742645263672
2023-06-09,178.96302795410156,123.43000030517578,226.23822021484375,144.2638702392578,90.42259216308594,121.39274597167969,317.823486328125,281.31500244140625,133.61172485351562,56.0679931640625,263.3266906738281,321.25823974609375,69.22280883789062,420.0199890136719,38.74396514892578,34.00765609741211,112.00389862060547,472.11163330078125,189.72837829589844,99.31757354736328
2023-06-12,181.76177978515625,126.56999969482422,229.00083923339844,142.87445068359375,91.61274719238281,122.79308319091797,321.10552978515625,284.6357116699219,133.60227966308594,55.82691955566406,269.3892822265625,326.2325744628906,69.13870239257812,423.9700012207031,39.45549011230469,34.819236755371094,110.44355773925781,471.12652587890625,189.0537567138672,98.42047119140625
2023-06-13,181.28709411621094,126.66000366210938,236.25880432128906,143.94602966308594,92.31110382080078,122.9817886352539,323.9526062011719,283.8977355957031,134.56875610351562,56.0494499206543,269.65765380859375,328.6313171386719,69.48448181152344,435.7300109863281,40.99446487426758,35.150840759277344,112.04084014892578,469.9023132324219,189.02520751953125,98.43898010253906
2023-06-14,181.92002868652344,126.41999816894531,234.21812438964844,142.65647888183594,90.9340591430664,122.82288360595703,320.0935363769531,283.5476989746094,134.06655883789062,56.429603576660156,271.6752014160156,331.6296081542969,68.5966567993164,440.8599853515625,42.968135833740234,34.34799575805664,112.89025115966797,439.8226623535156,192.6455535888672,97.25518798828125
2023-06-15,183.9573211669922,127.11000061035156,238.4053955078125,143.73716735839844,91.4160385131836,124.233154296875,321.342041015625,285.7331848144531,135.58262634277344,57.20504379272461,280.1032409667969,342.20751953125,69.49383544921875,445.2699890136719,42.624366760253906,34.68832778930664,113.18782806396484,447.4190979003906,195.66720581054688,97.93031311035156
2023-06-16,182.87933349609375,125.48999786376953,236.0951690673828,142.81085205078125,89.82258605957031,122.683837890625,319.9894714355469,284.1816101074219,135.7436981201172,57.61612319946289,279.2783508300781,336.5351257324219,70.64334106445312,431.9599914550781,42.663333892822266,34.958866119384766,114.03404235839844,440.31243896484375,194.47943115234375,97.22744750976562
2023-06-20,182.96835327148438,125.77999877929688,232.1292724609375,139.55979919433594,88.27833557128906,122.25679016113281,312.8105163574219,285.1560363769531,135.05198669433594,57.233070373535156,282.5879211425781,332.3276062011719,69.8676528930664,434.70001220703125,43.77858352661133,34.330543518066406,112.36951446533203,450.78033447265625,191.35325622558594,94.99861145019531
2023-06-21,181.92994689941406,124.83000183105469,232.44696044921875,140.64955139160156,87.18653869628906,119.72425079345703,307.4665222167969,284.4843444824219,134.85301208496094,57.39189529418945,279.9144287109375,327.9136047363281,70.82090759277344,424.45001220703125,43.01609802246094,33.94657516479492,112.23002624511719,457.8485107421875,193.5101776123047,96.0621566772461
2023-06-22,184.93637084960938,130.14999389648438,228.46177673339844,138.61534118652344,87.03899383544922,122.30644226074219,302.2737731933594,284.9383850097656,132.2567901611328,57.78428268432617,283.1345520019531,333.95953369140625,70.21343994140625,422.4800109863281,42.99611282348633,33.7982177734375,110.34233856201172,460.0572814941406,193.24415588378906,95.5350112915039
2023-06-23,184.61993408203125,129.3300018310547,225.6702880859375,137.4438934326172,86.6553955078125,121.50198364257812,297.66748046875,284.5884094238281,131.56509399414062,57.17701721191406,286.96099853515625,329.3489074707031,69.31626892089844,424.0199890136719,42.180660247802734,33.422969818115234,108.70569610595703,458.088623046875,189.93743896484375,94.7026596069336
2023-06-26,183.2254638671875,127.33000183105469,228.08641052246094,139.8594970703125,87.24555206298828,117.52938842773438,295.4447937011719,291.28662109375,131.88723754882812,57.19569778442383,276.7638244628906,323.03759765625,69.42840576171875,415.94000244140625,40.60472106933594,32.19252395629883,110.66778564453125,460.06695556640625,191.30572509765625,96.4505844116211
2023-06-27,185.98468017578125,129.17999267578125,231.68650817871094,139.42356872558594,87.59964752197266,117.51945495605469,296.4757385253906,296.8211364746094,131.89669799804688,57.074249267578125,285.291259765625,328.90655517578125,69.07328033447266,417.0799865722656,41.84788131713867,31.782363891601562,112.39742279052734,463.4281311035156,192.8735809326172,96.69104766845703
2023-06-28,187.1615447998047,129.0399932861328,232.82235717773438,140.68585205078125,87.37342071533203,119.35678100585938,296.67437744140625,289.9810485839844,131.31871032714844,56.54171371459961,283.54205322265625,330.16485595703125,68.634033203125,429.8399963378906,41.08939743041992,31.668928146362305,112.1463394165039,455.63970947265625,192.97808837890625,97.4771499633789
2023-06-29,187.49778747558594,127.9000015258789,235.1037139892578,141.88458251953125,87.49144744873047,118.2841796875,305.5936584472656,291.2203674316406,135.90476989746094,56.074581146240234,279.8050842285156,329.3784484863281,68.0452651977539,428.239990234375,40.79458999633789,31.52056884765625,112.98324584960938,457.5507507324219,194.46043395996094,98.67942810058594
2023-06-30,191.82948303222656,130.36000061035156,236.8459930419922,142.89259338378906,87.8160400390625,118.88006591796875,305.073486328125,293.8883056640625,137.80934143066406,56.261436462402344,285.2216796875,334.77545166015625,69.34429168701172,440.489990234375,42.27359390258789,32.00926208496094,114.03404235839844,461.5843200683594,194.43191528320312,99.18807983398438
2023-07-03,190.3361358642578,130.22000122070312,238.07814025878906,142.76548767089844,89.01602935791016,119.0787124633789,308.923095703125,293.30169677734375,138.9179229736328,56.597774505615234,284.267578125,332.2686462402344,69.51251983642578,441.44000244140625,42.384517669677734,31.983083724975586,115.16852569580078,458.9337158203125,195.86672973632812,99.38230895996094
2023-07-05,189.2185821533203,130.3800048828125,235.67164611816406,141.94815063476562,88.31768035888672,120.91603088378906,302.71832275390625,294.0396728515625,137.9925079345703,57.0181884765625,292.5663757324219,332.4259033203125,70.04521942138672,445.8999938964844,42.288597106933594,31.81727409362793,115.29872131347656,452.53778076171875,193.75726318359375,98.87364959716797
2023-07-06,189.6933135986328,128.36000061035156,231.58059692382812,138.8333282470703,87.28489685058594,119.2872543334961,296.05010986328125,285.7331848144531,136.6282501220703,56.57908630371094,290.2010192871094,335.4931335449219,68.24151611328125,438.8399963378906,42.07473373413086,31.092967987060547,114.36880493164062,450.7514953613281,192.427001953125,95.18357849121094
2023-07-07,188.57574462890625,129.77999877929688,236.00852966308594,140.0501708984375,87.18653869628906,118.66158294677734,298.10260009765625,286.4805603027344,137.70628356933594,55.83167266845703,288.74993896484375,331.5116271972656,67.33499908447266,438.1000061035156,42.474464416503906,31.005699157714844,113.43889617919922,443.2799377441406,192.7215576171875,95.40553283691406
2023-07-10,186.5286102294922,127.12999725341797,239.50274658203125,140.9855499267578,86.6553955078125,115.65232849121094,299.3321838378906,293.5477294921875,138.47906494140625,55.411258697509766,292.2980651855469,326.2128601074219,67.01725769042969,441.7099914550781,42.15168380737305,31.136594772338867,113.27151489257812,444.691650390625,194.6599884033203,96.82051849365234
2023-07-11,186.00445556640625,128.77999877929688,243.39163208007812,143.5918426513672,88.02259826660156,116.33760833740234,303.5033874511719,296.74542236328125,140.6447296142578,55.607444763183594,296.46240234375,326.84210205078125,67.4658432006836,440.2099914550781,42.37653350830078,31.43330192565918,114.58267974853516,444.53802490234375,196.49386596679688,98.00431060791016
2023-07-12,187.67581176757812,130.8000030517578,244.11358642578125,144.97218322753906,88.6717758178711,118.1153335571289,308.72442626953125,300.3972473144531,141.3411865234375,55.906410217285156,307.4447021484375,331.4920349121094,68.66207122802734,444.04998779296875,43.872520446777344,31.407121658325195,116.46109771728516,433.79168701171875,198.51780700683594,98.4852066040039
2023-07-13,188.4373016357422,134.3000030517578,246.2890167236328,143.03787231445312,88.98653411865234,123.6869125366211,310.8809509277344,297.6347351074219,142.028076171875,56.38288497924805,311.4897766113281,336.8595886230469,68.88636779785156,450.3800048828125,45.946136474609375,31.468212127685547,118.05123138427734,429.99822998046875,200.12368774414062,96.68179321289062
2023-07-14,188.58566284179688,134.67999267578125,246.0579833984375,139.46900939941406,87.16687774658203,124.5608901977539,308.52581787109375,299.43231201171875,142.8867645263672,56.896732330322266,306.9775695800781,339.3958740234375,68.40973663330078,441.9100036621094,45.4384765625,31.69510269165039,118.79515838623047,461.1329345703125,200.48475646972656,93.35240936279297
2023-07-17,191.8492431640625,133.55999755859375,247.8291473388672,139.34185791015625,84.15704345703125,123.7961654663086,309.4811096191406,299.0065612792969,146.33084106445312,56.81265640258789,308.71685791015625,339.87762451171875,67.90507507324219,450.04998779296875,46.4298095703125,31.29367446899414,119.00901794433594,464.8879089355469,199.41102600097656,93.75932312011719
2023-07-18,191.5921173095703,132.8300018310547,253.94161987304688,139.6233673095703,84.54064178466797,122.91226196289062,319.00579833984375,299.67828369140625,146.5979766845703,56.58842086791992,310.1380920410156,353.4046936035156,67.33499908447266,474.79998779296875,47.46211624145508,31.625288009643555,115.30801391601562,480.17669677734375,202.0335693359375,93.33390045166016
2023-07-19,192.94700622558594,135.36000061035156,254.17379760742188,140.4770050048828,85.6127700805664,121.1941146850586,322.10821533203125,302.2516174316406,147.1608428955078,57.58809280395508,314.0738220214844,349.0693359375,67.38172149658203,477.5899963378906,47.04539489746094,31.79981803894043,114.17351531982422,483.73004150390625,203.58242797851562,93.98128509521484
2023-07-20,190.99876403808594,129.9600067138672,252.56797790527344,142.02987670898438,84.79637908935547,118.38350677490234,331.85986328125,301.882568359375,148.97354125976562,58.288787841796875,300.6664733886719,340.9983215332031,69.25083923339844,437.4200134277344,45.48944091796875,32.087799072265625,115.0848388671875,484.2486267089844,205.98646545410156,95.6367416381836
2023-07-21,189.8218536376953,130.0,249.2402801513672,144.10948181152344,85.75047302246094,119.19788360595703,332.9002990722656,303.188232421875,147.8286895751953,58.33550262451172,292.4571228027344,337.9507751464844,70.93305206298828,427.5,44.27925109863281,32.63758087158203,116.64706420898438,486.44781494140625,205.98646545410156,96.08065795898438
2023-07-24,190.6229248046875,128.8000030517578,250.9040985107422,146.951904296875,85.17999267578125,120.6975326538086,339.49285888671875,307.5780029296875,150.73849487304688,58.35417938232422,289.82330322265625,339.26812744140625,70.5592269897461,428.3699951171875,44.58205032348633,32.73356628417969,118.10701751708984,488.5125732421875,206.13848876953125,97.588134765625
2023-07-25,191.4833221435547,129.1300048828125,253.50637817382812,147.62391662597656,84.22588348388672,121.37288665771484,335.491943359375,307.59686279296875,149.61276245117188,58.15798568725586,292.665771484375,345.0387268066406,70.50316619873047,427.70001220703125,45.64833068847656,32.34087371826172,118.19070434570312,490.67333984375,204.8177490234375,97.7361068725586
2023-07-26,192.35360717773438,128.14999389648438,249.88841247558594,146.51600646972656,84.45211791992188,128.384521484375,338.197021484375,311.81634521484375,150.50953674316406,58.90540313720703,296.7406921386719,332.0523681640625,69.50318908691406,422.6700134277344,45.42148208618164,32.47177505493164,120.21788787841797,487.8595275878906,226.14991760253906,97.1904525756836
2023-07-27,191.08773803710938,128.25,249.86904907226562,144.9903564453125,83.9603271484375,128.51361083984375,335.3122253417969,311.929931640625,148.84951782226562,58.33550262451172,309.8001708984375,325.1217346191406,68.47516632080078,413.1700134277344,45.86918640136719,31.942338943481445,116.18211364746094,485.19940185546875,220.54368591308594,97.49563598632812
2023-07-28,193.6689453125,132.2100067138672,251.92955017089844,144.27294921875,84.71768951416016,131.6718292236328,334.1015319824219,313.50042724609375,149.69862365722656,58.372867584228516,323.48583984375,332.6421813964844,68.08264923095703,425.7799987792969,46.71861267089844,31.827627182006836,114.98253631591797,482.97137451171875,221.1803436279297,96.33036804199219
2023-07-31,194.28207397460938,133.67999267578125,256.5148620605469,148.62281799316406,87.43243408203125,131.81089782714844,336.5985107421875,315.8371887207031,150.7003631591797,57.85902786254883,316.6479797363281,330.2336730957031,68.5031967163086,438.9700012207031,46.697628021240234,31.81880760192871,116.00543975830078,486.294189453125,220.46768188476562,99.17884063720703
2023-08-01,193.45135498046875,131.69000244140625,279.2284851074219,147.38780212402344,87.57013702392578,130.64891052246094,338.3483581542969,314.16265869140625,149.9561767578125,57.70954895019531,320.7327575683594,330.6465759277344,67.4471435546875,438.6199951171875,46.47577667236328,31.421733856201172,115.47539520263672,484.72882080078125,219.97357177734375,98.6054458618164
2023-08-02,190.45480346679688,128.2100067138672,278.1837158203125,145.05392456054688,84.8849105834961,127.50061798095703,332.08685302734375,310.78515625,148.25799560546875,57.887054443359375,312.3842468261719,321.9562072753906,67.20417022705078,429.70001220703125,44.239280700683594,31.192312240600586,115.01043701171875,484.7864685058594,218.73826599121094,97.37541961669922
2023-08-03,189.0603485107422,128.91000366210938,272.263427734375,144.99942016601562,84.08818054199219,127.57013702392578,334.03533935546875,312.0623474121094,149.16436767578125,57.58809280395508,311.2711486816406,321.1304626464844,65.51261138916016,431.0,44.485111236572266,30.88347816467285,115.1313247680664,484.8440246582031,218.44374084472656,99.06785583496094
2023-08-04,179.98167419433594,139.57000732421875,267.4169921875,144.67251586914062,84.8849105834961,127.23246765136719,334.0920104980469,308.8268127441406,148.84951782226562,56.71921920776367,308.82623291015625,322.2314147949219,64.64347076416016,431.6000061035156,44.65000534057617,30.901124954223633,113.67137908935547,482.7984924316406,217.1514129638672,99.3453140258789
2023-08-07,176.8762969970703,142.22000122070312,272.45697021484375,145.19921875,85.4062271118164,130.62904357910156,336.3052978515625,311.4190368652344,149.5554962158203,57.16766357421875,314.6204528808594,324.52203369140625,64.14814758300781,440.760009765625,45.38650894165039,31.483495712280273,115.70787811279297,490.49090576171875,218.26319885253906,99.141845703125
2023-08-08,177.8158416748047,139.94000244140625,273.6564025878906,144.98130798339844,86.68489837646484,130.4999237060547,329.4006652832031,310.13238525390625,148.7159423828125,56.91542053222656,310.7245178222656,320.53076171875,64.21356201171875,438.29998779296875,44.63401412963867,31.44820785522461,114.76866912841797,485.8044128417969,217.24647521972656,99.63201141357422
2023-08-09,176.22361755371094,137.85000610351562,275.242919921875,145.17196655273438,86.05538940429688,128.77183532714844,324.1322937011719,310.5107727050781,146.72198486328125,57.04622268676758,303.3399963378906,316.77545166015625,64.40982818603516,428.8999938964844,42.525428771972656,31.624683380126953,114.00614929199219,482.2030334472656,217.83563232421875,101.3244400024414
2023-08-10,176.00604248046875,138.55999755859375,274.55609130859375,146.05288696289062,90.25537872314453,128.8016357421875,321.9662780761719,311.63665771484375,146.50257873535156,56.91542053222656,303.8667297363281,317.4635925292969,63.8210563659668,429.9800109863281,42.35954284667969,31.518802642822266,113.59699249267578,483.51873779296875,218.83334350585938,101.84236145019531
2023-08-11,176.06544494628906,138.41000366210938,275.910400390625,149.0678253173828,87.560302734375,128.6725311279297,322.2784423828125,313.25439453125,147.35166931152344,57.148983001708984,299.7918701171875,315.5760498046875,64.40982818603516,421.6600036621094,40.82756423950195,31.801156997680664,114.85236358642578,487.869140625,218.0636444091797,103.4238052368164
2023-08-14,177.71926879882812,140.57000732421875,275.25262451171875,148.95883178710938,87.35374450683594,130.43038940429688,319.4503173828125,312.156982421875,147.65695190429688,56.8780517578125,304.3139953613281,318.5548095703125,64.07337951660156,427.7799987792969,43.72362518310547,31.827627182006836,114.824462890625,490.67333984375,218.3582000732422,103.50704193115234
2023-08-15,175.72874450683594,137.6699981689453,268.3166198730469,144.6089630126953,85.6324462890625,128.89100646972656,314.2198181152344,314.2288818359375,143.8980255126953,56.49500274658203,300.0999450683594,316.4117126464844,62.942562103271484,423.70001220703125,43.910499572753906,31.22760772705078,114.08982849121094,486.60150146484375,214.31028747558594,100.84967803955078
2023-08-16,174.8572998046875,135.07000732421875,265.5499572753906,144.0550079345703,84.93408203125,127.81842041015625,311.2876892089844,315.0708923339844,143.28744506835938,56.50434494018555,292.4869079589844,315.6432800292969,63.138824462890625,415.45001220703125,43.45680618286133,31.30702018737793,113.3087158203125,483.5955810546875,213.43609619140625,99.15267944335938
2023-08-17,172.31222534179688,133.97999572753906,266.1884460449219,146.46630859375,84.51113891601562,129.0300750732422,309.7837829589844,309.63092041015625,141.7991180419922,56.625797271728516,283.3432922363281,312.1755676269531,63.09210205078125,403.0,43.314903259277344,32.215877532958984,111.77436828613281,474.3761901855469,213.2080841064453,101.07344055175781
2023-08-18,172.79745483398438,133.22000122070312,264.8631591796875,147.52066040039062,84.55048370361328,126.5869140625,307.33404541015625,309.71612548828125,142.12351989746094,56.943450927734375,281.5145568847656,311.7814636230469,63.39115524291992,404.5299987792969,43.269927978515625,32.34823989868164,112.9553451538086,478.6785888671875,214.0442657470703,102.60260772705078
2023-08-21,174.1343536376953,134.67999267578125,263.8473815917969,147.02557373046875,84.47179412841797,127.49067687988281,304.6195068359375,306.5845947265625,142.6100616455078,56.4576301574707,288.123779296875,317.1012878417969,62.690242767333984,408.2900085449219,46.935462951660156,32.65707015991211,111.71858978271484,477.94873046875,212.81846618652344,101.36249542236328
2023-08-22,175.51087951660156,134.25,261.3806457519531,145.81532287597656,84.38327026367188,128.19581604003906,301.52655029296875,306.9819641113281,139.6525421142578,56.1119499206543,285.8379211425781,317.6726989746094,63.1014404296875,413.1700134277344,45.6373405456543,32.50707244873047,112.5368881225586,472.82037353515625,211.33615112304688,100.7937240600586
2023-08-23,179.36314392089844,135.52000427246094,264.1183166503906,146.0078582763672,84.42262268066406,131.46327209472656,304.87481689453125,308.5051574707031,140.5970458984375,56.308143615722656,292.43719482421875,322.1452941894531,63.447227478027344,427.54998779296875,47.08436965942383,32.34823989868164,114.44319915771484,470.035400390625,212.0203094482422,99.9079360961914
2023-08-24,174.6691436767578,131.83999633789062,260.5100402832031,144.80679321289062,81.11771392822266,128.89100646972656,302.6332092285156,305.1938781738281,140.46347045898438,56.158668518066406,284.9930725097656,315.21966552734375,62.82107925415039,406.92999267578125,47.1313362121582,31.907047271728516,113.20642852783203,468.74853515625,211.44068908691406,99.16200256347656
2023-08-25,176.8774871826172,133.25999450683594,263.66363525390625,145.888671875,81.99311065673828,128.9903564453125,302.8128662109375,305.4493103027344,140.29176330566406,56.420257568359375,283.7507629394531,318.1849670410156,63.51265335083008,416.0299987792969,45.98710632324219,32.10116958618164,114.06194305419922,469.72808837890625,213.0180206298828,100.93359375
2023-08-28,178.4421844482422,133.13999938964844,265.82080078125,146.88804626464844,82.7800064086914,130.11257934570312,308.3177490234375,308.3348083496094,140.77830505371094,56.57908630371094,288.48162841796875,318.8942565917969,63.56871795654297,418.05999755859375,46.803558349609375,31.951162338256836,115.30801391601562,471.80242919921875,213.36007690429688,101.78208923339844
2023-08-29,182.3340301513672,134.91000366210938,270.8898620605469,146.6588592529297,83.01606750488281,133.64822387695312,314.5414123535156,311.6177062988281,141.92315673828125,56.52302932739258,296.16424560546875,323.53436279296875,63.52920150756836,429.989990234375,48.75124740600586,31.89822006225586,116.33089447021484,473.291015625,212.3148651123047,102.38813781738281
2023-08-30,185.82980346679688,135.07000732421875,273.1147155761719,146.8605194091797,82.89803314208984,134.94924926757812,313.37786865234375,314.79779052734375,141.35073852539062,56.49500274658203,293.29193115234375,323.9087219238281,63.13396072387695,434.6700134277344,49.23093032836914,31.677627563476562,116.88883972167969,472.0425109863281,213.03172302246094,103.38582611083984
2023-08-31,186.0476531982422,138.00999450683594,271.95391845703125,147.7040252685547,82.30786895751953,135.23724365234375,312.548095703125,314.4835510253906,139.60484313964844,55.89706802368164,294.0771179199219,322.8940734863281,62.861061096191406,433.67999267578125,49.32186508178711,31.21878433227539,115.4939956665039,457.6852111816406,210.8143310546875,103.67487335205078
2023-09-01,187.62225341796875,138.1199951171875,276.90679931640625,150.63796997070312,80.30132293701172,134.73072814941406,312.2524719238281,317.1304626464844,140.0723114013672,55.411258697509766,294.5640869140625,323.7806091308594,62.92695236206055,439.8800048828125,48.4764289855957,31.571741104125977,115.85665130615234,457.35870361328125,211.25396728515625,105.84739685058594
2023-09-05,187.8599090576172,137.27000427246094,272.43756103515625,152.6183319091797,79.85870361328125,134.83999633789062,308.7713317871094,312.084228515625,138.5267791748047,54.95345687866211,298.31103515625,328.5980224609375,62.29644775390625,448.67999267578125,48.515411376953125,31.21878433227539,113.49468994140625,461.7475280761719,206.16928100585938,105.85671997070312
2023-09-06,181.1357879638672,135.36000061035156,273.66607666015625,152.77420043945312,79.65213775634766,133.53895568847656,306.2725830078125,310.38946533203125,138.29779052734375,54.91608810424805,297.3370361328125,327.9380187988281,61.8165283203125,445.760009765625,47.03327941894531,30.327573776245117,112.87167358398438,458.0309753417969,203.41665649414062,106.77047729492188
2023-09-07,175.83767700195312,137.85000610351562,272.2441101074219,152.78338623046875,79.24885559082031,134.33346557617188,307.06414794921875,312.6936340332031,137.11480712890625,54.49567794799805,296.8401184082031,325.0120849609375,62.34349822998047,443.1400146484375,46.21376419067383,30.248159408569336,114.66636657714844,465.5889587402344,201.2566375732422,106.24832916259766
2023-09-08,176.45166015625,138.22999572753906,273.0663146972656,153.30596923828125,80.24230194091797,135.44581604003906,310.45941162109375,312.9697570800781,137.21975708007812,54.49567794799805,296.0648498535156,329.3073425292969,62.88929748535156,442.79998779296875,45.545162200927734,30.22169303894043,113.89456176757812,463.50653076171875,202.43222045898438,107.79613494873047
2023-09-11,177.62022399902344,143.10000610351562,272.8438415527344,150.14283752441406,81.1668930053711,135.9821014404297,309.62969970703125,312.6460266113281,137.82080078125,55.009517669677734,305.67559814453125,332.9228210449219,63.54802322387695,445.3599853515625,45.15138626098633,29.948150634765625,113.59699249267578,462.1664733886719,202.2506103515625,106.44414520263672
2023-09-12,174.5899200439453,141.22999572753906,272.6116638183594,152.93922424316406,82.30786895751953,134.4129180908203,315.5904846191406,310.65606689453125,139.61439514160156,54.467647552490234,299.8117370605469,326.8444519042969,63.736228942871094,434.69000244140625,44.843563079833984,30.133455276489258,113.42961120605469,462.6677551269531,204.41064453125,109.54906463623047
2023-09-13,172.5201873779297,144.85000610351562,266.9139404296875,152.3799591064453,82.11114501953125,135.77357482910156,319.4818115234375,310.2752380371094,139.68115234375,54.59844207763672,303.1908874511719,331.07080078125,64.39495849609375,412.239990234375,45.458213806152344,30.071685791015625,112.7414779663086,462.6098937988281,202.7476043701172,108.5700454711914
2023-09-14,174.03533935546875,144.72000122070312,273.3372497558594,153.32431030273438,83.0947494506836,137.15403747558594,328.6280517578125,313.845703125,142.39065551757812,55.05044937133789,309.8100891113281,333.671630859375,65.19483184814453,400.489990234375,45.55415344238281,30.133455276489258,115.6148910522461,466.2348937988281,206.15972900390625,110.50944519042969
2023-09-15,173.31239318847656,140.38999938964844,270.0385437011719,152.65499877929688,84.17671203613281,136.45883178710938,326.6919860839844,306.009765625,141.9708709716797,54.56077575683594,298.47003173828125,325.3175048828125,64.59257507324219,396.94000244140625,43.87413787841797,30.0628604888916,115.35266876220703,469.2236328125,203.88499450683594,108.81246948242188
2023-09-18,176.24371337890625,139.97999572753906,271.7701110839844,153.31515502929688,83.62589263916016,137.26329040527344,327.4358825683594,302.0679931640625,142.26661682128906,54.8997802734375,300.6962890625,324.1746826171875,64.2161636352539,394.3999938964844,43.94009780883789,29.683433532714844,114.93126678466797,468.6065673828125,203.72250366210938,109.6889419555664
2023-09-19,177.3330535888672,137.6300048828125,270.5415954589844,153.29678344726562,80.59639739990234,137.0944366455078,326.07208251953125,299.5449523925781,142.08534240722656,54.78677749633789,303.20086669921875,323.7707824707031,63.604488372802734,396.20001220703125,43.49436569213867,29.992267608642578,113.84497833251953,463.4005126953125,202.40354919433594,109.39989471435547
2023-09-20,173.7877655029297,135.2899932861328,269.51611328125,152.8292236328125,81.20623779296875,132.8238983154297,321.1221923828125,295.9743957519531,141.4842987060547,55.031612396240234,297.833984375,316.00775146484375,63.378631591796875,386.29998779296875,42.21411895751953,29.66578483581543,113.22692108154297,474.4586181640625,203.5600128173828,108.53274536132812
2023-09-21,172.2428741455078,129.3300018310547,263.15087890625,151.45394897460938,81.37345123291016,129.5465087890625,314.96099853515625,292.07080078125,140.37762451171875,54.184104919433594,293.9180908203125,314.7861633300781,62.9645881652832,384.1499938964844,40.99283981323242,28.98634910583496,107.27104949951172,483.14508056640625,202.0498809814453,107.00359344482422
2023-09-22,173.09454345703125,129.1199951171875,264.14727783203125,152.4532928466797,79.91770935058594,129.35780334472656,312.7198181152344,291.0901794433594,139.03240966796875,54.240604400634766,297.2475280761719,312.3035888671875,63.708003997802734,379.80999755859375,41.585487365722656,28.845165252685547,106.82154846191406,487.9269714355469,199.98544311523438,107.17142486572266
2023-09-25,174.37205505371094,131.27000427246094,265.3177795410156,154.68124389648438,79.68164825439453,130.21192932128906,313.6258239746094,291.8137512207031,139.7193145751953,53.67559814453125,298.9867858886719,312.82574462890625,63.49155044555664,384.79998779296875,42.1971321105957,29.10106086730957,106.05366516113281,491.95684814453125,199.259033203125,108.3742446899414
2023-09-26,170.29202270507812,125.9800033569336,260.7228088378906,153.846923828125,78.73739624023438,127.6893310546875,308.83807373046875,288.0528564453125,138.26918029785156,53.23301315307617,297.1282653808594,307.5058898925781,61.487152099609375,379.25,41.886314392089844,28.589277267456055,104.41486358642578,487.30035400390625,195.780029296875,108.54206848144531
2023-09-27,168.77684020996094,125.9800033569336,263.8087463378906,156.81748962402344,78.58985900878906,129.6457977294922,307.0545959472656,287.36737060546875,139.08009338378906,52.68684005737305,295.9157409667969,308.146240234375,56.42439651489258,377.5899963378906,42.4429817199707,28.32455825805664,104.18074798583984,485.64208984375,193.44798278808594,112.07589721679688
2023-09-28,169.03431701660156,125.9800033569336,267.2235107421875,156.40492248535156,78.81607818603516,131.4036865234375,310.1542663574219,288.9573669433594,140.8069305419922,52.55500793457031,302.0976257324219,308.9836120605469,53.71421813964844,376.3599853515625,43.06361389160156,28.315736770629883,105.00482940673828,491.7833251953125,195.0823516845703,111.39524841308594
2023-09-29,169.54928588867188,127.12000274658203,264.0892028808594,154.5987091064453,79.72099304199219,129.963623046875,308.5997009277344,287.69110107421875,138.35504150390625,52.715087890625,298.37066650390625,311.0622863769531,53.91183853149414,377.6000061035156,43.4733772277832,29.268712997436523,105.07975006103516,486.0855712890625,194.62355041503906,109.63300323486328
2023-10-02,172.06463623046875,129.4600067138672,262.85101318359375,152.69168090820312,80.33082580566406,133.25094604492188,303.76422119140625,285.47259521484375,137.16250610351562,52.24425506591797,304.94012451171875,317.0224609375,49.07492446899414,380.3299865722656,44.75562286376953,29.948150634765625,102.54194641113281,496.0928649902344,193.67735290527344,107.81478881835938
2023-10-03,170.7277374267578,124.72000122070312,260.1907958984375,153.04925537109375,78.23575592041016,131.5228729248047,291.95697021484375,277.96044921875,136.1511993408203,51.67924499511719,299.0961608886719,308.73736572265625,49.66776657104492,376.75,43.491363525390625,29.91285514831543,100.66905212402344,491.17596435546875,194.7669219970703,108.00126647949219
2023-10-04,171.9755096435547,127.0,256.3793640136719,149.48269653320312,78.01936340332031,134.3136444091797,294.3222351074219,278.3889465332031,136.7617950439453,51.82991409301758,303.7077331542969,314.2246398925781,47.635135650634766,376.8999938964844,44.01505661010742,29.392250061035156,101.53057861328125,492.28466796875,193.32373046875,103.96392822265625
2023-10-05,173.21339416503906,125.95999908447266,252.28744506835938,150.27117919921875,79.48492431640625,134.14480590820312,296.13433837890625,277.7319641113281,137.33843994140625,49.32504653930664,302.9225769042969,314.61871337890625,46.53412628173828,372.5899963378906,44.66167449951172,29.533430099487305,102.10181427001953,497.6932067871094,191.7657928466797,101.62357330322266
2023-10-06,175.76837158203125,127.95999908447266,257.3564147949219,148.74009704589844,81.58000183105469,136.63758850097656,298.02276611328125,278.7983093261719,139.45281982421875,50.04072570800781,313.4974060058594,322.40142822265625,47.27754592895508,381.510009765625,45.735042572021484,29.233423233032227,101.98944091796875,505.965087890625,193.50531005859375,99.92658233642578
2023-10-09,177.25381469726562,128.25999450683594,262.4447937011719,152.8567352294922,83.31114196777344,137.47186279296875,298.146728515625,281.2166442871094,139.1356658935547,49.7958869934082,316.409423828125,324.9234619140625,46.41179275512695,385.95001220703125,45.24633026123047,29.295183181762695,102.5044937133789,507.60406494140625,195.263916015625,103.42312622070312
2023-10-10,176.6596221923828,129.47999572753906,264.2923889160156,152.69168090820312,83.59638214111328,137.11431884765625,300.2068176269531,284.8918762207031,139.98141479492188,50.878814697265625,319.8681335449219,323.5146789550781,48.53853225708008,373.32000732421875,45.771026611328125,29.268712997436523,103.31922149658203,505.4156188964844,197.2232666015625,102.9848861694336
2023-10-11,178.05596923828125,131.8300018310547,263.9248046875,147.7040252685547,83.45867156982422,139.58726501464844,298.5377502441406,283.77789306640625,140.46194458007812,50.577476501464844,325.8114929199219,327.48486328125,50.38295364379883,365.92999267578125,46.77842712402344,29.215768814086914,105.25767517089844,505.30950927734375,200.21481323242188,99.29254150390625
2023-10-12,178.9571533203125,132.3300018310547,260.8099060058594,147.8232421875,82.96688079833984,138.01808166503906,295.514404296875,278.98876953125,140.1352081298828,49.72997283935547,322.1738586425781,326.2435302734375,49.87479782104492,361.20001220703125,46.91734313964844,29.048114776611328,102.68242645263672,506.6689147949219,198.7907257080078,99.2739028930664
2023-10-13,177.1151580810547,129.7899932861328,259.1943664550781,150.4178924560547,82.96688079833984,136.4191131591797,294.9898681640625,277.94140625,142.23997497558594,49.80530548095703,312.7619323730469,322.86444091796875,51.27694320678711,355.67999267578125,45.4342155456543,28.33338737487793,102.68242645263672,520.03125,198.5613250732422,102.44410705566406
2023-10-16,176.98643493652344,132.5500030517578,261.95147705078125,151.64646911621094,84.30457305908203,138.14720153808594,299.8443603515625,283.09234619140625,142.0957794189453,50.31380844116211,319.1823425292969,327.7015075683594,51.173423767089844,360.82000732421875,46.06785202026367,29.356950759887695,103.87171173095703,518.71044921875,201.505126953125,102.51868438720703
2023-10-17,175.43165588378906,131.47000122070312,263.75067138671875,153.65435791015625,84.78654479980469,138.76295471191406,295.04705810546875,281.7689208984375,141.78823852539062,50.91648483276367,322.014892578125,327.13018798828125,50.975807189941406,355.7200012207031,43.91211700439453,28.898115158081055,101.25900268554688,517.3800048828125,201.9925537109375,103.86135864257812
2023-10-18,174.1343536376953,128.1300048828125,250.75901794433594,154.873779296875,83.29147338867188,137.01499938964844,287.98944091796875,276.3418273925781,140.23130798339844,50.89765167236328,315.0279541015625,325.2091369628906,50.10064697265625,346.19000244140625,42.171146392822266,27.715715408325195,97.74730682373047,516.8112182617188,196.81228637695312,105.31591033935547
2023-10-19,173.75807189941406,128.39999389648438,244.63565063476562,155.03880310058594,81.88491821289062,136.8064422607422,285.3476257324219,273.0380554199219,139.6354217529297,51.18014907836914,310.8934020996094,326.4011535644531,49.30076599121094,401.7699890136719,42.076202392578125,27.521591186523438,96.06168365478516,512.540283203125,201.02723693847656,105.38118743896484
2023-10-20,171.2030792236328,125.16999816894531,242.31175231933594,152.95758056640625,81.29476928710938,134.6711883544922,286.1678466796875,272.6952819824219,137.386474609375,51.38732147216797,306.7589416503906,321.8201904296875,48.896121978759766,400.9599914550781,41.36262130737305,27.045101165771484,95.92120361328125,508.10540771484375,201.9925537109375,103.57230377197266
2023-10-23,171.3218994140625,126.55999755859375,240.4836883544922,147.31893920898438,81.73737335205078,135.5649871826172,285.3762512207031,271.41943359375,135.51239013671875,50.9259033203125,312.0860595703125,324.4308166503906,48.48207092285156,406.8399963378906,42.94968795776367,27.21275520324707,94.4041519165039,502.8414611816406,198.57086181640625,102.05248260498047
2023-10-24,171.75762939453125,128.55999755859375,242.65203857421875,143.6240692138672,81.20623779296875,137.85916137695312,285.33807373046875,269.74371337890625,135.67578125,52.39492416381836,310.6350402832031,325.6228332519531,51.86978530883789,413.7300109863281,43.63727951049805,26.85097885131836,95.23759460449219,506.1482849121094,196.353515625,101.06412506103516
2023-10-25,169.4403533935547,121.38999938964844,238.16949462890625,142.90892028808594,79.2685317993164,124.74959564208984,283.0300598144531,267.47760009765625,134.9357452392578,52.846923828125,297.6947937011719,335.61236572265625,53.13077163696289,411.25,41.75439453125,27.115692138671875,92.46568298339844,511.17120361328125,196.14321899414062,101.25059509277344
2023-10-26,165.27117919921875,119.56999969482422,235.7288360595703,141.882080078125,78.4718246459961,121.44239807128906,283.2493896484375,264.68798828125,135.28173828125,52.52674865722656,286.5832824707031,323.0220947265625,54.17532730102539,403.5400085449219,40.30224609375,27.4951171875,93.29911804199219,509.38763427734375,193.2950439453125,100.3275146484375
2023-10-27,166.58828735351562,127.73999786376953,231.96583557128906,132.3468475341797,78.0291976928711,121.3331527709961,276.4969787597656,263.2217102050781,130.40907287597656,52.018245697021484,294.9119567871094,324.9136047363281,52.92375564575195,397.8699951171875,40.47614669799805,26.56861686706543,91.13591003417969,505.82049560546875,192.79803466796875,98.41606903076172
2023-10-30,168.63818359375,132.7100067138672,235.46633911132812,133.94216918945312,79.35706329345703,123.60746002197266,286.9117126464844,268.0013732910156,132.0717010498047,52.87517547607422,300.8056335449219,332.3022155761719,53.827144622802734,410.0799865722656,41.13675308227539,26.95686149597168,92.5967788696289,510.9591064453125,196.69760131835938,98.72377014160156
2023-10-31,169.11355590820312,133.08999633789062,219.80162048339844,133.61209106445312,80.25213623046875,123.23007202148438,289.5631103515625,271.05767822265625,133.64788818359375,53.19534683227539,299.4241027832031,333.0903015136719,54.86227798461914,411.69000244140625,40.7559814453125,26.965686798095703,94.34795379638672,516.3292236328125,198.4275360107422,98.69579315185547
2023-11-01,172.28250122070312,137.0,225.42184448242188,132.0076446533203,79.74065399169922,125.5838394165039,292.9488525390625,272.90472412109375,133.53257751464844,53.148258209228516,309.9393005371094,340.93218994140625,54.98461151123047,420.19000244140625,42.30007553100586,26.92156982421875,95.14393615722656,512.5112915039062,198.37974548339844,98.5
2023-11-02,175.8475799560547,138.07000732421875,232.51034545898438,136.39013671875,81.92427062988281,126.61671447753906,299.2435607910156,280.4264221191406,135.91603088378906,53.76034927368164,308.96533203125,343.1487731933594,56.377342224121094,424.7099914550781,43.480369567871094,26.912744522094727,98.06568145751953,516.8787231445312,202.04034423828125,101.7354736328125
2023-11-03,174.93650817871094,138.60000610351562,234.09530639648438,135.33580017089844,83.6750717163086,128.2156982421875,312.4622497558594,281.4546813964844,137.4345703125,53.430763244628906,312.6724853515625,347.562255859375,55.87859344482422,432.3599853515625,44.97848892211914,27.583358764648438,99.77941131591797,511.8363952636719,202.7476043701172,100.49535369873047
2023-11-06,177.49148559570312,139.74000549316406,231.69357299804688,134.7764892578125,82.64229583740234,129.35780334472656,308.9239196777344,280.4645690917969,138.4725341796875,53.6473503112793,313.86505126953125,351.2369384765625,55.55864334106445,434.739990234375,45.72404861450195,27.512767791748047,98.26234436035156,514.3045654296875,203.67474365234375,98.71444702148438
2023-11-07,180.05638122558594,142.7100067138672,228.4264373779297,132.40185546875,83.20294189453125,130.07286071777344,308.96209716796875,280.6549377441406,138.40525817871094,53.845096588134766,316.8666076660156,355.1775207519531,55.012840270996094,434.6099853515625,45.92793273925781,27.574533462524414,97.6068344116211,518.5177001953125,202.05946350097656,97.16664123535156
2023-11-08,181.115966796875,142.0800018310547,228.3292236328125,130.5590057373047,83.11442565917969,130.93690490722656,309.54388427734375,281.7499084472656,139.08761596679688,53.76034927368164,317.8207702636719,357.807861328125,54.10945129394531,436.6499938964844,46.54656219482422,27.195106506347656,98.44964599609375,517.4571533203125,202.6233673095703,95.97315979003906
2023-11-09,180.640625,140.60000610351562,227.677734375,130.1372528076172,88.85865783691406,129.34788513183594,305.938720703125,274.0853271484375,138.67434692382812,53.355430603027344,318.58599853515625,355.3351135253906,51.493377685546875,435.1499938964844,46.92234420776367,26.542282104492188,96.71719360351562,519.6456298828125,200.931640625,96.00112915039062
2023-11-10,184.8351287841797,143.55999755859375,233.0548553466797,131.06326293945312,86.82260131835938,131.68177795410156,310.4498291015625,277.627197265625,140.73106384277344,53.411930084228516,326.7556457519531,364.18182373046875,51.888614654541016,447.239990234375,48.30652618408203,26.363426208496094,97.90650177001953,521.7762451171875,202.1359405517578,96.73773956298828
2023-11-13,183.24856567382812,142.58999633789062,234.98985290527344,132.0259552001953,87.97342681884766,131.18521118164062,311.78509521484375,274.2757873535156,140.10633850097656,53.60968017578125,327.1730651855469,361.2361755371094,51.28635025024414,444.6199951171875,48.59135818481445,25.916284561157227,95.96803283691406,523.0874633789062,200.1383514404297,97.75405883789062
2023-11-14,185.86639404296875,145.8000030517578,241.0087432861328,132.98866271972656,89.57669830322266,132.7047119140625,323.0487060546875,289.0906982421875,142.662841796875,53.7697639465332,334.24945068359375,364.7728271484375,54.1565055847168,448.6499938964844,49.626747131347656,26.166685104370117,102.38275909423828,521.05322265625,206.15016174316406,98.13044738769531
2023-11-15,186.4315948486328,143.1999969482422,244.14947509765625,133.4562225341797,92.3897933959961,133.69786071777344,321.9805603027344,293.4323425292969,143.91224670410156,53.873348236083984,330.6714782714844,364.92095947265625,53.63893127441406,461.94000244140625,48.85920333862305,26.99836540222168,103.48777770996094,519.07666015625,208.4344482421875,97.53765106201172
2023-11-16,188.1173553466797,142.8300018310547,241.34910583496094,131.34390258789062,92.96028137207031,135.99205017089844,321.09356689453125,291.7660827636719,145.55567932128906,53.81684494018555,332.1424255371094,371.33746337890625,53.26251983642578,466.95001220703125,49.45085906982422,26.62276840209961,103.26302337646484,520.4361572265625,209.65780639648438,96.40852355957031
2023-11-17,188.09750366210938,145.17999267578125,246.0747528076172,133.8361053466797,92.60618591308594,134.38314819335938,323.49700927734375,292.556396484375,146.87237548828125,53.920433044433594,332.9872741699219,365.09869384765625,53.987117767333984,465.9100036621094,49.26896667480469,26.756912231445312,103.07572937011719,517.0328979492188,209.51446533203125,98.76087188720703
2023-11-20,189.8427276611328,146.1300048828125,243.5271759033203,133.76197814941406,93.47176361083984,135.3166961669922,323.74493408203125,293.4323425292969,147.3240966796875,54.05226516723633,337.88702392578125,372.5911865234375,53.958885192871094,474.4700012207031,50.37930679321289,26.810564041137695,103.94662475585938,515.8856811523438,211.32089233398438,98.32803344726562
2023-11-21,189.03952026367188,143.89999389648438,242.51593017578125,133.4469451904297,92.9012680053711,136.03176879882812,319.4721984863281,290.71881103515625,147.01654052734375,54.645530700683594,334.9153137207031,368.27728271484375,54.56114959716797,474.95001220703125,49.914581298828125,27.096738815307617,103.5814208984375,520.2144165039062,212.18106079101562,98.29039764404297
2023-11-22,189.7039031982422,146.7100067138672,239.20989990234375,133.71563720703125,93.5111083984375,137.54136657714844,322.972412109375,294.39398193359375,147.36251831054688,55.01277542114258,339.397705078125,372.9958801269531,54.52130889892578,478.0,48.68729782104492,27.1146240234375,104.45231628417969,524.2346801757812,213.6051788330078,97.86698150634766
2023-11-24,188.37515258789062,146.74000549316406,240.5225830078125,134.2437286376953,94.48486328125,135.75369262695312,323.45880126953125,295.82220458984375,147.56434631347656,55.154029846191406,336.15771484375,372.5812683105469,54.597198486328125,479.55999755859375,47.74785614013672,27.27559471130371,104.88309478759766,527.4547729492188,214.3602294921875,98.3938980102539
2023-11-27,188.1966552734375,147.72999572753906,240.55174255371094,133.74343872070312,93.60946655273438,135.4756317138672,322.0854797363281,296.0316162109375,147.2279815673828,55.05044937133789,332.6493225097656,373.7461242675781,54.62565612792969,479.1700134277344,48.21358108520508,26.953651428222656,104.76136016845703,524.07080078125,210.1261444091797,97.81993103027344
2023-11-28,188.80152893066406,147.02999877929688,240.65872192382812,134.80885314941406,90.98323822021484,136.2602081298828,322.02825927734375,298.335693359375,147.56434631347656,55.1634521484375,336.91302490234375,377.7835998535156,55.175899505615234,479.0,47.79283142089844,26.551225662231445,104.9861068725586,521.12060546875,211.44512939453125,97.76347351074219
2023-11-29,187.78016662597656,146.32000732421875,242.55479431152344,133.32652282714844,90.98323822021484,134.06532287597656,327.1822204589844,298.115234375,148.31399536132812,54.833866119384766,330.16461181640625,373.9830017089844,55.36563491821289,477.19000244140625,48.11164855957031,26.899993896484375,105.85700225830078,515.7699584960938,211.6745147705078,96.29560852050781
2023-11-30,188.3553009033203,146.08999633789062,243.7897186279297,133.03933715820312,91.17012786865234,131.62217712402344,328.41302490234375,300.4827575683594,150.0054931640625,55.46980667114258,325.1455383300781,374.0422668457031,55.50794219970703,473.9700012207031,46.742454528808594,27.24876594543457,107.62691497802734,533.114013671875,215.3064422607422,96.67198181152344
2023-12-01,189.63449096679688,147.02999877929688,249.6627655029297,134.1603546142578,91.06193542480469,130.95675659179688,335.0382080078125,306.3584289550781,150.73590087890625,55.659645080566406,322.8298645019531,369.6988220214844,56.13407516479492,465.739990234375,46.73745346069336,25.853687286376953,110.74531555175781,529.3121337890625,221.13662719726562,96.90721893310547
2023-12-04,187.83969116210938,144.83999633789062,247.70831298828125,134.21592712402344,90.50127410888672,128.384521484375,335.9613342285156,310.57586669921875,151.84115600585938,55.59320068359375,318.0592346191406,364.39776611328125,55.659732818603516,453.8999938964844,45.48318862915039,26.1845703125,112.68377685546875,530.3956298828125,223.5547332763672,96.38029479980469
2023-12-05,191.7961883544922,146.8800048828125,248.13613891601562,132.35374450683594,89.3012924194336,130.09275817871094,328.6149597167969,310.0774841308594,151.82196044921875,55.678627014160156,316.3398742675781,367.7343444824219,55.242305755615234,455.1499938964844,46.542659759521484,26.014657974243164,111.11052703857422,532.3111572265625,221.90127563476562,94.50784301757812
2023-12-06,190.70542907714844,144.52000427246094,248.89459228515625,132.04803466796875,89.9996337890625,129.12937927246094,328.8265075683594,312.5791320800781,150.22654724121094,55.621673583984375,315.5049743652344,364.0621337890625,57.11123275756836,446.7300109863281,45.48019027709961,25.74637222290039,111.48509979248047,531.6049194335938,222.66586303710938,93.25638580322266
2023-12-07,192.63905334472656,146.8800048828125,250.29478454589844,131.94610595703125,90.83570861816406,135.99205017089844,331.3746032714844,312.6366882324219,150.6878662109375,55.75456237792969,324.5889892578125,366.1844787597656,56.77918243408203,452.0,46.572654724121094,25.603286743164062,111.3914566040039,530.385986328125,222.49288940429688,92.60713195800781
2023-12-08,194.0669708251953,147.4199981689453,252.3270263671875,133.69711303710938,91.59554290771484,134.06532287597656,337.345947265625,312.9242248535156,152.35052490234375,55.631168365478516,330.71124267578125,369.4223937988281,56.63689041137695,453.760009765625,47.4821891784668,25.737428665161133,112.2342758178711,531.8370361328125,220.8397216796875,93.67040252685547
2023-12-11,191.55819702148438,145.88999938964844,253.7078094482422,133.73416137695312,90.98372650146484,132.37698364257812,338.2402648925781,317.58258056640625,152.90797424316406,56.0393180847168,323.28704833984375,366.530029296875,56.64636993408203,459.8900146484375,46.60363006591797,25.612228393554688,114.24765014648438,525.945556640625,223.01187133789062,93.73626708984375
2023-12-12,193.0753631591797,147.47999572753906,254.2036590576172,132.0202178955078,89.8686294555664,131.61227416992188,339.0575256347656,319.3749694824219,154.27268981933594,56.400001525878906,332.1722412109375,369.57049560546875,56.466121673583984,463.0,47.633121490478516,25.558570861816406,114.31320190429688,527.9191284179688,223.85768127441406,92.25900268554688
2023-12-13,196.29806518554688,148.83999633789062,260.56292724609375,133.97506713867188,91.60541534423828,131.66192626953125,348.7886047363281,329.1517639160156,154.7917022705078,56.88407516479492,332.68902587890625,369.560546875,59.302703857421875,479.9800109863281,48.063907623291016,23.841550827026367,121.02759552001953,531.101806640625,227.4907684326172,93.07760620117188
2023-12-14,196.4468231201172,147.4199981689453,277.2874755859375,138.90379333496094,92.70076751708984,131.03623962402344,368.7314758300781,337.21282958984375,157.60765075683594,56.0393180847168,331.12872314453125,361.22900390625,59.5588493347168,469.8299865722656,48.32576370239258,23.367582321166992,128.4068603515625,516.8135375976562,233.42095947265625,95.58050537109375
2023-12-15,195.91136169433594,149.97000122070312,277.84173583984375,138.36647033691406,92.22710418701172,131.69171142578125,365.8852233886719,339.3119201660156,158.7993621826172,55.621673583984375,332.867919921875,365.96734619140625,58.34452819824219,472.05999755859375,48.86549377441406,23.814722061157227,126.53141784667969,513.79541015625,232.57516479492188,94.94065856933594
2023-12-18,194.2454376220703,154.07000732421875,277.8125,138.6721954345703,91.63501739501953,134.8697967529297,361.9331970214844,336.2543029785156,159.76046752929688,56.020328521728516,342.508544921875,367.8626708984375,57.87018585205078,486.1199951171875,50.05190658569336,24.19926643371582,125.0423812866211,509.3744812011719,231.72938537597656,95.64636993408203
2023-12-19,195.28665161132812,153.7899932861328,284.86212158203125,140.488037109375,92.69090270996094,135.71397399902344,367.7507019042969,337.4620361328125,161.89405822753906,55.83998107910156,348.2133483886719,368.4648742675781,58.41093826293945,495.0199890136719,49.57913589477539,25.18297576904297,126.05077362060547,506.9463806152344,233.21910095214844,96.90721893310547
2023-12-20,193.19436645507812,152.1199951171875,281.7019348144531,139.2002716064453,90.06598663330078,137.39239501953125,363.0101623535156,334.19354248046875,160.06800842285156,54.6819953918457,347.1399841308594,365.8587646484375,56.76969528198242,489.2699890136719,48.086883544921875,24.70900535583496,122.9595947265625,499.100830078125,228.59608459472656,95.28880310058594
2023-12-21,193.04559326171875,153.83999633789062,282.052001953125,139.62644958496094,90.80609893798828,139.45814514160156,365.9429016113281,334.49066162109375,160.9810333251953,55.04268264770508,351.9205017089844,368.7412414550781,56.54200744628906,491.6099853515625,48.96544647216797,25.317113876342773,123.42138671875,502.9220275878906,232.70010375976562,95.72163391113281
2023-12-22,191.9746856689453,153.4199981689453,282.333984375,139.9414520263672,89.81929016113281,140.5208282470703,366.0198059082031,334.12640380859375,160.88491821289062,55.35590362548828,351.22479248046875,369.76788330078125,56.68431854248047,486.760009765625,48.8055305480957,25.397602081298828,124.77848052978516,503.33795166015625,234.11297607421875,95.89100646972656
2023-12-26,191.42930603027344,153.41000366210938,287.4583740234375,141.20143127441406,89.75021362304688,140.55059814453125,366.9429016113281,334.8165588378906,161.83641052246094,55.58371353149414,352.65594482421875,369.84686279296875,57.1207160949707,491.19000244140625,49.25429916381836,25.40654182434082,125.7774887084961,503.06719970703125,235.7565155029297,96.10742950439453
2023-12-27,191.5284423828125,153.33999633789062,289.8794860839844,140.73818969726562,89.18772888183594,139.4084930419922,369.70263671875,334.0689392089844,162.80709838867188,55.72608184814453,355.6376037597656,369.26446533203125,57.47172927856445,491.7900085449219,49.392234802246094,25.585399627685547,126.45603942871094,505.73712158203125,236.2563018798828,95.65576934814453
2023-12-28,191.95484924316406,153.3800048828125,288.67376708984375,138.75558471679688,89.20746612548828,139.2694549560547,371.55841064453125,332.94744873046875,163.6720733642578,55.7640495300293,356.1246032714844,370.4588623046875,57.889156341552734,490.510009765625,49.4971809387207,25.74637222290039,127.40788269042969,507.7783203125,236.45814514160156,94.27259063720703
2023-12-29,190.91366577148438,151.94000244140625,287.4972229003906,138.19041442871094,89.09892272949219,138.733154296875,370.9429931640625,332.1710510253906,163.4798583984375,55.934898376464844,351.7912902832031,371.2091064453125,57.6235237121582,486.8800048828125,49.4971809387207,25.74637222290039,125.626708984375,509.2970275878906,236.0736846923828,94.07499694824219
2024-01-02,184.08148193359375,149.92999267578125,284.6190490722656,138.48687744140625,89.51338195800781,137.22354125976562,373.37579345703125,330.76202392578125,165.38278198242188,56.77967071533203,344.1683044433594,366.1055603027344,58.41093826293945,468.5,48.143856048583984,26.58699607849121,126.8707046508789,521.747314453125,233.96881103515625,96.31443786621094
2024-01-03,182.70318603515625,148.47000122070312,276.44146728515625,141.12730407714844,90.44098663330078,137.96841430664062,367.11602783203125,324.2250061035156,164.6619873046875,56.91255569458008,342.3594970703125,365.8390197753906,58.80938720703125,470.260009765625,47.54515838623047,26.58699607849121,123.0067138671875,524.3495483398438,232.30606079101562,97.12364196777344
2024-01-04,180.3828125,144.57000732421875,278.1918029785156,139.5801239013672,89.3653564453125,135.4557342529297,368.23150634765625,324.5413513183594,165.75469970703125,56.722721099853516,344.99322509765625,363.2132263183594,58.62913131713867,474.6700134277344,47.97394561767578,26.014657974243164,122.78994750976562,527.6290283203125,231.69088745117188,96.27678680419922
2024-01-05,179.65895080566406,145.24000549316406,280.9435119628906,139.33921813964844,89.70087432861328,134.8002471923828,371.5873107910156,328.7108459472656,166.58633422851562,56.637290954589844,349.7936096191406,363.025634765625,58.89476776123047,474.05999755859375,49.072391510009766,26.35448455810547,123.04440307617188,519.8511962890625,230.58563232421875,96.56848907470703
2024-01-08,184.00216674804688,149.10000610351562,284.1717224121094,138.50543212890625,90.34230041503906,137.8889617919922,373.91424560546875,333.4938049316406,166.34457397460938,57.054931640625,356.4624938964844,369.87646484375,59.69166946411133,485.0299987792969,52.226810455322266,26.45285415649414,125.5041732788086,519.0192260742188,231.2680206298828,94.95948028564453
2024-01-09,183.585693359375,151.3699951171875,284.2106628417969,134.9849090576172,88.48709869384766,139.98452758789062,368.9910888671875,331.8259582519531,165.02944946289062,56.95052719116211,355.24005126953125,370.9623718261719,58.82836151123047,482.0899963378906,53.113372802734375,26.29188346862793,125.40994262695312,520.8088989257812,228.18280029296875,93.7833023071289
2024-01-10,184.62689208984375,153.72999572753906,285.2413330078125,133.87313842773438,88.11210632324219,141.30538940429688,367.27947998046875,341.9957580566406,165.3775634765625,57.14036178588867,368.2001647949219,377.8526306152344,59.08450698852539,478.3299865722656,54.3227653503418,25.925228118896484,125.86229705810547,520.102783203125,229.7109832763672,92.86119079589844
2024-01-11,184.03192138671875,155.17999267578125,283.9870300292969,134.5957794189453,88.27000427246094,141.10678100585938,365.1544494628906,341.7369689941406,164.6813201904297,56.77018356323242,367.40509033203125,379.6887512207031,57.604549407958984,492.2300109863281,54.79452133178711,25.397602081298828,123.76067352294922,522.076171875,227.19284057617188,92.84236907958984
2024-01-12,184.359130859375,154.6199951171875,282.38262939453125,136.43942260742188,89.15812683105469,141.6728515625,363.2313232421875,340.9510192871094,163.4725799560547,57.32069396972656,372.19549560546875,383.4794616699219,57.90812683105469,492.1600036621094,54.682579040527344,25.6658878326416,123.97743225097656,504.4989013671875,228.47113037109375,94.04676055908203
2024-01-16,182.08839416503906,153.16000366210938,279.29052734375,133.12269592285156,91.822509765625,141.51397705078125,365.8275146484375,343.55810546875,162.4475555419922,56.9410285949707,365.2085876464844,385.2563171386719,57.2535285949707,481.239990234375,56.35374450683594,25.32605743408203,122.48836517333984,502.21588134765625,227.02943420410156,91.9202651977539
2024-01-17,181.14634704589844,151.7100067138672,270.9282531738281,132.59463500976562,89.14825439453125,140.50096130371094,362.68316650390625,340.94140625,161.5772247314453,56.9410285949707,366.1130065917969,384.4666442871094,55.280250549316406,480.3299865722656,56.0249137878418,25.174030303955078,119.55740356445312,507.8169860839844,226.6449737548828,91.252197265625
2024-01-18,187.04638671875,153.5,274.10784912109375,131.39022827148438,90.99359893798828,142.49717712402344,362.4235534667969,343.0501403808594,161.89634704589844,57.102394104003906,373.8254699707031,388.8100891113281,54.69207000732422,485.30999755859375,57.07837677001953,25.120376586914062,118.991943359375,499.4975280761719,228.740234375,91.08281707763672
2024-01-19,189.95179748535156,155.33999633789062,278.6795654296875,131.77935791015625,91.8323745727539,145.37733459472656,367.5102844238281,347.37298583984375,164.69097900390625,56.789161682128906,381.10064697265625,393.5484619140625,54.322078704833984,482.95001220703125,59.461181640625,25.2902889251709,121.04644775390625,487.13433837890625,229.9705047607422,91.22396087646484
2024-01-22,192.26222229003906,154.77999877929688,281.9911193847656,132.01095581054688,93.82573699951172,144.989990234375,371.1257629394531,341.89031982421875,164.4976043701172,56.54237365722656,379.4408264160156,391.41619873046875,53.93311309814453,485.7099914550781,59.62410354614258,25.317113876342773,121.32917785644531,496.2568054199219,233.66123962402344,91.10163116455078
2024-01-23,193.5414276123047,156.02000427246094,282.14739990234375,131.64036560058594,92.53301239013672,146.03277587890625,366.13519287109375,336.22552490234375,163.41455078125,56.80813980102539,382.83990478515625,393.7754821777344,54.43592071533203,492.19000244140625,59.842994689941406,25.42443084716797,120.64118957519531,498.7042541503906,233.87269592285156,92.12725830078125
2024-01-24,192.8671112060547,156.8699951171875,283.95458984375,134.26223754882812,92.2665786743164,147.6814422607422,364.81787109375,332.8612060546875,164.8747100830078,55.915916442871094,388.30621337890625,397.3883972167969,54.084903717041016,544.8699951171875,61.33124542236328,25.33500099182129,118.2191390991211,496.4889221191406,232.9115753173828,93.71743774414062
2024-01-25,192.53988647460938,157.75,293.8111267089844,137.6438446044922,93.60863494873047,150.82969665527344,367.99102783203125,336.4076232910156,167.23422241210938,56.15321731567383,390.7709655761719,399.66876220703125,55.00513458251953,562.0,61.58612060546875,24.935596466064453,118.93538665771484,477.3057861328125,232.18109130859375,96.09801483154297
2024-01-26,190.8045654296875,159.1199951171875,292.5021057128906,138.17190551757812,94.10203552246094,151.14752197265625,363.2697448730469,340.55804443359375,166.5959930419922,56.352535247802734,391.7251892089844,398.7408447265625,55.47948455810547,570.4199829101562,61.00041198730469,24.935596466064453,119.56683349609375,486.7861328125,231.0469512939453,96.91663360595703
2024-01-29,190.12037658691406,161.25999450683594,296.2337951660156,138.11631774902344,96.20394134521484,152.45848083496094,365.93328857421875,340.94140625,167.03114318847656,56.694244384765625,398.5629577636719,404.4564514160156,56.513553619384766,575.7899780273438,62.433692932128906,24.944673538208008,120.5280990600586,488.0823974609375,235.6411590576172,97.0389633178711
2024-01-30,186.4613494873047,159.0,297.7088928222656,139.079833984375,95.66120147705078,150.4225311279297,372.000732421875,342.2833251953125,170.4543914794922,56.85560989379883,397.6088562011719,403.3409729003906,56.238433837890625,562.8499755859375,62.7425422668457,24.527114868164062,119.24640655517578,487.18267822265625,237.11170959472656,98.65736389160156
2024-01-31,182.85189819335938,155.1999969482422,293.36181640625,136.58766174316406,94.7829360961914,139.1403350830078,369.2507019042969,338.31512451171875,168.6073760986328,56.46644592285156,387.7496643066406,392.472412109375,55.62178421020508,564.1099853515625,61.49616241455078,24.58157730102539,119.3971939086914,495.04754638671875,234.44937133789062,96.73785400390625
2024-02-01,185.29127502441406,159.27999877929688,300.5710754394531,137.01380920410156,95.77960968017578,140.19305419921875,369.09686279296875,345.1300964355469,167.99813842773438,57.88071823120117,392.3612365722656,398.5927734375,56.68431854248047,567.510009765625,62.99541473388672,24.77220344543457,122.93131256103516,490.59759521484375,239.5818328857422,96.34265899658203
2024-02-02,184.28973388671875,171.80999755859375,307.79986572265625,141.04393005371094,95.84868621826172,141.40472412109375,372.9527282714844,342.4079284667969,168.96514892578125,57.463077545166016,472.07977294921875,405.93719482421875,55.166412353515625,564.6400146484375,66.12684631347656,24.445415496826172,121.80982208251953,493.5867919921875,238.67835998535156,95.94745635986328
2024-02-05,186.1043701171875,170.30999755859375,313.9638671875,141.12730407714844,95.3750228881836,142.69578552246094,368.2987365722656,340.4046630859375,168.7427520751953,56.988487243652344,456.59521484375,400.43878173828125,53.098262786865234,562.0599975585938,69.29725646972656,24.118629455566406,119.60452270507812,486.5539245605469,237.05404663085938,95.5522689819336
2024-02-06,187.71075439453125,169.14999389648438,315.2533264160156,141.14584350585938,97.9802017211914,143.11294555664062,370.1930236816406,341.4686279296875,169.3229522705078,56.89357376098633,451.9339599609375,400.28076171875,53.34492111206055,555.8800048828125,68.18881225585938,24.96282958984375,122.98786926269531,494.012451171875,240.15850830078125,96.21092224121094
2024-02-07,187.81985473632812,170.52999877929688,316.1031799316406,140.94200134277344,97.8321762084961,144.54306030273438,371.7988586425781,347.64141845703125,169.64205932617188,56.9410285949707,466.7127990722656,408.7308044433594,53.48722457885742,559.2999877929688,70.06385803222656,25.017292022705078,121.65901947021484,502.44805908203125,239.47610473632812,96.18270874023438
2024-02-08,186.73902893066406,169.83999633789062,314.54998779296875,142.73008728027344,109.081787109375,144.91053771972656,370.2411193847656,348.6286315917969,169.03285217285156,56.789161682128906,467.120361328125,408.7900695800781,53.40184783935547,558.530029296875,69.60609436035156,25.026371002197266,124.08108520507812,503.1252136230469,239.14932250976562,97.82933807373047
2024-02-09,187.50350952148438,174.4499969482422,309.822021484375,139.9321746826172,106.96015167236328,147.9793701171875,369.4910888671875,348.0823059082031,169.2359161376953,56.53289031982422,465.24188232421875,415.14727783203125,53.676963806152344,561.3200073242188,72.09685516357422,25.017292022705078,124.85388946533203,501.3161315917969,239.75485229492188,95.75928497314453
2024-02-12,185.81564331054688,172.33999633789062,314.18853759765625,140.89569091796875,107.84828186035156,146.51943969726562,377.549072265625,350.2868957519531,169.99017333984375,56.665775299072266,466.027099609375,409.92529296875,54.597198486328125,557.8499755859375,72.2117919921875,25.10806655883789,124.4486312866211,500.7551574707031,237.78448486328125,97.07659149169922
2024-02-13,183.7206573486328,168.63999938964844,305.6019287109375,139.52452087402344,109.00284576416016,144.1458282470703,364.1928405761719,342.75299072265625,168.5106658935547,56.333553314208984,457.3008728027344,401.10015869140625,52.41520690917969,554.52001953125,72.09186553955078,24.481725692749023,123.34599304199219,499.9908142089844,236.06407165527344,96.24085998535156
2024-02-14,182.83702087402344,170.97999572753906,309.3824157714844,139.9043731689453,110.08833312988281,144.9403533935547,363.5101623535156,343.366455078125,170.22227478027344,56.27660369873047,470.3802490234375,404.9769592285156,53.13621520996094,579.3300170898438,73.86296844482422,24.60881233215332,122.98786926269531,500.07794189453125,240.38919067382812,95.76602172851562
2024-02-15,182.549072265625,169.8000030517578,315.59521484375,144.6621551513672,110.96658325195312,141.79205322265625,370.60650634765625,346.0981750488281,173.9355926513672,56.381019592285156,481.0643615722656,402.0792236328125,54.331565856933594,593.4600219726562,72.62158203125,24.971906661987305,125.43819427490234,503.889404296875,240.81207275390625,98.51061248779297
2024-02-16,181.0101318359375,169.50999450683594,314.4620361328125,144.82135009765625,110.1278076171875,139.55746459960938,369.6641540527344,347.31549072265625,173.12330627441406,56.37152862548828,470.41998291015625,399.6068115234375,54.1038818359375,583.9500122070312,72.57660675048828,25.071760177612305,125.71149444580078,504.53753662109375,237.00596618652344,98.51061248779297
2024-02-20,180.26548767089844,167.0800018310547,306.4811096191406,144.2313232421875,107.99629974365234,140.15333557128906,369.7410888671875,347.5263366699219,173.80018615722656,57.614952087402344,468.8595886230469,398.35076904296875,53.70542526245117,575.1300048828125,69.41719818115234,25.044525146484375,125.67379760742188,504.06353759765625,237.5345916748047,97.57992553710938
2024-02-21,181.0200653076172,168.58999633789062,309.80242919921875,145.57997131347656,106.24964141845703,141.57354736328125,373.3469543457031,349.0216979980469,174.9315948486328,58.12750244140625,465.65594482421875,397.7474670410156,54.170284271240234,573.3499755859375,67.43819427490234,25.117145538330078,125.73979187011719,504.94378662109375,241.55215454101562,99.57424926757812
2024-02-22,183.0554656982422,174.5800018310547,314.63787841796875,145.5706024169922,106.22004699707031,143.10301208496094,375.46240234375,355.9324951171875,177.03001403808594,58.04206848144531,483.6641845703125,407.11309814453125,53.762351989746094,588.469970703125,78.49864196777344,25.008216857910156,125.75862121582031,509.3260803222656,244.6181640625,99.48878479003906
2024-02-23,181.21865844726562,174.99000549316406,316.3864440917969,144.84945678710938,106.3187255859375,142.97389221191406,376.0201110839844,356.5267639160156,177.91966247558594,58.08953857421875,481.57476806640625,405.8175354003906,53.866703033447266,583.5599975585938,78.77750396728516,25.198841094970703,125.5418701171875,510.0418701171875,246.92489624023438,98.61506652832031
2024-02-26,179.8683624267578,174.72999572753906,317.8517761230469,144.6527557373047,106.259521484375,136.62767028808594,375.2220458984375,356.18170166015625,177.3104248046875,57.62443161010742,479.29644775390625,403.0484313964844,52.79922866821289,587.6500244140625,79.05237579345703,24.672353744506836,124.92928314208984,508.1845703125,242.8208465576172,99.00444793701172
2024-02-27,181.32786560058594,173.5399932861328,320.04974365234375,142.50804138183594,107.97655487060547,137.9287109375,375.7893371582031,359.9774169921875,177.39747619628906,57.27324676513672,484.5794982910156,402.9891052246094,53.19175338745117,601.6699829101562,78.66155242919922,24.409107208251953,124.86332702636719,496.6727294921875,243.44557189941406,98.79551696777344
2024-02-28,180.12649536132812,173.16000366210938,321.9350891113281,142.67662048339844,109.3383560180664,135.44581604003906,380.7474365234375,361.94232177734375,178.2967987060547,57.330196380615234,481.5648193359375,403.2264404296875,52.69392013549805,596.47998046875,77.62407684326172,24.545270919799805,126.2769775390625,482.026611328125,245.37777709960938,99.07091522216797
2024-02-29,179.46127319335938,176.75999450683594,326.2332458496094,142.3675537109375,110.10807037353516,137.51158142089844,376.7480163574219,364.8178405761719,179.92135620117188,56.96950912475586,487.64385986328125,409.0812072753906,52.8375244140625,602.9199829101562,79.07234954833984,24.10955238342285,125.59841918945312,477.4992370605469,245.0879364013672,99.26085662841797
2024-03-01,178.3790283203125,178.22000122070312,328.909912109375,143.11679077148438,110.47319030761719,136.20059204101562,375.8280944824219,368.49853515625,179.1767578125,56.50440216064453,499.7521057128906,410.9206848144531,52.8566780090332,619.3400268554688,82.23775482177734,24.13678741455078,126.85184478759766,473.56201171875,244.40200805664062,100.5144271850586
2024-03-04,173.85154724121094,177.5800018310547,330.81475830078125,139.4361114501953,112.19023132324219,132.43658447265625,379.84686279296875,364.5877990722656,180.52088928222656,56.77018356323242,495.6629638671875,410.34710693359375,52.62690353393555,615.8300170898438,85.19427490234375,23.501365661621094,125.91883087158203,466.1518859863281,244.87539672851562,99.10890197753906
2024-03-05,168.9070587158203,174.1199951171875,325.8132019042969,140.10105895996094,111.38105773925781,131.76123046875,378.5492248535156,362.74749755859375,182.32920837402344,56.49491882324219,487.7333984375,398.21234130859375,53.03858184814453,598.5,85.9249496459961,23.673839569091797,124.81617736816406,457.71630859375,245.09759521484375,100.32450866699219
2024-03-06,167.9141845703125,173.50999450683594,327.8646240234375,138.9209747314453,108.60811614990234,130.4999237060547,377.25164794921875,363.94317626953125,183.27685546875,56.52339553833008,493.5735778808594,397.6584777832031,53.16303253173828,597.6900024414062,88.65970611572266,24.68143081665039,125.41934967041016,457.1842346191406,242.48916625976562,101.39763641357422
2024-03-07,167.79502868652344,176.82000732421875,332.34844970703125,139.89500427246094,108.7265396118164,133.45950317382812,376.14764404296875,363.0849609375,181.67161560058594,56.418983459472656,509.5919494628906,404.63079833984375,53.85234451293945,608.510009765625,92.62689208984375,24.318334579467773,125.09894561767578,463.1626281738281,240.5956268310547,101.96746063232422
2024-03-08,169.5126953125,175.35000610351562,331.3422546386719,140.3726806640625,108.86469268798828,134.4824676513672,374.753173828125,359.9993896484375,182.01010131835938,56.49491882324219,503.3836364746094,401.7429504394531,55.345848083496094,604.8200073242188,87.48823547363281,24.708660125732422,127.29481506347656,462.8421630859375,242.4505157470703,102.9266357421875
2024-03-11,171.518310546875,171.9600067138672,327.2198791503906,142.35818481445312,110.82843017578125,136.7269744873047,373.9494934082031,358.2348327636719,182.07777404785156,57.17832565307617,481.13702392578125,400.06170654296875,55.403289794921875,600.9299926757812,85.73503875732422,25.752561569213867,126.39946746826172,475.0597839355469,241.3974609375,103.534423828125
2024-03-12,171.994873046875,175.38999938964844,329.4373779296875,142.25518798828125,110.97645568847656,137.5513153076172,375.9056091308594,361.1468811035156,183.57666015625,57.42511749267578,497.2150573730469,410.703125,54.71398162841797,611.0800170898438,91.87124633789062,25.425777435302734,126.82359313964844,475.2540588378906,242.66302490234375,102.8696517944336
2024-03-13,169.9098663330078,176.55999755859375,333.61834716796875,144.1282958984375,111.01593780517578,138.8324432373047,379.9049377441406,365.43768310546875,185.06582641601562,58.01360321044922,493.0562438964844,410.5251159667969,57.00210952758789,609.4500122070312,90.84671020507812,25.61640167236328,125.65496063232422,473.94293212890625,240.79847717285156,104.01876831054688
2024-03-14,171.7665252685547,178.75,334.0090637207031,145.823486328125,110.58173370361328,142.11978149414062,376.3219299316406,361.8507080078125,181.7683563232422,57.88443374633789,489.335205078125,420.5335388183594,57.00210952758789,613.010009765625,87.90404510498047,25.534704208374023,123.22347259521484,474.91412353515625,237.71664428710938,105.86114501953125
2024-03-15,171.3892059326172,174.4199981689453,338.9422607421875,145.6829833984375,110.47319030761719,140.21295166015625,374.9662170410156,359.8836975097656,184.02146911621094,57.29124450683594,481.6445007324219,411.8305358886719,57.51908874511719,605.8800048828125,87.7970962524414,25.362232208251953,122.49243927001953,476.6817321777344,235.85211181640625,105.67121124267578
2024-03-18,172.48138427734375,174.47999572753906,343.7581787109375,145.5518798828125,112.34812927246094,146.6684112548828,372.21600341796875,358.6108703613281,186.30361938476562,57.53042984008789,494.4591064453125,412.7206115722656,57.60525131225586,618.3900146484375,88.41482543945312,25.16253089904785,121.65694427490234,473.0202941894531,236.0742950439453,106.6493911743164
2024-03-19,174.82455444335938,175.89999389648438,345.7119445800781,146.6851043701172,112.99942016601562,146.02285766601562,376.3703918457031,365.8426818847656,187.3963165283203,57.6261100769043,493.72283935546875,416.7655944824219,58.65836715698242,620.739990234375,89.35739135742188,25.080835342407227,121.38162231445312,479.1097106933594,234.48025512695312,107.39964294433594
2024-03-20,177.39610290527344,178.14999389648438,348.2029113769531,144.74642944335938,114.92369079589844,147.72117614746094,383.93341064453125,370.6639404296875,189.8525390625,58.123626708984375,502.95574951171875,420.5434875488281,59.54872512817383,627.6900024414062,90.33094787597656,25.144376754760742,122.1886215209961,479.99346923828125,237.95816040039062,107.30467224121094
2024-03-21,170.1481475830078,178.14999389648438,356.12530517578125,145.03677368164062,115.16053009033203,146.58897399902344,400.6282653808594,381.06805419921875,192.49244689941406,57.855735778808594,505.1844177246094,424.6378479003906,58.74453353881836,622.7100219726562,91.39346313476562,25.10806655883789,123.31842041015625,477.5266418457031,239.69715881347656,107.77951049804688
2024-03-22,171.05165100097656,178.8699951171875,349.824462890625,144.84945678710938,114.34148406982422,149.73724365234375,393.9561462402344,376.3240051269531,190.13294982910156,57.87487030029297,506.9951477050781,424.0147705078125,59.146629333496094,628.010009765625,94.24616241455078,24.83574676513672,122.11266326904297,475.9532775878906,236.6636199951172,107.77951049804688
2024-03-25,169.63185119628906,179.7100067138672,347.7145080566406,146.5446319580078,117.78544616699219,149.04205322265625,392.1356201171875,369.7961120605469,188.392333984375,57.788761138916016,500.46844482421875,418.19952392578125,59.94124984741211,627.4600219726562,94.95883178710938,24.899288177490234,120.69805908203125,471.8840026855469,235.5815887451172,108.88114166259766
2024-03-26,168.49998474121094,178.3000030517578,348.14434814453125,145.4207763671875,118.34791564941406,149.637939453125,393.3363952636719,366.3441162109375,189.27230834960938,57.92270278930664,493.3746337890625,417.00286865234375,58.81155014038086,629.239990234375,92.51895141601562,25.044525146484375,118.8087387084961,478.1287841796875,232.5287322998047,108.06440734863281
2024-03-27,172.0742950439453,179.8300018310547,356.21319580078125,146.43226623535156,119.38407135009766,149.83656311035156,402.1195983886719,372.0910339355469,192.93728637695312,58.39152145385742,491.35491943359375,416.78533935546875,61.070953369140625,613.530029296875,90.20899200439453,25.216997146606445,122.34052276611328,478.8960266113281,236.3351287841797,109.18505096435547
2024-03-28,170.25735473632812,180.3800048828125,357.9519958496094,147.7340850830078,120.74586486816406,149.89614868164062,404.48248291015625,369.88287353515625,193.69154357910156,58.535037994384766,483.1169128417969,416.0831604003906,61.18583679199219,607.3300170898438,90.31494903564453,25.18976402282715,123.6317138671875,480.449951171875,237.591064453125,110.3911361694336
2024-04-01,168.8177032470703,180.97000122070312,355.32421875,148.9890899658203,119.92681121826172,154.4249267578125,400.4346008300781,354.8696594238281,192.37640380859375,58.05665588378906,488.8576354980469,419.8907470703125,60.67842483520508,614.3099975585938,90.32194519042969,25.16253089904785,121.44808197021484,475.59393310546875,235.0502471923828,111.10340118408203
2024-04-02,167.63616943359375,180.69000244140625,356.3890075683594,149.64466857910156,121.19979095458984,153.50128173828125,397.1808776855469,350.01953125,192.299072265625,57.54956817626953,494.84710693359375,416.79522705078125,60.19974136352539,614.2100219726562,89.41136169433594,25.008216857910156,119.22648620605469,444.94305419921875,234.3063507080078,113.2781753540039
2024-04-03,168.4403839111328,182.41000366210938,367.095458984375,150.2628173828125,117.41045379638672,153.8588104248047,400.9090881347656,347.03033447265625,191.7575225830078,57.24340057373047,504.16961669921875,415.816162109375,59.88380432128906,630.0800170898438,88.923583984375,24.708660125732422,119.7106704711914,446.4969482421875,233.3595733642578,113.29718017578125
2024-04-04,167.6163330078125,180.0,361.2342834472656,150.49696350097656,115.54537963867188,149.49888610839844,393.4042053222656,344.88970947265625,190.29855346679688,56.73631286621094,508.32843017578125,413.2745056152344,61.01350402832031,617.1400146484375,85.865966796875,24.19124984741211,118.38150787353516,442.2625427246094,232.5287322998047,113.69603729248047
2024-04-05,168.3709259033203,185.07000732421875,370.5242004394531,151.34922790527344,116.81836700439453,151.4553985595703,395.1666259765625,345.0729675292969,192.04933166503906,56.93724060058594,524.6651000976562,420.83026123046875,61.44432830810547,636.1799926757812,87.96802520751953,24.200326919555664,118.42897033691406,442.6121826171875,233.80398559570312,115.26302337646484
2024-04-08,167.24896240234375,185.19000244140625,364.8291320800781,151.0401611328125,115.80194854736328,153.789306640625,397.5585632324219,349.1034851074219,193.0511474609375,56.70761489868164,516.6162109375,419.9104919433594,62.09534454345703,628.4099731445312,87.09341430664062,24.127708435058594,119.78662872314453,442.8647155761719,232.1422882080078,114.48428344726562
2024-04-09,168.4602813720703,185.6699981689453,363.29547119140625,151.72386169433594,116.41378021240234,155.52732849121094,397.7231140136719,348.49603271484375,191.7575225830078,57.13815689086914,514.2781372070312,421.5819091796875,62.59318161010742,618.2000122070312,85.3152084350586,24.30925941467285,119.8720703125,446.4775390625,232.62535095214844,115.08257293701172
2024-04-10,166.58372497558594,185.9499969482422,363.4615173339844,152.3513641357422,115.6440658569336,155.07046508789062,388.0877685546875,338.02435302734375,190.12347412109375,56.37274169921875,517.193115234375,418.5951843261719,61.281578063964844,618.5800170898438,86.99945831298828,23.891695022583008,114.51742553710938,437.0860900878906,228.81893920898438,116.05125427246094
2024-04-11,173.79197692871094,189.0500030517578,363.37359619140625,151.620849609375,115.60459899902344,158.31808471679688,384.9114990234375,334.94842529296875,190.08457946777344,56.49712371826172,520.5062866210938,423.2137145996094,61.214561462402344,628.780029296875,90.5748291015625,23.909852981567383,114.16613006591797,428.99603271484375,228.15234375,115.66188049316406
2024-04-12,175.2912139892578,186.1300048828125,357.1705322265625,148.87667846679688,112.50601196289062,156.64956665039062,377.1741027832031,330.6093444824219,177.79029846191406,55.760414123535156,509.30340576171875,417.2501220703125,60.39122009277344,622.8300170898438,88.14595031738281,23.474136352539062,112.9793930053711,426.5486145019531,226.45201110839844,114.3133316040039
2024-04-15,171.45872497558594,183.6199951171875,355.4903564453125,147.5935821533203,111.45999145507812,153.79922485351562,388.2040100097656,325.8459777832031,177.8875732421875,55.626461029052734,497.692626953125,409.0812072753906,60.075279235839844,607.1500244140625,85.96192932128906,23.519521713256836,109.9317855834961,432.7934265136719,226.00759887695312,113.65804290771484
2024-04-16,168.17233276367188,183.32000732421875,351.5535583496094,146.36669921875,112.37773132324219,153.34237670898438,384.3110656738281,322.8568115234375,175.85475158691406,55.549922943115234,497.22503662109375,410.01080322265625,59.07004165649414,617.52001953125,87.37528991699219,23.319820404052734,108.9349136352539,455.38336181640625,223.41848754882812,112.7178726196289
2024-04-17,166.80218505859375,181.27999877929688,350.0296325683594,146.47906494140625,111.45013427734375,154.40505981445312,391.13818359375,320.9283142089844,175.15444946289062,55.980464935302734,491.66339111328125,407.301025390625,61.070953369140625,613.6900024414062,83.99681854248047,23.074731826782227,101.10230255126953,465.19244384765625,221.45730590820312,112.660888671875
2024-04-18,165.84901428222656,179.22000122070312,349.6486511230469,147.5748748779297,110.94685363769531,154.94134521484375,390.36346435546875,320.9862365722656,176.29241943359375,56.36317443847656,499.2546691894531,399.8144226074219,61.281578063964844,610.5599975585938,84.63252258300781,23.047500610351562,99.39338684082031,478.97369384765625,222.01766967773438,112.5564193725586
2024-04-19,163.8235626220703,174.6300048828125,347.7172546386719,149.85072326660156,111.1244888305664,153.03451538085938,391.225341796875,323.3678894042969,180.71795654296875,57.568702697753906,478.6297912597656,394.7212219238281,61.5592155456543,555.0399780273438,76.16539001464844,23.601221084594727,98.25408172607422,486.6947326660156,224.210693359375,113.84798431396484
2024-04-22,164.65757751464844,177.22999572753906,350.6094665527344,151.64892578125,110.51265716552734,155.20950317382812,404.1531982421875,324.0910339355469,184.229248046875,57.932273864746094,479.2864685058594,396.5409240722656,62.52615737915039,554.5999755859375,79.48188018798828,23.837230682373047,98.8142318725586,477.07989501953125,226.5196533203125,114.4937744140625
2024-04-23,165.7100067138672,179.5399932861328,356.1390380859375,152.5199432373047,112.20996856689453,157.17593383789062,410.5929260253906,326.8777160644531,186.88455200195312,58.01838302612305,493.58355712890625,403.0780944824219,63.37822341918945,577.75,82.38555145263672,23.891695022583008,99.52629089355469,472.17535400390625,228.27792358398438,114.94012451171875
2024-04-24,167.81491088867188,176.58999633789062,356.4037780761719,153.1942901611328,112.41719818115234,158.0399932861328,409.6632995605469,321.10186767578125,187.79885864257812,58.8890380859375,490.99676513671875,404.5516662597656,63.72288131713867,555.1199951171875,79.64080810546875,23.8463077545166,97.95976257324219,473.2630920410156,224.1140594482422,114.9591293334961
2024-04-25,168.67869567871094,173.6699981689453,331.3833923339844,154.79579162597656,111.28236389160156,154.93142700195312,406.7677917480469,320.1087646484375,188.08090209960938,59.070831298828125,439.14111328125,394.64215087890625,64.04839324951172,564.7999877929688,82.59446716308594,22.92949104309082,98.12117004394531,479.63409423828125,235.291748046875,115.22503662109375
2024-04-26,168.0928955078125,179.6199951171875,336.6580505371094,155.36709594726562,111.24290466308594,170.77215576171875,414.0500183105469,323.1075439453125,188.1976318359375,59.070831298828125,441.04144287109375,401.8418884277344,63.17716979980469,561.22998046875,87.69514465332031,23.056575775146484,98.79524230957031,481.0812072753906,234.55752563476562,112.02458953857422
2024-04-29,172.26296997070312,180.9600067138672,342.9523620605469,155.77919006347656,110.60147094726562,165.01190185546875,417.18756103515625,324.75634765625,187.99337768554688,59.35785675048828,430.4255676269531,397.81671142578125,64.54621887207031,559.489990234375,87.71713256835938,23.274433135986328,99.69718933105469,474.9432678222656,232.77993774414062,113.62007141113281
2024-04-30,169.1155548095703,175.0,328.02056884765625,151.0401611328125,109.6343994140625,161.66497802734375,413.2172546386719,322.2686462402344,186.49549865722656,59.09952926635742,427.9880065917969,385.03912353515625,64.11540222167969,550.6400146484375,86.36276245117188,23.25628089904785,96.8869400024414,469.76678466796875,229.11843872070312,112.3189926147461
2024-05-01,168.0928955078125,179.0,324.58905029296875,149.5041961669922,109.02259063720703,162.73757934570312,413.44964599609375,320.09912109375,186.61221313476562,59.25261306762695,436.96221923828125,390.5872497558594,65.68550109863281,551.7100219726562,83.0032730102539,24.672353744506836,96.72554016113281,470.1649475097656,226.9930419921875,110.19171142578125
2024-05-02,171.79629516601562,184.72000122070312,328.8735046386719,150.53439331054688,111.13435363769531,165.47866821289062,418.89190673828125,323.53173828125,186.41769409179688,59.310020446777344,439.4396057128906,393.4553527832031,65.91526794433594,565.1500244140625,85.77801513671875,25.144376754760742,99.24147033691406,478.7697448730469,229.63046264648438,110.3911361694336
2024-05-03,182.07252502441406,186.2100067138672,330.1578674316406,150.0848846435547,112.16063690185547,166.09445190429688,424.3244934082031,330.5900573730469,185.2991485595703,59.48223876953125,449.66741943359375,402.1781311035156,67.1502914428711,579.3400268554688,88.74866485595703,25.24422836303711,100.53266906738281,478.2647705078125,232.20993041992188,110.16321563720703
2024-05-06,180.4144287109375,188.6999969482422,335.40313720703125,152.0048370361328,114.93356323242188,166.94854736328125,429.64093017578125,330.05010986328125,186.74838256835938,59.65445327758789,463.31787109375,408.9822998046875,68.21296691894531,596.969970703125,92.09813690185547,25.561939239501953,99.3743896484375,480.13916015625,231.09893798828125,110.87548828125
2024-05-07,181.09947204589844,188.75999450683594,338.2463684082031,152.3513641357422,103.99972534179688,170.07696533203125,429.76678466796875,328.50726318359375,186.50523376464844,59.912784576416016,465.8648681640625,404.82861328125,68.88311767578125,606.0,90.51285552978516,25.20792007446289,102.30805206298828,486.5295715332031,234.16143798828125,110.32465362548828
2024-05-08,181.43707275390625,188.0,337.7561340332031,152.22959899902344,104.04906463623047,168.2197723388672,432.8172607421875,326.7137756347656,190.29855346679688,60.13283920288086,470.2027893066406,406.0153503417969,69.74476623535156,609.469970703125,90.37093353271484,25.66179084777832,100.52315521240234,488.71478271484375,237.56207275390625,110.30567169189453
2024-05-09,183.2540283203125,189.5,344.89361572265625,154.95501708984375,104.40432739257812,168.79580688476562,441.1549987792969,335.0158996582031,192.0979461669922,60.16154479980469,473.0085144042969,407.7757568359375,71.4010238647461,612.0900268554688,88.70668029785156,25.96586036682129,102.6783218383789,492.4247131347656,238.2480010986328,112.48045349121094
2024-05-10,181.99139404296875,187.47999572753906,347.84466552734375,155.30154418945312,104.39444732666016,167.49476623535156,440.3512268066406,334.0420227050781,193.33322143554688,60.52511215209961,473.7845458984375,410.1690979003906,70.64471435546875,610.8699951171875,89.83717346191406,25.809219360351562,102.05171203613281,498.0382385253906,239.01119995117188,112.02458953857422
2024-05-13,185.2026824951172,186.57000732421875,349.69769287109375,154.09336853027344,104.43392181396484,167.98141479492188,439.21820068359375,328.7676086425781,193.29429626464844,60.831275939941406,465.6360778808594,409.16033935546875,71.4010238647461,616.5900268554688,90.3579330444336,26.20543098449707,102.23210144042969,496.99908447265625,237.3495330810547,111.97711944580078
2024-05-14,186.3460235595703,187.07000732421875,351.1683654785156,153.23171997070312,103.96025085449219,169.17318725585938,443.97296142578125,328.3241271972656,195.99826049804688,60.372032165527344,469.4565734863281,411.968994140625,72.2052230834961,613.6599731445312,91.31449890136719,26.150146484375,102.8017349243164,499.0774841308594,236.63462829589844,112.65686798095703
2024-05-15,188.62281799316406,185.99000549316406,352.9919128417969,152.707275390625,101.4142837524414,171.32835388183594,451.3520202636719,336.2019348144531,196.5818328857422,60.40073776245117,479.097412109375,419.171875,73.7657470703125,613.52001953125,94.58700561523438,26.555574417114258,104.42523193359375,502.6416931152344,238.1803741455078,113.52810668945312
2024-05-16,188.7421112060547,183.6300048828125,343.8543701171875,152.39505004882812,102.00637817382812,172.9868927001953,449.8316650390625,330.474365234375,196.9320068359375,60.582515716552734,470.82958984375,417.1011657714844,73.15303039550781,610.52001953125,94.31613159179688,26.64771842956543,105.18474578857422,506.2546081542969,237.56207275390625,112.84835052490234
2024-05-17,188.7719268798828,184.6999969482422,349.29571533203125,153.88978576660156,101.88795471191406,174.85401916503906,452.9305114746094,331.9013977050781,199.18853759765625,60.3050537109375,469.5162658691406,416.328369140625,72.84667205810547,621.0999755859375,92.43697357177734,26.389719009399414,105.85881805419922,509.51776123046875,236.6636199951172,114.54293823242188
2024-05-20,189.93516540527344,183.5399932861328,355.64886474609375,152.4423828125,101.54256439208984,175.7081298828125,448.3016357421875,325.73992919921875,190.23046875,59.86494445800781,466.46185302734375,421.41094970703125,72.63604736328125,640.8200073242188,94.73695373535156,26.288360595703125,106.3810043334961,502.3309326171875,235.36904907226562,113.6142578125
2024-05-21,191.2375946044922,183.14999389648438,352.0408935546875,151.3355255126953,101.65113067626953,176.63174438476562,455.535400390625,324.1296081542969,194.06271362304688,60.19024658203125,462.273193359375,425.07684326171875,73.67001342773438,650.6099853515625,95.34266662597656,26.316003799438477,105.00436401367188,508.4688415527344,226.9930419921875,112.82919311523438
2024-05-22,189.7959747314453,183.1300048828125,348.9721984863281,149.0650634765625,101.6609878540039,175.1718292236328,447.7593078613281,318.7684020996094,192.8857879638672,60.2763557434082,465.4071960449219,426.5431213378906,73.06685638427734,640.469970703125,94.90687561035156,27.274290084838867,103.69418334960938,506.33221435546875,226.7515106201172,110.56016540527344
2024-05-23,185.7992401123047,181.0500030517578,343.8347473144531,148.4690704345703,99.3321304321289,172.36123657226562,443.6630554199219,315.2007751464844,191.5338134765625,59.405696868896484,463.4173583984375,423.0556640625,72.10948944091797,635.6699829101562,103.7518539428711,26.435791015625,100.29531860351562,501.94244384765625,224.8193359375,108.67410278320312
2024-05-24,188.88128662109375,180.75,342.07000732421875,149.23536682128906,100.41761779785156,173.79136657714844,446.5972595214844,313.4747619628906,195.22015380859375,59.319583892822266,475.7942810058594,426.18646240234375,73.34449005126953,646.75,106.42063903808594,26.61086082458496,99.45033264160156,493.5318908691406,224.18170166015625,108.58792877197266
2024-05-28,188.8912353515625,182.14999389648438,339.68756103515625,150.45570373535156,101.08863830566406,175.19168090820312,445.2705993652344,316.946044921875,194.04324340820312,59.14736557006836,477.4857177734375,426.3450012207031,74.22527313232422,649.0,113.8492660522461,26.076431274414062,99.68769073486328,489.1712341308594,221.24478149414062,109.96659088134766
2024-05-29,189.18951416015625,182.02000427246094,331.4912414550781,148.4311981201172,99.54922485351562,174.69509887695312,442.71405029296875,314.25579833984375,192.69126892089844,59.032562255859375,471.9538269042969,425.2055969238281,73.41151428222656,654.6199951171875,114.77283477783203,25.634145736694336,99.68769073486328,470.7574157714844,218.22091674804688,108.78897857666016
2024-05-30,190.1837158203125,179.32000732421875,332.60894775390625,149.71780395507812,100.3583984375,170.9310760498047,438.6319885253906,319.61541748046875,193.87789916992188,59.2908821105957,464.680908203125,410.83953857421875,74.8571548461914,647.6599731445312,110.44979095458984,25.984289169311523,102.12767028808594,467.77581787109375,221.46697998046875,109.1336441040039
2024-05-31,191.13818359375,176.44000244140625,331.8931884765625,153.53976440429688,102.53924560546875,171.3184051513672,444.75994873046875,325.1401062011719,197.08763122558594,60.209381103515625,464.4620361328125,411.2953186035156,76.60914611816406,641.6199951171875,109.58319854736328,26.408145904541016,104.89993286132812,481.1005859375,226.2084197998047,112.26433563232422
2024-06-03,192.90786743164062,178.33999633789062,324.8733215332031,148.96099853515625,101.4142837524414,171.98379516601562,443.2596435546875,318.4794006347656,196.2998046875,60.209381103515625,475.0679626464844,409.7001953125,74.87952423095703,633.7899780273438,114.94776153564453,27.0070743560791,101.96625518798828,483.1109924316406,221.836181640625,109.57404327392578
2024-06-04,193.2260284423828,179.33999633789062,321.1575622558594,147.70278930664062,101.96690368652344,172.59957885742188,443.57135009765625,318.72216796875,193.71255493164062,61.175716400146484,474.57049560546875,412.2266540527344,74.33992004394531,631.6199951171875,116.38410186767578,27.17293357849121,103.2669448852539,490.9291076660156,221.1560516357422,107.869873046875
2024-06-05,194.7372283935547,181.27999877929688,323.0007629394531,146.61485290527344,100.16104125976562,174.2084503173828,449.7869873046875,320.6640319824219,191.86451721191406,61.156578063964844,492.548828125,420.09326171875,74.24356842041016,650.27001953125,122.38438415527344,27.22821617126465,103.23845672607422,488.6274108886719,220.9520263671875,108.30071258544922
2024-06-06,193.3552703857422,185.0,321.86346435546875,147.51358032226562,99.87487030029297,175.51942443847656,446.2992858886719,321.4796447753906,191.52407836914062,61.37663650512695,491.2554626464844,420.5985412597656,73.90630340576172,648.52001953125,120.94303894042969,26.537145614624023,104.4442138671875,487.4619140625,221.82647705078125,109.11449432373047
2024-06-07,195.7513427734375,184.3000030517578,322.500732421875,147.65548706054688,100.20051574707031,173.26498413085938,443.1914367675781,317.5279235839844,194.48095703125,61.14701843261719,490.45947265625,419.9347839355469,72.64402770996094,641.469970703125,120.83309173583984,26.334430694580078,104.62460327148438,476.55548095703125,221.4961395263672,107.94647216796875
2024-06-10,192.0031280517578,187.05999755859375,323.1576232910156,148.27987670898438,101.38468170166016,174.01068115234375,441.8664245605469,322.897216796875,194.15023803710938,60.840850830078125,500.05059814453125,423.9176330566406,74.16647338867188,644.5,121.73467254638672,25.864501953125,105.54552459716797,480.7413024902344,222.4482879638672,108.26241302490234
2024-06-11,205.95199584960938,187.22999572753906,320.90264892578125,148.04336547851562,99.53935241699219,175.61148071289062,432.8255310058594,325.96539306640625,189.04383850097656,60.802574157714844,504.8959045410156,428.68316650390625,70.09054565429688,648.5499877929688,120.86500549316406,25.827646255493164,105.93478393554688,481.9261474609375,220.9520263671875,107.39118957519531
2024-06-12,211.83778381347656,186.88999938964844,322.29486083984375,145.89588928222656,99.47028350830078,176.7748260498047,437.1414489746094,334.1407775878906,186.29124450683594,60.16154479980469,506.25897216796875,436.9857482910156,69.62804412841797,650.0599975585938,125.15341186523438,25.486717224121094,107.10255432128906,478.8669128417969,220.03872680664062,106.20401763916016
2024-06-13,213.00100708007812,183.8300018310547,319.9712219238281,144.59036254882812,98.7696304321289,174.15985107421875,434.8519592285156,337.7720947265625,188.3629913330078,60.266788482666016,501.5429992675781,437.5009765625,70.51451110839844,653.260009765625,129.561767578125,25.477502822875977,106.69430541992188,482.97503662109375,215.81224060058594,105.35192108154297
2024-06-14,211.26112365722656,183.66000366210938,315.1769714355469,144.3349609375,98.65122985839844,175.78050231933594,434.9591369628906,336.7622985839844,188.47970581054688,60.3101692199707,502.1007080078125,438.4818420410156,70.39889526367188,669.3800048828125,131.8309326171875,25.366933822631836,106.6088638305664,482.8002014160156,215.79283142089844,104.4615478515625
2024-06-17,215.41693115234375,184.05999755859375,316.0887451171875,144.92147827148438,100.18077087402344,176.22796630859375,438.5832824707031,339.34503173828125,189.64686584472656,60.37766647338867,504.56060791015625,444.228271484375,69.67620849609375,675.8300170898438,130.93125915527344,24.860145568847656,106.56097412109375,477.1531677246094,215.09329223632812,103.7435073852539
2024-06-18,213.0507049560547,182.80999755859375,318.7751159667969,145.05392456054688,100.16104125976562,174.09022521972656,445.6465148925781,343.5880126953125,191.6116180419922,60.387306213378906,497.44976806640625,442.2170104980469,67.87433624267578,685.6699829101562,135.529541015625,25.25636100769043,105.38314819335938,469.175048828125,216.2592010498047,104.72004699707031
2024-06-20,208.4673614501953,186.10000610351562,322.6870422363281,148.18527221679688,100.49655151367188,175.2933349609375,446.25054931640625,343.1705017089844,193.2359619140625,59.95342254638672,499.6507873535156,441.5829162597656,69.82075500488281,679.030029296875,130.73133850097656,25.5604305267334,104.53087615966797,472.5594177246094,218.77566528320312,106.97949981689453
2024-06-21,206.2900390625,189.0800018310547,321.4222412109375,146.89866638183594,100.92088317871094,178.60430908203125,438.5832824707031,345.46197509765625,190.9307861328125,60.52229690551758,492.759033203125,445.6252136230469,70.15799713134766,686.1199951171875,126.52288818359375,25.5604305267334,104.76070404052734,470.67706298828125,219.68894958496094,106.041259765625
2024-06-24,206.936279296875,185.57000732421875,323.53997802734375,150.7111358642578,100.63471221923828,178.1966552734375,450.18646240234375,340.6849060058594,193.44021606445312,61.67932891845703,496.8721618652344,443.53472900390625,71.16011810302734,669.02001953125,118.0660400390625,26.131717681884766,106.89613342285156,477.8846740722656,219.9318389892578,109.19108581542969
2024-06-25,207.86090087890625,186.33999633789062,320.9908752441406,149.9070281982422,100.851806640625,182.97918701171875,445.5978088378906,328.4898681640625,192.65237426757812,61.553977966308594,508.5144348144531,446.784423828125,70.32182312011719,672.4099731445312,126.0430679321289,25.790788650512695,105.17247009277344,472.5399169921875,217.69717407226562,109.49746704101562
2024-06-26,212.0167236328125,193.61000061035156,320.3340148925781,147.53248596191406,100.83207702636719,182.83006286621094,444.1169738769531,331.8881530761719,192.0298614501953,61.75646209716797,511.0240783691406,447.9832458496094,70.69760131835938,677.6900024414062,126.35295867919922,25.265573501586914,105.7278823852539,472.0912780761719,217.25994873046875,109.53575134277344
2024-06-27,212.86183166503906,197.85000610351562,321.0497131347656,147.88253784179688,100.82220458984375,184.35130310058594,434.47198486328125,331.5677185058594,193.72225952148438,61.62147521972656,517.437744140625,448.6668701171875,71.03485107421875,684.3400268554688,123.94384765625,25.615718841552734,106.62801361083984,474.4320373535156,217.12393188476562,110.0048828125
2024-06-28,209.40191650390625,193.25,326.57928466796875,147.97714233398438,97.9802017211914,181.10992431640625,440.66815185546875,334.23779296875,196.72775268554688,61.37078857421875,502.1604309082031,442.82135009765625,68.23085021972656,674.8800048828125,123.49402618408203,25.781572341918945,107.54729461669922,496.6886901855469,219.83468627929688,110.21550750732422
2024-07-01,215.49647521972656,197.1999969482422,322.637939453125,148.07174682617188,96.74668884277344,181.94512939453125,451.7160339355469,326.4217224121094,199.83050537109375,61.01403045654297,502.6185607910156,452.51104736328125,67.35399627685547,673.6099853515625,124.25375366210938,26.002716064453125,107.20256042480469,482.4393615722656,218.47442626953125,110.06232452392578
2024-07-02,218.9961395263672,200.0,321.3438415527344,148.28932189941406,96.69734954833984,184.18226623535156,453.6157531738281,325.2371826171875,203.11805725097656,60.88868713378906,507.4189147949219,455.0374450683594,67.90322875976562,679.5800170898438,122.62434387207031,25.643362045288086,108.40914154052734,485.9407043457031,219.0962677001953,109.3155517578125
2024-07-03,220.26873779296875,197.58999633789062,324.1380310058594,148.25149536132812,97.30916595458984,184.75897216796875,455.8663024902344,323.9458312988281,202.98187255859375,61.0622444152832,507.87701416015625,456.5137023925781,69.21369171142578,682.510009765625,128.2322540283203,25.523574829101562,108.49533081054688,477.7969055175781,219.16429138183594,109.87083435058594
2024-07-05,225.031005859375,200.0,321.9222717285156,145.98101806640625,96.69734954833984,189.5116729736328,452.7779541015625,324.8585205078125,200.29226684570312,61.476844787597656,537.70458984375,463.240966796875,69.46422576904297,690.6500244140625,125.78317260742188,25.8460750579834,109.60612487792969,475.9632873535156,218.77566528320312,108.5400619506836
2024-07-08,226.50247192382812,199.2899932861328,322.618408203125,145.9999542236328,96.52881622314453,187.9506378173828,452.84613037109375,329.7326965332031,200.6639404296875,60.70549392700195,527.1578979492188,461.93316650390625,69.48350524902344,685.739990234375,128.1522674560547,25.735504150390625,109.55824279785156,477.26043701171875,217.0461883544922,107.4007568359375
2024-07-09,227.3574676513672,199.33999633789062,319.67706298828125,144.72279357910156,96.21157836914062,187.90090942382812,460.6498107910156,327.29559326171875,203.06991577148438,60.445159912109375,527.835205078125,455.2950744628906,69.49313354492188,685.739990234375,131.33111572265625,25.542003631591797,109.59654235839844,479.9620666503906,215.48191833496094,106.21358489990234
2024-07-10,231.6326141357422,199.7899932861328,322.04974365234375,146.75677490234375,96.13226318359375,190.08834838867188,466.5537109375,334.1795654296875,203.23617553710938,60.58015060424805,532.5059814453125,461.943115234375,70.2447280883789,677.6500244140625,134.85980224609375,26.12250518798828,111.5979232788086,488.5643615722656,218.03721618652344,107.1518325805664
2024-07-11,226.25390625,195.0500030517578,324.64788818359375,146.87974548339844,95.76545715332031,184.5104217529297,466.88494873046875,343.5103759765625,202.89385986328125,60.840476989746094,510.6058349609375,450.499755859375,71.97916412353516,652.75,127.35259246826172,26.408145904541016,115.3038101196289,491.9096374511719,222.22483825683594,108.42517852783203
2024-07-12,229.20672607421875,194.49000549316406,329.0205383300781,147.1919403076172,96.29088592529297,184.0132598876953,467.5182189941406,349.3166198730469,200.43898010253906,61.41899490356445,496.8323059082031,449.36041259765625,73.2318115234375,647.5999755859375,129.19192504882812,26.64771842956543,115.0548324584961,498.90264892578125,223.68223571777344,108.44432067871094
2024-07-15,233.04440307617188,192.72000122070312,339.0012512207031,149.50967407226562,96.03313446044922,185.4649200439453,479.550048828125,348.0447082519531,205.436767578125,61.13937759399414,494.13336181640625,449.7666320800781,68.38501739501953,656.4500122070312,128.3922119140625,26.813573837280273,116.00285339355469,502.6478576660156,229.2883758544922,110.30166625976562
2024-07-16,233.46197509765625,193.02000427246094,353.5213623046875,149.2542724609375,97.61930847167969,182.8698272705078,490.06207275390625,358.39495849609375,208.9283447265625,61.96858215332031,487.7894287109375,445.36761474609375,69.2811508178711,656.3200073242188,126.31297302246094,27.182146072387695,116.33800506591797,535.3208618164062,236.15757751464844,111.0963134765625
2024-07-17,227.5563201904297,187.92999267578125,350.7957458496094,152.5275115966797,96.46932983398438,179.98638916015625,489.24371337890625,361.08441162109375,212.10696411132812,62.87491989135742,460.1029357910156,439.4230651855469,68.31757354736328,647.4600219726562,117.94608306884766,27.67050552368164,117.98506927490234,559.1283569335938,236.9640350341797,112.62813568115234
2024-07-18,222.8834991455078,183.75,349.0604248046875,153.22756958007812,95.95381927490234,176.67538452148438,473.68511962890625,355.4432678222656,205.3682861328125,62.85564422607422,473.9063720703125,436.3021545410156,69.05952453613281,643.0399780273438,121.04492950439453,27.375646591186523,117.42009735107422,550.4090576171875,236.10903930664062,113.73872375488281
2024-07-19,223.01275634765625,183.1300048828125,340.8248596191406,150.5597686767578,94.91289520263672,176.6455535888672,472.4381103515625,352.8022766113281,205.1726837158203,62.95206069946289,474.8424987792969,433.072265625,69.37749481201172,633.3400268554688,117.8861083984375,27.615215301513672,118.5021743774414,551.3746337890625,235.43862915039062,111.1250228881836
2024-07-22,222.66477966308594,182.5500030517578,342.44915771484375,148.516357421875,93.31680297851562,180.63267517089844,474.4937744140625,352.69549560546875,205.6616973876953,62.4506721496582,485.4091796875,438.8484191894531,70.2447280883789,647.5,123.49402618408203,27.274290084838867,121.28876495361328,544.7424926757812,236.3616485595703,110.3591079711914
2024-07-23,223.70870971679688,186.41000366210938,338.80682373046875,145.77288818359375,90.15436553955078,180.75198364257812,479.47210693359375,349.17095947265625,205.71060180664062,62.63387680053711,486.69390869140625,440.74078369140625,69.48350524902344,642.760009765625,122.54436492919922,27.182146072387695,120.3503189086914,541.007080078125,232.6986846923828,108.57836151123047
2024-07-24,217.27610778808594,180.8300018310547,330.8034973144531,146.70001220703125,89.02420806884766,171.644287109375,474.1625061035156,340.1314392089844,204.00881958007812,63.45343780517578,459.3858642578125,424.9381103515625,72.66329956054688,635.989990234375,114.20747375488281,27.624431610107422,117.86058807373047,545.9323120117188,230.638916015625,110.11018371582031
2024-07-25,216.23220825195312,179.85000610351562,338.93475341796875,149.03668212890625,88.43930053710938,166.3248291015625,479.04345703125,343.0249328613281,204.08705139160156,63.70412826538086,451.5579833984375,414.5351257324219,70.76506042480469,634.0900268554688,112.23819732666016,27.808717727661133,115.32295227050781,545.8640747070312,228.66656494140625,112.42709350585938
2024-07-26,216.69949340820312,182.5,345.01849365234375,149.32049560546875,89.15308380126953,166.0464324951172,486.1748962402344,349.06414794921875,207.5786590576172,64.64904022216797,463.7978515625,421.34161376953125,71.55519104003906,631.3699951171875,113.0179214477539,28.75249481201172,117.4775390625,555.6561889648438,233.53427124023438,112.33134460449219
2024-07-29,216.97787475585938,183.1999969482422,339.16119384765625,148.14744567871094,91.343994140625,168.56198120117188,480.0274353027344,351.1614074707031,206.2191925048828,64.43692016601562,463.8077392578125,422.7881774902344,71.63226318359375,626.9600219726562,111.5484619140625,28.705772399902344,118.69368743896484,552.7595825195312,235.2734375,111.15375518798828
2024-07-30,217.53463745117188,181.7100067138672,336.3949890136719,150.95712280273438,92.97974395751953,169.31764221191406,492.64385986328125,353.12274169921875,210.46388244628906,65.25647735595703,461.2980651855469,419.0133056640625,71.57445526123047,622.5800170898438,103.69139862060547,29.33184242248535,120.74293518066406,562.10302734375,238.4602813720703,113.13556671142578
2024-07-31,220.795654296875,186.97999572753906,340.8052062988281,151.80853271484375,92.88060760498047,170.56048583984375,495.91729736328125,357.46282958984375,208.12637329101562,64.35013580322266,472.8905029296875,414.485595703125,73.60760498046875,628.3499755859375,116.97643280029297,28.53757667541504,120.70463562011719,561.9371948242188,239.72335815429688,113.53765869140625
2024-08-01,217.09716796875,184.07000732421875,326.3538818359375,144.3822479248047,92.24613952636719,169.7849578857422,487.23681640625,348.1611633300781,203.39266967773438,65.52645111083984,495.7069396972656,413.2569885253906,75.53475189208984,624.8499755859375,109.16935729980469,28.640363693237305,122.3038101196289,558.6309204101562,237.52755737304688,111.96753692626953
2024-08-02,218.58847045898438,167.89999389648438,315.869873046875,140.5319366455078,88.79619598388672,165.70835876464844,458.5162658691406,345.10272216796875,194.76637268066406,66.8473892211914,486.1461486816406,404.71661376953125,76.31526184082031,613.6400146484375,107.23007202148438,28.43478775024414,118.72241973876953,575.2698364257812,233.15536499023438,111.90052032470703
2024-08-05,208.05972290039062,161.02000427246094,311.86334228515625,136.8518829345703,87.02165985107422,158.34068298339844,447.1955261230469,339.8401794433594,190.61947631835938,65.66143798828125,473.786865234375,391.4998474121094,73.88703918457031,598.5499877929688,100.41261291503906,27.790027618408203,113.89615631103516,555.8903198242188,228.20018005371094,109.88040924072266
2024-08-06,206.03152465820312,161.92999267578125,321.35308837890625,135.49908447265625,89.19274139404297,157.3861541748047,458.1070251464844,343.6268615722656,195.94000244140625,65.61322784423828,492.07183837890625,395.9186706542969,74.16647338867188,609.5700073242188,104.21119689941406,27.397567749023438,115.91666412353516,554.320068359375,231.7756805419922,109.2964096069336
2024-08-07,208.6065673828125,162.77000427246094,320.7230529785156,134.72332763671875,85.2173843383789,158.0324249267578,460.8251953125,332.4512634277344,195.99868774414062,66.008544921875,486.9230041503906,394.7495422363281,74.7349853515625,611.47998046875,98.8731918334961,26.958383560180664,115.0548324584961,552.1061401367188,230.11424255371094,110.75164794921875
2024-08-08,212.0763702392578,165.8000030517578,330.921630859375,136.69107055664062,85.2173843383789,161.1048126220703,473.2564697265625,338.2187194824219,199.57830810546875,66.26888275146484,507.5483703613281,398.97021484375,74.7157211303711,630.3499755859375,104.9309310913086,26.874286651611328,116.81680297851562,552.2621459960938,233.7091522216797,112.86749267578125
2024-08-09,214.9894256591797,166.94000244140625,332.9888916015625,137.16407775878906,85.46522521972656,162.73544311523438,477.63079833984375,338.510009765625,201.2801055908203,66.22066497802734,515.6551513671875,402.26947021484375,74.63863372802734,633.9400024414062,104.71101379394531,26.678054809570312,116.73062133789062,544.966796875,230.77491760253906,113.7865982055664
2024-08-12,216.52230834960938,166.8000030517578,330.7936706542969,137.19247436523438,85.20746612548828,161.36331176757812,472.9934387207031,335.76220703125,201.6615447998047,65.72892761230469,513.8425903320312,403.05218505859375,74.75425720214844,633.1400146484375,108.97943115234375,26.584611892700195,114.901611328125,551.3355712890625,230.02679443359375,113.9301986694336
2024-08-13,220.2449951171875,170.22999572753906,333.5205078125,136.36941528320312,84.8604965209961,163.22264099121094,479.2675476074219,339.8984680175781,203.3730926513672,66.008544921875,526.3811645507812,410.1856689453125,75.27459716796875,648.02001953125,116.09677124023438,26.958383560180664,117.4775390625,560.0646362304688,230.5320281982422,112.8387680053711
2024-08-14,220.69288635253906,170.10000610351562,332.329345703125,136.86134338378906,85.55445098876953,159.45428466796875,485.8534240722656,345.3260192871094,205.62258911132812,66.12425231933594,524.6083984375,413.0093078613281,75.16859436035156,661.6799926757812,118.03605651855469,26.98641586303711,118.18616485595703,565.360595703125,234.36984252929688,113.88233184814453
2024-08-15,223.67898559570312,177.58999633789062,340.2539367675781,138.8763885498047,88.02293395996094,160.37896728515625,486.1651611328125,349.6078796386719,206.90383911132812,66.19174194335938,535.1353149414062,417.8926696777344,74.59046173095703,663.219970703125,122.81427764892578,26.82756233215332,119.47891235351562,565.3020629882812,236.78915405273438,114.58686065673828
2024-08-16,225.00283813476562,177.05999755859375,338.1275939941406,139.32101440429688,88.52853393554688,162.0294952392578,491.27020263671875,351.54010009765625,209.2706756591797,66.70276641845703,525.2656860351562,415.35174560546875,75.70820617675781,674.0700073242188,124.53363800048828,26.44444465637207,117.64033508300781,563.4197387695312,237.58587646484375,114.04640197753906
2024-08-19,224.84356689453125,178.22000122070312,339.2793273925781,140.45938110351562,90.03539276123047,165.71832275390625,491.6793518066406,352.52069091796875,210.71815490722656,66.50992584228516,527.1181030273438,418.388916015625,76.45980072021484,688.530029296875,129.95159912109375,26.91166114807129,119.41188049316406,564.4925537109375,239.08212280273438,114.39383697509766
2024-08-20,225.46070861816406,178.8800048828125,337.95037841796875,138.4122314453125,88.96472930908203,166.22537231445312,484.5284118652344,356.59869384765625,209.80857849121094,66.89559936523438,524.5784912109375,421.63458251953125,76.10327911376953,698.5399780273438,127.20264434814453,27.005104064941406,118.88520812988281,566.3164672851562,239.49993896484375,110.58167266845703
2024-08-21,225.35121154785156,180.11000061035156,337.6255187988281,139.014892578125,89.93626403808594,164.9029998779297,483.6711120605469,359.69598388671875,209.8868408203125,67.07880401611328,532.9740600585938,420.9794921875,76.73922729492188,697.1199951171875,128.45216369628906,27.126583099365234,119.19163513183594,563.8001708984375,238.75177001953125,109.87715148925781
2024-08-22,223.48985290527344,176.1300048828125,337.0250244140625,139.40708923339844,89.14317321777344,162.86468505859375,484.9278564453125,354.744140625,211.8722381591797,66.8473892211914,529.7572631835938,412.4534606933594,76.04545593261719,688.9600219726562,123.6939468383789,26.892972946166992,120.63760375976562,564.4340209960938,237.38182067871094,110.72644805908203
2024-08-23,225.78916931152344,177.0399932861328,342.980712890625,141.21510314941406,89.77764129638672,164.67431640625,496.2972412109375,364.67694091796875,213.5153350830078,67.29092407226562,525.8433837890625,413.68426513671875,76.75849914550781,686.72998046875,129.32183837890625,27.005104064941406,123.39546203613281,570.0811767578125,239.8399658203125,112.26095581054688
2024-08-26,226.12757873535156,175.5,345.6878662109375,142.0569305419922,90.98709869384766,165.2112274169922,494.7871398925781,363.2398986816406,214.35647583007812,68.3033218383789,518.991455078125,410.40887451171875,77.70279693603516,688.4400024414062,126.41293334960938,27.023794174194336,123.43376159667969,572.636474609375,240.80186462402344,114.66407012939453
2024-08-27,226.97366333007812,173.1199951171875,345.64849853515625,140.5741729736328,90.11470794677734,163.7396697998047,494.19287109375,362.3369445800781,215.34426879882812,68.93968963623047,516.9796752929688,410.7562561035156,76.71031951904297,695.719970703125,128.25225830078125,26.93035125732422,123.47208404541016,572.8509521484375,243.24058532714844,113.57350158691406
2024-08-28,225.44078063964844,170.8000030517578,342.7740173339844,139.66539001464844,88.71688842773438,161.92013549804688,490.3641052246094,361.8612060546875,216.42990112304688,69.18073272705078,514.669189453125,407.5403747558594,76.51760864257812,683.8400268554688,125.5632553100586,26.864940643310547,121.51859283447266,574.0115966796875,245.49468994140625,112.4539794921875
2024-08-29,228.7255096435547,172.1199951171875,346.160400390625,141.0237579345703,89.03411865234375,160.85621643066406,496.959716796875,358.5594482421875,217.32969665527344,69.47000122070312,516.1032104492188,410.0415954589844,77.11502838134766,692.47998046875,117.54622650146484,26.8369083404541,120.01516723632812,576.9668579101562,246.00962829589844,114.00779724121094
2024-08-30,227.93917846679688,178.5,350.5509338378906,141.53077697753906,89.59919738769531,162.44711303710938,500.0467224121094,359.96612548828125,219.86280822753906,69.87495422363281,519.1806030273438,414.0316467285156,78.07999420166016,701.3499755859375,119.32557678222656,27.107892990112305,122.39957427978516,575.6306762695312,250.14138793945312,113.82443237304688
2024-09-03,221.738037109375,176.25,334.9380187988281,138.38352966308594,88.36000061035156,156.46145629882812,477.71246337890625,356.293212890625,215.46163940429688,70.39561462402344,509.669677734375,406.3890380859375,77.51749420166016,675.3200073242188,107.95980072021484,26.44444465637207,122.92625427246094,583.9012451171875,249.28182983398438,111.44062042236328
2024-09-04,219.82691955566406,173.3300018310547,331.50244140625,135.90591430664062,88.47895812988281,155.55667114257812,480.8288269042969,356.224853515625,214.512939453125,69.96173095703125,510.6456298828125,405.85302734375,78.6327896118164,679.6799926757812,106.17046356201172,26.528545379638672,122.83049011230469,589.2655029296875,249.76043701171875,110.07981872558594
2024-09-05,221.34983825683594,177.88999938964844,328.36212158203125,134.81536865234375,87.88414764404297,156.3421630859375,478.12408447265625,353.47015380859375,212.85028076171875,68.62149810791016,514.748779296875,405.3468933105469,77.90542602539062,683.6199951171875,107.17009735107422,26.640676498413086,122.00696563720703,580.7900390625,245.68731689453125,109.22087860107422
2024-09-06,219.79705810546875,171.38999938964844,324.22760009765625,132.54818725585938,87.18028259277344,150.0582275390625,470.0194091796875,351.7118225097656,207.79383850097656,68.59257507324219,498.2265625,398.70672607421875,77.56599426269531,665.77001953125,102.7917251586914,26.68739891052246,121.8345947265625,582.145751953125,243.83143615722656,108.7093734741211
2024-09-09,219.8866424560547,175.39999389648438,328.8346862792969,134.21270751953125,87.57681274414062,148.0570831298828,478.8002624511719,357.0551452636719,212.04827880859375,69.27714538574219,502.7281494140625,402.6967468261719,78.73947143554688,675.4199829101562,106.43038177490234,27.481664657592773,124.72652435302734,579.4343872070312,245.27708435058594,110.99666595458984
2024-09-10,219.09034729003906,179.5500030517578,328.95281982421875,132.2324981689453,87.63630676269531,148.00729370117188,457.7889709472656,362.28125,201.0453643798828,68.98789978027344,502.7281494140625,411.11358642578125,79.81597900390625,673.6199951171875,108.05976104736328,27.790027618408203,126.78533172607422,584.2427368164062,246.7129364013672,106.952880859375
2024-09-11,221.6285400390625,184.52000427246094,329.7796936035156,131.897705078125,87.55699920654297,150.49630737304688,461.74822998046875,361.9100341796875,202.67868041992188,68.53472900390625,509.7393493652344,419.8876953125,80.91185760498047,681.469970703125,116.86649322509766,27.715272903442383,125.14786529541016,575.1917114257812,241.7509307861328,105.89126586914062
2024-09-12,221.738037109375,187.0,334.2882995605469,133.17001342773438,88.52853393554688,154.01080322265625,464.5804138183594,365.7587585449219,202.06251525878906,68.67935943603516,523.4530639648438,423.81817626953125,80.94095611572266,686.7999877929688,119.10585021972656,27.248058319091797,124.76481628417969,573.89453125,243.108642578125,107.34857940673828
2024-09-13,221.46926879882812,186.49000549316406,339.9290466308594,134.50924682617188,89.76773834228516,156.76866149902344,469.41180419921875,371.19000244140625,199.83261108398438,69.32494354248047,522.4771728515625,427.38140869140625,82.09503936767578,697.0599975585938,119.06585693359375,27.350847244262695,124.46797180175781,579.6489868164062,243.33328247070312,107.27137756347656
2024-09-16,215.31790161132812,184.88999938964844,342.5377502441406,135.92503356933594,91.05650329589844,157.3660125732422,475.45843505859375,373.16326904296875,203.29486083984375,69.99479675292969,531.6084594726562,428.1258239746094,82.08534240722656,696.5,116.74652099609375,28.098392486572266,124.71879577636719,576.6343383789062,246.56640625,108.77693176269531
2024-09-17,215.78570556640625,186.8800048828125,348.1784973144531,137.18777465820312,92.05777740478516,158.6204833984375,475.6838684082031,374.36474609375,204.65432739257812,69.70355224609375,534.6389770507812,431.9074401855469,82.4053726196289,706.9099731445312,115.5568618774414,27.874126434326172,124.32325744628906,565.6915893554688,247.66038513183594,110.19563293457031
2024-09-18,219.66766357421875,186.42999267578125,349.586181640625,137.71389770507812,92.77156066894531,159.10830688476562,474.8900146484375,375.1169738769531,202.9720916748047,69.65501403808594,536.2637939453125,427.59979248046875,81.7362060546875,690.469970703125,113.33749389648438,27.799373626708984,122.53852844238281,568.3245239257812,245.36497497558594,110.58167266845703
2024-09-19,227.8097686767578,189.8699951171875,367.49273681640625,138.69920349121094,92.6426773071289,161.4281005859375,493.7550964355469,381.30035400390625,205.8572998046875,68.55799865722656,557.3474731445312,435.4210510253906,79.80626678466797,704.3200073242188,117.83621215820312,27.715272903442383,123.96631622314453,564.820556640625,242.66908264160156,111.9521255493164
2024-09-20,227.1428680419922,191.60000610351562,363.07269287109375,139.35926818847656,92.9400863647461,162.87173461914062,488.46307373046875,380.83148193359375,206.45391845703125,69.5482177734375,559.5903930664062,432.02655029296875,80.26207733154297,701.030029296875,115.96675109863281,27.491010665893555,121.04322814941406,562.79443359375,239.68992614746094,111.24758911132812
2024-09-23,225.42088317871094,193.8800048828125,365.3860778808594,141.13856506347656,92.16682434082031,161.13938903808594,487.4634704589844,382.8828125,206.79623413085938,69.6355972290039,562.6408081054688,430.2796936035156,82.25990295410156,705.3699951171875,116.22667694091797,27.388221740722656,122.16230010986328,561.2381591796875,238.33224487304688,113.26466369628906
2024-09-24,226.31671142578125,193.9600067138672,379.91607666015625,141.05247497558594,92.88060760498047,161.5774383544922,488.0612487792969,391.3813781738281,206.94293212890625,69.24727630615234,561.5642700195312,425.9720153808594,81.74590301513672,722.260009765625,120.83535766601562,27.565765380859375,122.21052551269531,562.98046875,243.17701721191406,112.96548461914062
2024-09-25,225.32135009765625,192.52999877929688,372.355712890625,137.72348022460938,93.1086196899414,160.7809600830078,481.3188781738281,387.73773193359375,205.57369995117188,69.36376190185547,566.528564453125,428.89007568359375,82.06594848632812,721.5599975585938,123.47459411621094,27.033138275146484,120.9660415649414,564.0767211914062,239.79739379882812,110.7650375366211
2024-09-26,226.4660186767578,191.16000366210938,384.8676452636719,135.82937622070312,94.37755584716797,162.0155029296875,486.9832763671875,387.5130920410156,205.1726837158203,69.31523132324219,566.0601196289062,428.0960388183594,80.94095611572266,711.4299926757812,124.00444030761719,27.07051658630371,120.81169128417969,562.6085205078125,237.58010864257812,108.86380004882812
2024-09-27,226.73475646972656,187.97000122070312,384.9858093261719,139.17752075195312,95.18055725097656,163.2301483154297,488.5414733886719,390.27752685546875,205.8768768310547,69.69384765625,565.5816040039062,424.8305358886719,81.98836517333984,707.3499755859375,121.36520385742188,27.182645797729492,121.15898132324219,569.4990844726562,238.54710388183594,111.77839660644531
2024-09-30,231.92062377929688,186.3300018310547,385.0251770019531,140.88027954101562,95.3590087890625,165.121826171875,485.20947265625,395.81622314453125,206.22897338867188,69.76180267333984,570.6456909179688,427.0935363769531,81.9786605834961,709.27001953125,121.40518951416016,27.042482376098633,121.82464599609375,572.26904296875,240.75460815429688,113.12956237792969
2024-10-01,225.16207885742188,185.1300048828125,386.275390625,143.20484924316406,93.23749542236328,166.25680541992188,480.3682556152344,399.5770568847656,202.49285888671875,69.61618041992188,574.6630249023438,417.55517578125,82.69631958007812,706.1300048828125,116.96646118164062,26.790185928344727,120.21356201171875,570.9182739257812,239.84622192382812,115.74497985839844
2024-10-02,225.7294464111328,184.75999450683594,387.9095153808594,144.40061950683594,93.33663177490234,165.13177490234375,482.15185546875,401.7358703613281,202.73736572265625,68.93661499023438,571.0145874023438,414.0217590332031,82.85149383544922,711.0900268554688,118.81592559814453,26.734119415283203,119.79873657226562,579.7369995117188,237.69732666015625,117.27948760986328
2024-10-03,224.6245880126953,181.9600067138672,384.99566650390625,144.68760681152344,92.82112121582031,165.13177490234375,476.379638671875,402.0484313964844,200.7226104736328,68.46092987060547,580.9432983398438,413.4361267089844,82.48297119140625,706.7999877929688,122.81478118896484,26.481822967529297,117.73423767089844,580.167724609375,235.04051208496094,118.30250549316406
2024-10-04,225.74935913085938,186.50999450683594,390.9021301269531,144.19973754882812,94.32799530029297,166.3264923095703,485.2585144042969,398.90301513671875,207.8470001220703,68.12114715576172,594.0720825195312,412.959716796875,81.31917572021484,719.7000122070312,124.88418579101562,26.706085205078125,118.10082244873047,578.6505737304688,233.31161499023438,120.4739990234375
2024-10-07,220.66305541992188,180.8000030517578,392.0440673828125,144.563232421875,91.59183502197266,162.264404296875,484.7292785644531,398.6100158691406,207.56161499023438,66.9950180053711,582.947021484375,406.4883117675781,77.86663055419922,701.9199829101562,127.68338775634766,27.28543472290039,115.7662124633789,571.1727905273438,231.3678436279297,120.99515533447266
2024-10-08,224.72413635253906,182.72000122070312,381.9144287109375,142.2960662841797,91.71080017089844,163.65826416015625,486.6402893066406,404.5882568359375,207.38450622558594,67.1600570678711,591.0315551757812,411.6197509765625,78.07029724121094,721.760009765625,132.85189819335938,27.266746520996094,115.1294937133789,569.2348022460938,232.04180908203125,117.78135681152344
2024-10-09,228.47666931152344,185.1699981689453,390.01617431640625,143.15701293945312,92.7913818359375,161.1493377685547,495.0780944824219,406.4344787597656,210.01185607910156,67.5386734008789,588.6589965820312,414.3492431640625,78.14788055419922,727.4299926757812,132.61195373535156,28.210525512695312,114.64713287353516,578.670166015625,232.15902709960938,117.82959747314453
2024-10-10,227.97897338867188,186.64999389648438,390.4591979980469,144.08494567871094,92.18665313720703,161.3683624267578,493.6473388671875,400.4659729003906,209.4411163330078,67.2280044555664,581.9999389648438,412.7413330078125,78.49700927734375,730.2899780273438,134.77134704589844,27.416255950927734,114.10689544677734,585.0126342773438,233.27255249023438,118.84296417236328
2024-10-11,226.4958953857422,188.82000732421875,395.75531005859375,144.85023498535156,93.31680297851562,162.52328491210938,505.97576904296875,402.36102294921875,218.74020385742188,67.5386734008789,588.100830078125,413.2177734375,79.38924407958984,722.7899780273438,134.76136779785156,27.248058319091797,115.99774169921875,585.355224609375,236.6814727783203,119.29656982421875
2024-10-14,230.228515625,187.5399932861328,387.81109619140625,145.19461059570312,94.14955139160156,164.2357177734375,512.2967529296875,405.799560546875,217.94314575195312,68.28617858886719,588.5692138671875,416.0167541503906,80.40756225585938,713.0,138.0304412841797,27.173303604125977,116.2099838256836,592.5491943359375,239.57272338867188,119.75017547607422
2024-10-15,232.76669311523438,187.69000244140625,381.9439697265625,141.32032775878906,93.40602111816406,164.73353576660156,511.9342041015625,405.9558410644531,218.838623046875,68.28617858886719,584.4323120117188,415.6197204589844,80.29118347167969,705.97998046875,131.56228637695312,27.509700775146484,117.10717010498047,544.4816284179688,240.0806427001953,116.15032958984375
2024-10-16,230.70628356933594,186.88999938964844,387.4862365722656,142.27694702148438,95.91416931152344,164.43484497070312,519.2646484375,408.9156494140625,220.06866455078125,68.50946807861328,574.9820556640625,413.0192565917969,81.84288024902344,702.0,135.68109130859375,27.724618911743164,122.49030303955078,559.212158203125,242.3369903564453,116.44951629638672
2024-10-17,231.07456970214844,187.52999877929688,388.3426513671875,144.6397705078125,95.70598602294922,162.21461486816406,518.4218139648438,405.9753723144531,220.83619689941406,67.8590316772461,575.1216430664062,413.61480712890625,81.25129699707031,687.6500244140625,136.8907470703125,27.350847244262695,118.37095642089844,554.0149536132812,236.1051788330078,116.15032958984375
2024-10-18,233.911376953125,188.99000549316406,387.72247314453125,144.2093048095703,96.43959045410156,162.70248413085938,517.9318237304688,405.3892517089844,221.77102661132812,68.38327026367188,574.6630249023438,415.04400634765625,81.83318328857422,763.8900146484375,137.96043395996094,27.304122924804688,118.17800903320312,557.5188598632812,238.4298858642578,115.82219696044922
2024-10-21,235.384521484375,189.07000732421875,385.7762451171875,144.33364868164062,95.78529357910156,163.34963989257812,507.44580078125,396.9884033203125,219.43887329101562,67.42215728759766,573.3571166992188,415.659423828125,81.49375915527344,772.0700073242188,143.66880798339844,27.033138275146484,113.6148910522461,559.33935546875,234.7670135498047,115.88975524902344
2024-10-22,234.76739501953125,189.6999969482422,383.7805480957031,144.37191772460938,95.90425109863281,164.41493225097656,507.93572998046875,392.5438232421875,220.54098510742188,67.42215728759766,580.1857299804688,424.32440185546875,81.1737060546875,764.239990234375,143.54885864257812,26.94904136657715,114.74361419677734,557.7635498046875,235.84146118164062,116.48811340332031
2024-10-23,229.69100952148438,184.7100067138672,381.0834655761719,143.9510040283203,95.4085693359375,162.06529235839844,506.85772705078125,390.385009765625,219.8423309326172,66.02421569824219,561.9230346679688,421.43609619140625,82.39568328857422,749.2899780273438,139.51998901367188,26.967729568481445,116.56692504882812,552.6543579101562,235.7437744140625,116.0731201171875
2024-10-24,229.50189208984375,186.3800048828125,382.3974304199219,143.92230224609375,94.5758285522461,162.00555419921875,514.01171875,393.35455322265625,221.3872528076172,65.3349380493164,566.0003051757812,421.5650939941406,80.3105697631836,754.5499877929688,140.3697509765625,26.76215362548828,116.14244842529297,548.9057006835938,225.3900146484375,115.4168472290039
2024-10-25,230.33799743652344,187.8300018310547,381.320556640625,144.2666778564453,94.20902252197266,164.5443572998047,502.3497009277344,389.671875,218.7598876953125,64.96603393554688,571.453125,424.9595947265625,78.97222900390625,754.6799926757812,141.49942016601562,26.584611892700195,113.39300537109375,552.5760498046875,224.95046997070312,115.3203353881836
2024-10-28,232.31878662109375,188.38999938964844,385.9046630859375,144.00840759277344,95.3689193725586,165.9879913330078,513.1102294921875,393.5597229003906,221.89894104003906,64.72333526611328,576.3477172851562,423.4112548828125,80.36876678466797,749.1199951171875,140.479736328125,26.967729568481445,113.65347290039062,553.2416381835938,226.59141540527344,114.75092315673828
2024-10-29,232.58753967285156,190.8300018310547,382.8420104980469,142.07606506347656,95.29952239990234,168.9349822998047,513.7962036132812,385.92083740234375,219.34046936035156,63.645748138427734,591.42041015625,428.7313232421875,77.15866088867188,759.4400024414062,141.20950317382812,26.59395408630371,111.2416763305664,550.1976318359375,226.60118103027344,113.18745422363281
2024-10-30,229.03407287597656,192.72999572753906,374.671630859375,141.62643432617188,94.25859832763672,173.6940155029297,513.9137573242188,383.42987060546875,220.82635498046875,63.995235443115234,589.9449462890625,429.3069763183594,76.70285034179688,753.739990234375,139.300048828125,26.650022506713867,111.78192901611328,551.0100708007812,226.7770233154297,112.61805725097656
2024-10-31,224.8634796142578,186.39999389648438,371.66827392578125,142.363037109375,95.3689193725586,170.35870361328125,507.4358825683594,384.6313781738281,218.37611389160156,63.40304946899414,565.8009033203125,403.3220520019531,76.85801696777344,756.030029296875,132.72195434570312,26.44444465637207,108.9552993774414,552.517333984375,226.67933654785156,112.70490264892578
2024-11-01,221.87738037109375,197.92999267578125,375.0569152832031,146.42864990234375,94.98228454589844,170.5379180908203,508.9647521972656,383.49822998046875,219.3798370361328,63.1118049621582,565.3822631835938,407.31207275390625,75.01536560058594,756.0999755859375,135.36119079589844,26.248214721679688,109.3990707397461,555.5123901367188,227.28494262695312,110.93875885009766
2024-11-04,220.98153686523438,195.77999877929688,371.984375,147.28958129882812,94.96246337890625,168.49693298339844,501.2423095703125,386.4092102050781,216.27027893066406,63.20888900756836,558.9224853515625,405.4162902832031,76.00458526611328,755.510009765625,136.01100158691406,25.939851760864258,109.84283447265625,545.9302368164062,224.5695037841797,114.4710464477539
2024-11-05,222.4148712158203,199.5,378.7518615722656,146.75389099121094,95.79520416259766,168.99473571777344,516.4225463867188,390.8245544433594,217.9530029296875,63.461299896240234,570.6356811523438,408.3939514160156,76.27613830566406,763.9099731445312,139.86988830566406,26.15477180480957,110.39273071289062,554.9937133789062,228.4375457763672,114.80883026123047
2024-11-06,221.68824768066406,207.08999633789062,411.85821533203125,150.8768768310547,98.03568267822266,175.73501586914062,584.0623779296875,379.3759460449219,243.11465454101562,61.84006118774414,570.2568969726562,417.0489807128906,72.27079010009766,780.2100219726562,145.56825256347656,25.56608009338379,109.72706604003906,584.0240478515625,242.7179412841797,116.77764129638672
2024-11-07,226.42620849609375,210.0500030517578,403.2926330566406,149.96810913085938,98.07533264160156,179.95640563964844,570.528564453125,390.1895751953125,232.605224609375,61.80122756958008,589.8453369140625,422.2598876953125,72.3677749633789,796.5399780273438,148.83734130859375,25.65951919555664,110.18048858642578,592.5980834960938,236.9256591796875,116.92242431640625
2024-11-08,226.15716552734375,208.17999267578125,388.63140869140625,150.1211395263672,98.16455841064453,177.56692504882812,577.476806640625,396.5,233.19561767578125,62.05363464355469,587.4927368164062,419.39141845703125,74.64684295654297,795.0399780273438,147.58767700195312,25.355857849121094,111.74333190917969,602.7382202148438,235.8805389404297,116.88381958007812
2024-11-11,223.4368133544922,206.83999633789062,391.76324462890625,149.70982360839844,99.98866271972656,179.5581512451172,590.2952880859375,398.83465576171875,235.46873474121094,61.50998306274414,581.3419799804688,414.8951721191406,73.61884307861328,805.4400024414062,145.2183380126953,24.90036392211914,110.07437133789062,611.9779052734375,236.32984924316406,116.2661361694336
2024-11-12,223.4368133544922,208.91000366210938,388.2757873535156,148.5522918701172,100.11753845214844,180.82257080078125,580.7401733398438,393.7452697753906,235.73443603515625,61.35466003417969,582.9868774414062,419.87774658203125,72.01863098144531,819.5,148.24746704101562,24.85291862487793,108.77200317382812,601.6224365234375,233.3604736328125,116.15032958984375
2024-11-13,224.32366943359375,214.10000610351562,382.4073181152344,151.83349609375,101.83259582519531,178.09458923339844,582.3375854492188,400.690673828125,237.3088836669922,61.160499572753906,578.1819458007812,422.0316162109375,71.99922943115234,830.469970703125,146.2280731201172,25.355857849121094,112.45722961425781,593.00927734375,234.82562255859375,117.23124694824219
2024-11-14,227.4127197265625,211.47999572753906,382.69378662109375,154.77987670898438,108.17730712890625,174.80909729003906,576.83984375,396.3241882324219,238.00753784179688,60.7236328125,575.3508911132812,423.7090148925781,73.00784301757812,837.260009765625,146.71791076660156,24.69159698486328,110.7014389038086,580.5592041015625,230.10781860351562,117.30908966064453
2024-11-15,224.20408630371094,202.61000061035156,379.4434509277344,154.41635131835938,114.0858154296875,171.732666015625,581.6712036132812,398.7272033691406,241.39260864257812,59.937294006347656,552.3432006835938,411.9076232910156,74.04554748535156,823.9600219726562,141.9392852783203,23.53388023376465,109.41836547851562,579.6587524414062,230.09803771972656,116.0927963256836
2024-11-18,227.21340942382812,201.6999969482422,379.8287353515625,155.35372924804688,112.55912017822266,174.5303192138672,576.232177734375,400.9348449707031,241.1170654296875,60.05378341674805,552.6622924804688,412.66192626953125,74.0843505859375,847.0499877929688,140.10980224609375,23.590818405151367,110.60496520996094,577.133544921875,228.9650115966797,117.06583404541016
2024-11-19,227.4724884033203,204.61000061035156,377.724365234375,154.23275756835938,111.44879150390625,177.33792114257812,569.75439453125,397.379150390625,239.2080535888672,60.76247024536133,559.331298828125,414.67681884765625,74.7535171508789,871.3200073242188,146.9678497314453,23.81856346130371,111.06803131103516,564.7520141601562,227.87100219726562,115.4311294555664
2024-11-20,228.18994140625,202.8800048828125,376.9044189453125,155.90455627441406,113.27290344238281,175.20733642578125,570.2933959960938,390.73663330078125,236.93495178222656,61.15079116821289,563.7473754882812,412.3939514160156,74.55955505371094,883.8499755859375,145.84817504882812,23.666732788085938,110.49884796142578,587.753173828125,228.1347198486328,117.0755615234375
2024-11-21,227.71163940429688,198.3800048828125,384.8969421386719,156.19447326660156,113.72892761230469,166.89401245117188,584.1898193359375,400.9446105957031,240.85137939453125,61.89830780029297,561.3250122070312,410.6137390136719,75.02507019042969,897.47998046875,146.62796020507812,23.847034454345703,109.94895935058594,584.8070068359375,233.4678955078125,118.64214324951172
2024-11-22,229.05685424804688,197.1199951171875,392.7017517089844,156.89993286132812,114.65089416503906,164.03659057617188,590.7265014648438,410.2734680175781,244.58087158203125,62.05363464355469,557.387451171875,414.7211608886719,74.20008087158203,897.7899780273438,141.9093017578125,24.340486526489258,111.71440124511719,578.32763671875,236.75961303710938,118.50592041015625
2024-11-25,232.04624938964844,201.4499969482422,400.7634582519531,154.9671630859375,114.99787139892578,166.9138946533203,590.9714965820312,418.7427062988281,246.29307556152344,62.50020217895508,563.3386840820312,416.5013732910156,74.82492065429688,865.5900268554688,135.9810028076172,24.833940505981445,113.90430450439453,592.9700317382812,243.52865600585938,116.73499298095703
2024-11-26,234.22850036621094,207.86000061035156,402.917236328125,157.06419372558594,114.4526138305664,168.37745666503906,593.3920288085938,419.572998046875,245.9781951904297,62.665245056152344,571.7422485351562,425.6510925292969,75.65478515625,872.5999755859375,136.88075256347656,24.454360961914062,112.07134246826172,593.9096069335938,239.9243621826172,114.78893280029297
2024-11-27,234.09896850585938,205.74000549316406,398.8370056152344,156.6583251953125,116.58404541015625,168.48695373535156,593.323486328125,419.49444580078125,245.80105590820312,62.54874801635742,567.4158325195312,420.67840576171875,76.66039276123047,877.3400268554688,135.3011932373047,24.511295318603516,113.64383697509766,595.4660034179688,239.5336456298828,114.48728942871094
2024-11-29,236.490478515625,207.88999938964844,401.2179260253906,156.484375,116.45516967773438,168.2082061767578,596.4006958007812,421.3995056152344,245.732177734375,62.6807975769043,572.5198364257812,421.1458435058594,76.80684661865234,886.8099975585938,138.2103729248047,24.871896743774414,112.6598129272461,597.247314453125,238.97689819335938,114.7791976928711
2024-12-02,238.7424774169922,210.7100067138672,397.6613464355469,156.7549591064453,116.1478500366211,170.73704528808594,592.5991821289062,419.2685852050781,242.3175811767578,62.260189056396484,590.9718017578125,428.6247863769531,75.24474334716797,897.739990234375,138.5902557373047,24.501806259155273,111.75297546386719,595.6029663085938,235.18701171875,114.67215728759766
2024-12-03,241.79165649414062,213.44000244140625,394.4504699707031,156.47471618652344,115.44397735595703,170.58770751953125,592.9635620117188,421.6155700683594,240.9104461669922,62.13302230834961,611.7265014648438,428.84356689453125,74.48320770263672,902.1699829101562,140.2198028564453,24.255081176757812,112.29322814941406,592.3828125,231.48504638671875,114.49701690673828
2024-12-04,242.150390625,218.16000366210938,394.69744873046875,152.99578857421875,115.97930908203125,173.6044158935547,589.6445922851562,420.2113037109375,239.5131072998047,60.85163116455078,611.8561401367188,435.0295715332031,73.94623565673828,911.0599975585938,145.09840393066406,23.941926956176758,110.99085998535156,597.8248291015625,229.54127502441406,111.19843292236328
2024-12-05,242.18026733398438,220.5500030517578,390.2220458984375,153.97181701660156,115.4935531616211,171.8820037841797,587.7634887695312,418.8561706542969,241.5598907470703,61.54612350463867,607.021240234375,440.2011413574219,74.39533996582031,917.8699951171875,145.02841186523438,24.38793182373047,109.77530670166016,566.68017578125,229.17987060546875,111.68494415283203
2024-12-06,241.98097229003906,227.02999877929688,390.2714538574219,150.0193634033203,115.72156524658203,173.9429168701172,590.599853515625,423.5991516113281,243.4098663330078,61.164642333984375,621.8148193359375,441.1459655761719,73.45806884765625,934.739990234375,142.4089813232422,24.41640281677246,108.04846954345703,537.9532470703125,228.1444854736328,110.50757598876953
2024-12-09,245.8771514892578,226.08999633789062,394.4504699707031,151.79750061035156,113.619873046875,174.80010986328125,585.1240234375,421.4486083984375,239.9165496826172,61.23311233520508,611.646728515625,443.58251953125,72.93087005615234,913.6900024414062,138.77975463867188,24.76751136779785,111.3478012084961,550.8243408203125,229.43145751953125,109.85564422607422
2024-12-10,246.8935546875,225.0399932861328,383.71142578125,151.7201690673828,113.73883819580078,184.56826782226562,576.1716918945312,414.977294921875,238.9817352294922,61.53634262084961,617.3787841796875,440.9072570800781,72.3841323852539,913.3499755859375,135.04058837890625,24.264572143554688,109.15789031982422,555.3145141601562,232.9189910888672,109.6318359375
2024-12-11,245.61807250976562,230.25999450683594,384.18560791015625,150.95675659179688,113.619873046875,194.76502990722656,583.5877075195312,413.78912353515625,239.64102172851562,61.272239685058594,630.6968383789062,446.5363464355469,72.2279281616211,936.5599975585938,139.27964782714844,23.941926956176758,108.00988006591797,524.2077026367188,229.66725158691406,108.90206909179688
2024-12-12,247.0828857421875,228.97000122070312,376.1930847167969,149.50718688964844,113.9073715209961,191.33621215820312,582.6520385742188,406.9544982910156,237.67295837402344,62.4460334777832,628.812744140625,447.10321044921875,71.48591613769531,925.5499877929688,137.31008911132812,24.07478141784668,107.7108154296875,506.7481384277344,229.5984649658203,108.80476379394531
2024-12-13,247.2522735595703,227.4600067138672,375.92633056640625,148.6954345703125,112.36084747314453,189.20315551757812,576.6148071289062,409.4683837890625,236.10836791992188,61.74176025390625,618.405517578125,444.8257141113281,71.87644958496094,918.8699951171875,134.22076416015625,24.274059295654297,107.20915222167969,511.38568115234375,230.8461151123047,107.85118103027344
2024-12-16,250.15196228027344,232.92999267578125,374.3554992675781,144.3371124267578,111.63394927978516,196.02093505859375,577.4520263671875,403.3113098144531,235.75411987304688,61.184200286865234,622.7852783203125,449.1221008300781,71.06610870361328,921.0800170898438,131.9712371826172,23.960906982421875,105.94410705566406,489.78973388671875,228.7928924560547,105.54508972167969
2024-12-17,252.58334350585938,231.14999389648438,371.2730407714844,143.12913513183594,112.54007720947266,194.7849578857422,565.9783935546875,401.1116638183594,234.55360412597656,62.01564407348633,617.9964599609375,451.9764099121094,70.55841827392578,919.1300048828125,130.36160278320312,25.080663681030273,105.94410705566406,477.0365295410156,225.83584594726562,105.09750366210938
2024-12-18,247.1725616455078,220.52000427246094,359.5065612792969,139.23468017578125,110.8771743774414,187.7877655029297,541.9183349609375,386.7255859375,226.69117736816406,61.47765350341797,595.79833984375,434.999755859375,68.84986114501953,889.5499877929688,128.88192749023438,24.568233489990234,101.11740112304688,490.9884033203125,220.5897674560547,103.55037689208984
2024-12-19,248.90640258789062,223.2899932861328,356.0289306640625,136.4031982421875,110.8970947265625,187.8974151611328,545.6016845703125,378.0841064453125,229.2398223876953,61.086387634277344,594.1820068359375,434.6416931152344,68.11762237548828,902.0399780273438,130.65151977539062,24.454360961914062,98.67485809326172,480.7013854980469,219.22422790527344,102.66490936279297
2024-12-20,253.5897979736328,224.9199981689453,361.63067626953125,138.04605102539062,111.55428314208984,190.78799438476562,557.5283203125,385.5275573730469,233.8057403564453,61.184200286865234,583.8861083984375,434.21405029296875,69.97262573242188,909.0499877929688,134.670654296875,25.014238357543945,100.54325866699219,491.39129638671875,222.33848571777344,103.01520538330078
2024-12-23,254.36703491210938,225.05999755859375,360.98846435546875,138.16200256347656,110.92696380615234,193.99754333496094,562.137451171875,385.3802795410156,234.58311462402344,61.01791763305664,598.4520874023438,432.8714294433594,70.77320098876953,911.4500122070312,139.6395721435547,25.34636878967285,101.34122467041016,497.49273681640625,223.1342315673828,103.4336166381836
2024-12-24,257.28668212890625,229.0500030517578,363.1422119140625,139.0027313232422,112.08203125,195.47271728515625,573.965576171875,389.0038146972656,238.44052124023438,61.46786880493164,606.3336791992188,436.9291076660156,71.18326568603516,932.1199951171875,140.18946838378906,25.374835968017578,101.88616943359375,497.2569580078125,225.7081298828125,103.53091430664062
2024-12-26,258.1037292480469,227.0500030517578,362.6976318359375,139.13803100585938,112.07208251953125,194.96438598632812,572.4291381835938,388.0218505859375,239.25726318359375,61.20376205444336,601.9439697265625,435.7157897949219,70.65605163574219,924.1400146484375,139.89952087402344,25.20402717590332,104.0173110961914,502.2187194824219,226.1796875,103.61848449707031
2024-12-27,254.68588256835938,223.75,360.4648132324219,139.15736389160156,111.07633209228516,192.1335906982422,567.4556884765625,385.7828674316406,237.3187255859375,61.086387634277344,598.4122314453125,428.1772155761719,70.40221405029297,907.5499877929688,136.98016357421875,25.26096534729004,102.41165924072266,501.0789489746094,225.88494873046875,103.6087646484375
2024-12-30,251.30787658691406,221.3000030517578,358.63714599609375,138.25865173339844,110.32951354980469,190.61856079101562,564.865478515625,382.4146423339844,235.49826049804688,60.67555618286133,589.8621215820312,422.50836181640625,70.06050109863281,900.4299926757812,137.46005249023438,25.07117462158203,102.27542114257812,498.92724609375,223.78260803222656,102.9081802368164
2024-12-31,249.5341796875,219.38999938964844,358.3901672363281,139.9691162109375,110.8771743774414,188.6848602294922,563.9495849609375,381.9825744628906,235.8820343017578,60.90053176879883,584.1455078125,419.196533203125,69.99215698242188,891.3200073242188,134.26075744628906,25.175559997558594,102.85929107666016,497.0211486816406,224.0281982421875,104.66936492919922
2025-01-02,242.9874267578125,220.22000122070312,355.4361572265625,141.77622985839844,110.34942626953125,188.81442260742188,566.2639770507812,381.462158203125,236.1674041748047,60.489707946777344,597.843505859375,416.2925109863281,69.91404724121094,886.72998046875,138.27987670898438,25.251476287841797,101.45799255371094,495.6947326660156,225.08921813964844,104.41637420654297
2025-01-03,242.49916076660156,224.19000244140625,359.4077453613281,142.87789916992188,110.68798828125,191.166748046875,571.3458862304688,382.1691589355469,239.39501953125,60.40167236328125,603.2208862304688,421.0364685058594,70.28504180908203,881.0499877929688,144.43853759765625,25.232494354248047,102.79116821289062,504.036376953125,227.42733764648438,104.95154571533203
2025-01-06,244.1333465576172,227.61000061035156,359.81280517578125,142.30772399902344,110.57845306396484,196.23025512695312,574.5565185546875,382.3557434082031,238.22787475585938,59.482200622558594,628.7313842773438,425.5118713378906,69.55281066894531,881.7899780273438,149.39744567871094,25.517181396484375,103.79349517822266,504.6946716308594,225.96356201171875,104.83478546142578
2025-01-07,241.3532257080078,222.11000061035156,358.6272277832031,144.55935668945312,110.91700744628906,194.854736328125,571.3359985351562,377.308349609375,240.52259826660156,59.51154327392578,616.4500732421875,420.0617980957031,68.76199340820312,879.1900024414062,140.10946655273438,25.74492645263672,103.71564483642578,505.2645263671875,226.4842071533203,105.81754302978516
2025-01-08,241.84146118164062,222.1300048828125,356.7204895019531,145.24549865722656,109.29393005371094,193.3197479248047,571.237548828125,380.224853515625,240.48304748535156,60.362545013427734,609.2967529296875,422.2398376464844,68.98655700683594,875.0,140.07948303222656,25.488710403442383,102.66466522216797,515.3551635742188,227.74171447753906,104.04662322998047
2025-01-10,236.01217651367188,218.94000244140625,346.7718200683594,147.989990234375,108.18864440917969,191.41592407226562,551.5206298828125,382.86639404296875,237.25852966308594,59.73652267456055,614.4248046875,416.6604919433594,65.78422546386719,837.6900024414062,135.8804168701172,25.355857849121094,100.80599212646484,511.5920104980469,221.2480010986328,103.66714477539062
2025-01-13,233.5708465576172,218.4600067138672,358.1332702636719,150.12567138671875,107.62106323242188,190.38929748535156,554.426025390625,382.1691589355469,241.55128479003906,60.303855895996094,606.9124145507812,414.9101257324219,65.3741683959961,840.2899780273438,133.20098876953125,25.431774139404297,102.53816223144531,531.6847534179688,222.77072143554688,106.34298706054688
2025-01-14,232.45480346679688,217.75999450683594,367.0940246582031,151.62351989746094,107.66089630126953,189.04367065429688,562.8760375976562,385.7043151855469,244.77578735351562,60.68533706665039,592.8651733398438,413.3984375,66.37002563476562,828.4000244140625,131.73129272460938,25.06168556213379,105.2142562866211,534.2392578125,225.34463500976562,106.76139068603516
2025-01-15,237.02854919433594,223.35000610351562,370.3740234375,153.0054473876953,107.72063446044922,194.91453552246094,596.745361328125,398.7745361328125,249.6026611328125,60.421234130859375,615.681884765625,423.98028564453125,67.64899444580078,848.260009765625,136.21034240722656,24.881383895874023,104.9515151977539,533.9248657226562,226.79859924316406,108.50312042236328
2025-01-16,227.4525604248047,220.66000366210938,375.9658203125,154.0201416015625,106.00794219970703,192.28311157226562,603.708251953125,401.9561462402344,251.50177001953125,60.89075469970703,609.8753662109375,422.25970458984375,69.67973327636719,842.3699951171875,133.54090881347656,25.137601852416992,107.94874572753906,501.66851806640625,230.75772094726562,108.31824493408203
2025-01-17,229.16647338867188,225.94000244140625,381.36993408203125,156.0398406982422,106.56555938720703,195.3630828857422,616.4622192382812,402.0052795410156,256.3385314941406,61.34070587158203,611.342041015625,426.6854248046875,69.08417510986328,858.0999755859375,137.6800079345703,24.957300186157227,106.53771209716797,500.8529968261719,230.13877868652344,109.29127502441406
2025-01-21,221.85243225097656,230.7100067138672,395.00408935546875,152.91848754882812,108.2384262084961,197.4064178466797,625.1289672851562,410.8922424316406,260.1663818359375,61.05704116821289,615.0234375,426.1583251953125,69.17204284667969,869.6799926757812,140.79933166503906,25.279943466186523,114.11834716796875,515.81689453125,232.56532287597656,108.46420288085938
2025-01-22,223.03822326660156,235.00999450683594,394.2604064941406,151.15000915527344,108.34796142578125,197.72537231445312,623.1494140625,402.7123107910156,259.97845458984375,60.43101501464844,622.0469970703125,443.7616271972656,66.8679428100586,953.989990234375,147.03799438476562,24.68210792541504,112.03585815429688,510.638916015625,231.65170288085938,106.57650756835938
2025-01-23,222.8688507080078,235.4199981689453,402.97637939453125,150.7634735107422,110.56848907470703,197.33665466308594,629.81689453125,406.925048828125,263.05462646484375,60.18647384643555,634.966796875,444.2687683105469,67.59041595458984,984.8599853515625,147.1879425048828,25.09015464782715,115.35420989990234,520.5133666992188,243.68618774414062,107.17980194091797
2025-01-24,221.991943359375,234.85000610351562,404.196044921875,150.4155731201172,111.6837387084961,199.5594024658203,627.2562866210938,407.03302001953125,261.9566650390625,60.567955017089844,645.9810791015625,441.63330078125,71.10515594482422,977.5900268554688,142.58892822265625,25.167325973510742,115.7337417602539,523.2055053710938,244.40335083007812,105.72998046875
2025-01-27,229.04689025878906,235.4199981689453,391.6526184082031,151.94244384765625,112.85871887207031,191.18670654296875,623.691162109375,417.21624755859375,262.9557189941406,62.475379943847656,658.3422241210938,432.1851806640625,72.08147430419922,971.8900146484375,118.39420318603516,25.910093307495117,117.99138641357422,534.0231323242188,249.9441375732422,107.19925689697266
2025-01-28,237.4171905517578,238.14999389648438,387.0021057128906,150.95675659179688,111.663818359375,194.6653594970703,628.1426391601562,411.2850341796875,264.2316589355469,60.99835205078125,672.7584838867188,444.7561340332031,68.86939239501953,971.8300170898438,128.9619140625,25.803985595703125,116.97933197021484,533.001220703125,244.77667236328125,105.12669372558594
2025-01-29,238.5133056640625,237.07000732421875,389.9173583984375,150.45423889160156,112.70936584472656,194.77499389648438,627.72900390625,405.9725036621094,263.677734375,61.45808792114258,674.9135131835938,439.9126892089844,69.21110534667969,978.1500244140625,123.67305755615234,25.6785831451416,115.96728515625,528.6978149414062,245.15980529785156,105.73970031738281
2025-01-30,236.74954223632812,234.63999938964844,371.82110595703125,151.06304931640625,112.9483413696289,200.21725463867188,635.9230346679688,407.03302001953125,265.3097839355469,62.651451110839844,685.3990478515625,412.7221374511719,69.61139678955078,973.239990234375,124.62285614013672,25.95832633972168,117.40750885009766,536.037353515625,245.52330017089844,106.61544036865234
2025-01-31,235.16519165039062,237.67999267578125,368.3109130859375,144.17282104492188,112.57991027832031,203.35702514648438,630.7033081054688,404.5584411621094,264.389892578125,62.093894958496094,687.5739135742188,412.7917785644531,69.865234375,976.760009765625,120.04385375976562,25.58211898803711,116.04513549804688,533.0111083984375,243.4307403564453,103.94932556152344
2025-02-03,227.2034454345703,237.4199981689453,358.50421142578125,144.31776428222656,113.51592254638672,200.57608032226562,622.7948608398438,401.3964538574219,263.9052429199219,61.966732025146484,695.8346557617188,408.67437744140625,69.36731719970703,978.9400024414062,116.63459777832031,25.273435592651367,114.67302703857422,538.6016845703125,238.74468994140625,104.20230102539062
2025-02-04,231.97650146484375,242.05999755859375,358.9008483886719,148.0673065185547,112.81890106201172,205.7093505859375,624.5774536132812,404.0772399902344,265.0229187011719,61.301578521728516,702.5489501953125,410.116455078125,68.24454498291016,994.8699951171875,118.62416076660156,24.955106735229492,115.1303939819336,535.9193725585938,239.2162322998047,106.99491882324219
2025-02-05,231.64767456054688,236.1699981689453,355.82696533203125,147.8450469970703,110.07061767578125,190.70826721191406,635.6768798828125,406.36529541015625,267.48583984375,61.74176025390625,703.2274169921875,411.0314636230469,67.56111907958984,1011.1099853515625,124.80281829833984,25.504947662353516,115.58776092529297,530.3779296875,240.1790008544922,106.91707611083984
2025-02-06,232.39501953125,238.8300018310547,362.3713684082031,146.7916717529297,111.61402893066406,190.97738647460938,648.25341796875,406.69915771484375,273.8853759765625,61.97651290893555,710.3307495117188,413.547607421875,67.62946319580078,1015.6799926757812,128.65196228027344,24.916519165039062,115.35420989990234,520.7786254882812,239.22604370117188,105.50617218017578
2025-02-07,226.8247833251953,229.14999389648438,360.8145751953125,147.4874725341797,110.3892593383789,184.73770141601562,645.9686279296875,400.0314636230469,272.79736328125,62.4460334777832,712.8548583984375,407.5107727050781,66.65315246582031,1013.9299926757812,129.81170654296875,24.829702377319336,114.19619750976562,517.8212890625,237.82122802734375,105.95377349853516
2025-02-10,227.0941162109375,233.13999938964844,360.16015625,150.5315399169922,108.81596374511719,185.86404418945312,640.679931640625,406.5321960449219,268.08917236328125,63.14053726196289,715.7281494140625,409.96728515625,68.04928588867188,1027.5999755859375,133.54090881347656,24.955106735229492,116.25922393798828,524.0504760742188,240.03163146972656,107.9776840209961
2025-02-11,232.052001953125,232.75999450683594,359.178466796875,152.1453857421875,108.55706787109375,184.71778869628906,637.439697265625,408.8595275878906,271.9961853027344,66.12393951416016,718.12255859375,409.1915283203125,68.66436767578125,1008.0800170898438,132.77108764648438,24.62713050842285,118.4974136352539,524.5908203125,243.371826171875,108.6588134765625
2025-02-12,236.29161071777344,228.92999267578125,349.0743408203125,149.6907958984375,108.76618194580078,183.01333618164062,639.173095703125,399.8056335449219,272.4512023925781,67.2096939086914,723.6895751953125,406.8046569824219,67.63922882080078,1027.31005859375,131.11143493652344,24.569250106811523,116.55116271972656,518.184814453125,244.13809204101562,105.38961791992188
2025-02-13,240.94024658203125,230.3699951171875,350.7203674316406,150.63783264160156,109.12464141845703,185.5351104736328,639.1238403320312,405.0003356933594,273.31170654296875,67.98245239257812,726.8621826171875,408.2964782714844,66.97533416748047,1043.68994140625,135.26052856445312,24.733238220214844,117.65078735351562,521.898681640625,246.55482482910156,106.1553726196289
2025-02-14,244.00274658203125,228.67999267578125,350.3435363769531,151.78103637695312,109.91129302978516,184.62808227539062,650.5482177734375,402.12310791015625,273.5787658691406,67.3662109375,734.9533081054688,406.1979675292969,66.4481201171875,1058.5999755859375,138.81976318359375,24.62713050842285,117.60213470458984,514.36279296875,244.83560180664062,106.26336669921875
2025-02-18,243.87306213378906,226.64999389648438,351.017822265625,152.58226013183594,109.09477233886719,183.17283630371094,662.0119018554688,396.04461669921875,276.9021911621094,67.54228210449219,714.7005615234375,407.4013977050781,66.87770080566406,1035.8499755859375,139.36964416503906,24.656068801879883,118.04976654052734,491.98077392578125,246.7512969970703,108.12866973876953
2025-02-19,244.27207946777344,226.6300048828125,350.0262145996094,153.6277313232422,110.8771743774414,184.66795349121094,658.0331420898438,388.30657958984375,276.2098083496094,68.54000091552734,702.1300048828125,412.50335693359375,67.4244384765625,1043.3299560546875,139.19967651367188,24.974397659301758,118.36116790771484,502.11065673828125,242.71359252929688,108.28575134277344
2025-02-20,245.229736328125,222.8800048828125,346.20867919921875,155.15199279785156,110.08057403564453,183.9602508544922,632.53515625,387.53082275390625,263.89532470703125,68.51065826416016,693.2207641601562,414.6857604980469,68.47886657714844,1024.5400390625,140.07948303222656,24.984045028686523,117.65078735351562,493.64129638671875,243.29322814941406,109.95470428466797
2025-02-21,244.95042419433594,216.5800018310547,337.1754150390625,153.3248291015625,108.19860076904297,179.076171875,616.1273803710938,378.35906982421875,261.36322021484375,69.79205322265625,681.95703125,406.793212890625,69.884765625,1003.1500244140625,134.4007110595703,25.369897842407227,117.71891021728516,458.2702941894531,241.23016357421875,108.66863250732422
2025-02-24,246.49664306640625,212.7100067138672,336.0648498535156,154.27261352539062,110.7278060913086,178.66751098632812,616.6592407226562,375.53094482421875,258.4947814941406,69.04864501953125,666.572998046875,402.59783935546875,69.12323760986328,988.469970703125,130.2516326904297,25.707521438598633,117.48535919189453,453.4559020996094,238.0668182373047,109.23802947998047
2025-02-25,246.43678283691406,212.8000030517578,339.4758605957031,152.83628845214844,110.06065368652344,174.84994506835938,605.5992431640625,386.20513916015625,254.59767150878906,69.92899322509766,655.9677734375,396.5190124511719,69.59185791015625,977.239990234375,126.60242462158203,25.794336318969727,119.31483459472656,462.16107177734375,241.56419372558594,107.72615814208984
2025-02-26,239.77308654785156,214.35000610351562,339.69403076171875,151.5856170654297,111.35514068603516,172.16868591308594,608.416015625,383.4457702636719,255.97256469726562,69.25406646728516,672.1300048828125,398.3426818847656,69.32826232910156,990.0599975585938,131.2514190673828,25.485654830932617,118.87693786621094,455.4897155761719,241.16139221191406,107.4610824584961
2025-02-27,236.72056579589844,208.74000549316406,337.1357421875,153.08056640625,110.83734130859375,167.9524383544922,598.7938842773438,383.2395324707031,256.2297058105469,69.32254028320312,656.7060546875,391.1676330566406,67.73685455322266,963.0700073242188,120.12384033203125,25.176971435546875,119.47052764892578,460.3729248046875,240.7586212158203,108.13848876953125
2025-02-28,241.24948120117188,212.27999877929688,341.052490234375,154.9858856201172,113.3167724609375,169.72665405273438,615.906494140625,389.45550537109375,261.76873779296875,69.65510559082031,666.642822265625,395.6121520996094,69.07263946533203,980.5599975585938,124.89279174804688,25.49530029296875,120.58963012695312,466.6610412597656,243.68252563476562,109.29693603515625
2025-03-03,237.4487762451172,205.02000427246094,329.2428283691406,149.5825958251953,112.3110580444336,166.46726989746094,599.0512084960938,382.6700134277344,257.7826232910156,70.74087524414062,653.5234375,387.14166259765625,70.49996185302734,973.7000122070312,114.03515625,25.321666717529297,120.21984100341797,458.8892517089844,242.81326293945312,105.7921371459961
2025-03-04,235.35391235351562,203.8000030517578,323.99737548828125,148.51756286621094,108.54711151123047,170.3645782470703,575.1786499023438,374.80426025390625,247.52552795410156,68.65737915039062,638.5084838867188,387.26123046875,69.74200439453125,972.5800170898438,115.96473693847656,24.8393497467041,118.50714111328125,466.317138671875,238.5755615234375,105.5761489868164
2025-03-05,235.1643829345703,208.36000061035156,335.6384582519531,147.35482788085938,108.84583282470703,172.457763671875,586.9862670898438,379.3901672363281,248.7915802001953,68.5497817993164,654.940185546875,399.628173828125,69.37779998779297,990.9199829101562,117.27445220947266,25.02263069152832,120.70640563964844,467.66326904296875,240.64007568359375,103.5145034790039
2025-03-06,234.75538635253906,200.6999969482422,338.1372375488281,149.44580078125,104.98231506347656,171.78994750976562,561.8468017578125,374.8533935546875,243.8559112548828,68.9214859008789,626.4666137695312,395.5125427246094,68.91514587402344,906.3599853515625,110.5459213256836,25.31201934814453,117.06692504882812,479.1980895996094,242.27984619140625,105.65469360351562
2025-03-07,238.4862518310547,199.25,347.3489685058594,152.7581329345703,105.06197357177734,173.29502868652344,553.9288330078125,370.01214599609375,239.6422882080078,69.87030792236328,624.201904296875,391.9449462890625,71.6910400390625,891.1099853515625,112.66545867919922,25.784690856933594,116.68739318847656,484.85748291015625,246.2705841064453,107.02911376953125
2025-03-10,226.92454528808594,194.5399932861328,342.3018493652344,153.95994567871094,102.64229583740234,165.52139282226562,526.2061157226562,367.9009094238281,229.69183349609375,69.88986206054688,596.596435546875,378.840576171875,74.9689712524414,866.6799926757812,106.95669555664062,25.697874069213867,114.70222473144531,473.8455810546875,245.2630157470703,109.75836181640625
2025-03-11,220.30076599121094,196.58999633789062,336.9076843261719,150.54989624023438,97.48429107666016,163.6952362060547,525.978515625,361.52783203125,226.64535522460938,69.48882293701172,604.2985229492188,379.1296081542969,72.87226867675781,895.0999755859375,108.73631286621094,25.070859909057617,114.03076934814453,479.5883483886719,234.8811492919922,107.16657257080078
2025-03-12,216.45018005371094,198.88999938964844,335.2815246582031,149.17221069335938,98.34063720703125,166.7587890625,530.2146606445312,358.1596374511719,225.41885375976562,68.412841796875,618.1162109375,381.9397888183594,71.77963256835938,919.6799926757812,115.7254409790039,24.800764083862305,112.61974334716797,474.7237854003906,234.59469604492188,107.13711547851562
2025-03-13,209.1680145263672,193.88999938964844,330.5021057128906,150.09066772460938,96.45866394042969,162.41793823242188,519.4264526367188,343.15850830078125,222.7383575439453,68.0998306274414,589.2636108398438,377.45538330078125,71.59261322021484,890.1699829101562,115.56546020507812,24.69465446472168,107.39405822753906,475.1283264160156,231.43368530273438,106.68550872802734
2025-03-14,212.96871948242188,197.9499969482422,336.77880859375,153.42254638671875,98.22114562988281,165.14219665527344,535.8561401367188,347.170654296875,229.909423828125,68.14910125732422,606.7233276367188,387.21142578125,72.39978790283203,918.0,121.65469360351562,24.810409545898438,108.88294219970703,482.1636657714844,234.6342010498047,109.85652923583984
2025-03-17,213.4774627685547,195.74000549316406,339.7535095214844,155.08358764648438,98.9380874633789,163.9447021484375,545.684326171875,349.9574279785156,231.38319396972656,69.0950698852539,604.0272827148438,387.3509521484375,70.98230743408203,950.02001953125,119.51496124267578,25.128738403320312,111.3644027709961,492.3960266113281,234.96017456054688,111.68257141113281
2025-03-18,212.170654296875,192.82000732421875,333.87347412109375,157.12570190429688,98.92813110351562,160.3323211669922,546.1198120117188,345.451171875,232.41188049316406,68.36588287353516,581.5197143554688,382.1889343261719,69.59435272216797,929.97998046875,115.41547393798828,25.379545211791992,110.33352661132812,497.1125793457031,234.19955444335938,111.56475067138672
2025-03-19,214.7144317626953,195.5399932861328,335.7673645019531,160.29148864746094,99.86414337158203,163.54556274414062,551.622802734375,349.25579833984375,236.50680541992188,68.26734161376953,583.2173461914062,386.4739990234375,69.3974838256836,959.489990234375,117.50521087646484,25.2830810546875,110.91278076171875,496.52056884765625,233.5081024169922,113.30243682861328
2025-03-20,213.5772247314453,194.9499969482422,333.4173583984375,160.9949951171875,98.4402084350586,162.45785522460938,556.9080200195312,351.3310241699219,236.4078826904297,68.69105529785156,585.1544799804688,385.4974060058594,70.03731536865234,950.8400268554688,118.51508331298828,25.263790130615234,110.0291748046875,504.5130310058594,231.92759704589844,113.78348541259766
2025-03-21,217.73703002929688,196.2100067138672,332.9512939453125,160.97544860839844,99.03766632080078,163.64535522460938,559.3427734375,347.0125427246094,238.99937438964844,67.666259765625,595.3897094726562,389.9020690917969,69.77153778076172,960.2899780273438,117.68518829345703,25.350605010986328,106.44564056396484,509.98931884765625,231.02870178222656,113.39078521728516
2025-03-24,220.19102478027344,203.25999450683594,338.79168701171875,161.23927307128906,99.75460815429688,167.3275909423828,574.1492919921875,359.48382568359375,245.359375,67.94216918945312,617.9570922851562,391.7157287597656,68.97420501708984,971.989990234375,121.39472961425781,25.21555519104004,108.25213623046875,509.6440124511719,232.3325958251953,113.68531036376953
2025-03-25,223.2036590576172,205.7100067138672,339.7336730957031,162.13818359375,101.17853546142578,170.2015380859375,579.929443359375,356.7366027832031,248.3959503173828,67.80420684814453,625.4063720703125,393.7885437011719,67.51734924316406,997.280029296875,120.67481994628906,24.646421432495117,107.24089050292969,506.6147766113281,232.9154052734375,114.46087646484375
2025-03-26,220.9890594482422,201.1300048828125,338.23638916015625,164.12167358398438,100.35205841064453,164.7130889892578,568.0326538085938,357.8631591796875,248.2970428466797,68.99652099609375,610.0984497070312,388.6165466308594,68.6395263671875,970.6500244140625,113.74568939208984,24.318445205688477,109.10628509521484,511.3214416503906,235.1280975341797,116.11019897460938
2025-03-27,223.30340576171875,201.36000061035156,336.441650390625,162.8319091796875,100.0234603881836,161.89903259277344,553.1865234375,358.45611572265625,245.418701171875,69.70600128173828,601.7105712890625,389.2243957519531,68.93482971191406,976.719970703125,111.41598510742188,24.125520706176758,108.73320770263672,508.8743591308594,233.0932159423828,115.73713684082031
2025-03-28,217.36793518066406,192.72000122070312,326.91259765625,162.2847442626953,97.653564453125,154.0056610107422,537.5486450195312,353.9300537109375,240.2061004638672,69.34141540527344,575.9078369140625,377.48529052734375,69.34825897216797,933.8499755859375,109.65620422363281,24.318445205688477,108.43867492675781,509.1900939941406,229.31979370117188,115.58007049560547
2025-03-31,221.58761596679688,190.25999450683594,327.02166748046875,163.45724487304688,98.28089141845703,154.31500244140625,540.6860961914062,362.1717834472656,242.62942504882812,70.5731430053711,575.5284423828125,374.087158203125,69.78138732910156,932.530029296875,108.36636352539062,24.443849563598633,109.7542724609375,516.7977905273438,233.3599395751953,116.75814819335938
2025-04-01,222.64501953125,192.1699981689453,327.78521728515625,164.64930725097656,97.26522064208984,156.73989868164062,542.823974609375,361.21319580078125,241.0072784423828,70.81948852539062,585.1544799804688,380.863525390625,69.81090545654297,928.3800048828125,110.13613891601562,23.672142028808594,109.42045593261719,516.1761474609375,234.27859497070312,116.86614227294922
2025-04-02,223.3433074951172,196.00999450683594,331.84075927734375,162.6560516357422,97.46437072753906,156.70994567871094,557.3236694335938,366.51995849609375,243.14376831054688,70.2873764038086,583.0874633789062,380.813720703125,69.37779998779297,935.52001953125,110.4061050415039,23.82648468017578,110.29425048828125,516.2550659179688,235.55287170410156,116.50289154052734
2025-04-03,202.69386291503906,178.41000366210938,303.1842041015625,152.54315185546875,88.46275329589844,150.4032440185547,505.98577880859375,351.7164611816406,226.20025634765625,72.11033630371094,530.8529663085938,371.8150329589844,71.01183319091797,917.0499877929688,101.78719329833984,23.43098258972168,99.7400131225586,533.2662353515625,221.23951721191406,110.3768539428711
2025-04-04,187.92002868652344,171.0,285.65313720703125,139.99734497070312,83.17530822753906,145.29400634765625,465.9803771972656,349.7301025390625,209.2718048095703,68.90784454345703,504.00177001953125,358.5910949707031,65.86363220214844,855.8599853515625,94.29813385009766,22.157663345336914,96.44120788574219,518.0805053710938,210.6600799560547,102.43458557128906
2025-04-07,181.0169219970703,175.25999450683594,277.7007141113281,136.9390411376953,82.9462890625,146.4415740966797,460.7347717285156,337.48614501953125,213.411865234375,67.37064361572266,515.505126953125,356.61798095703125,64.04254913330078,867.8300170898438,97.6277084350586,21.829687118530273,92.79875946044922,517.7351684570312,207.4102020263672,101.06015014648438
2025-04-08,171.99899291992188,170.66000366210938,271.63226318359375,133.79281616210938,81.37299346923828,144.39588928222656,457.478515625,331.2900085449219,215.8302001953125,67.41991424560547,509.7135314941406,353.3294372558594,63.10741424560547,870.4000244140625,96.28788757324219,21.067626953125,88.12544250488281,545.7384643554688,205.73092651367188,98.92977905273438
2025-04-09,198.3644561767578,191.10000610351562,298.4742126464844,142.68434143066406,91.05171966552734,158.37644958496094,511.5679016113281,351.2026062011719,233.21644592285156,68.92754364013672,584.9248657226562,389.1347351074219,66.52314758300781,945.469970703125,114.31561279296875,21.694639205932617,96.43138122558594,570.821044921875,220.8048858642578,103.86792755126953
2025-04-10,189.95504760742188,181.22000122070312,286.72406005859375,131.8874969482422,84.86809539794922,152.4988250732422,484.77557373046875,349.45343017578125,226.0211181640625,69.72571563720703,545.5018310546875,380.0264587402344,65.67659759521484,921.1699829101562,107.55646514892578,20.82646942138672,93.16202545166016,586.5099487304688,216.64622497558594,98.1051254272461
2025-04-11,197.66615295410156,184.8699951171875,290.9779052734375,132.52261352539062,84.52953338623047,156.80975341796875,489.3680114746094,349.69061279296875,235.06752014160156,70.38591766357422,542.7857666015625,387.101806640625,64.78082275390625,918.2899780273438,110.9160385131836,21.135150909423828,94.47763061523438,591.5126342773438,215.92510986328125,101.25650024414062
2025-04-14,202.02549743652344,182.1199951171875,295.6085510253906,132.2197265625,84.3005142211914,158.73570251464844,498.81011962890625,352.9912414550781,233.59461975097656,71.39100646972656,530.713134765625,386.4640197753906,66.63142395019531,931.280029296875,110.6960678100586,21.337724685668945,96.50993347167969,579.2673950195312,219.56024169921875,101.50193786621094
2025-04-15,201.64642333984375,179.58999633789062,290.95806884765625,131.45758056640625,84.6490249633789,155.9814910888672,502.6800537109375,349.9376525878906,232.0122528076172,70.80963134765625,520.767578125,384.3912658691406,66.60189819335938,976.280029296875,112.18588256835938,21.646408081054688,96.68665313720703,575.843505859375,217.39694213867188,101.21723175048828
2025-04-16,193.79563903808594,174.3300018310547,287.69580078125,132.2587890625,82.41853332519531,153.00775146484375,493.9306945800781,341.913330078125,228.50912475585938,70.63226318359375,501.58526611328125,370.32025146484375,64.61348724365234,961.6300048828125,104.47685241699219,21.260555267333984,98.46369171142578,577.274169921875,213.95936584472656,102.2873306274414
2025-04-17,196.4990234375,172.61000061035156,291.77117919921875,134.71128845214844,84.44986724853516,150.84231567382812,504.26361083984375,350.87646484375,230.84786987304688,71.93296813964844,500.7564697265625,366.5035400390625,65.27300262451172,973.030029296875,101.47722625732422,21.35701560974121,100.24072265625,448.0821533203125,217.5747528076172,104.96746826171875
2025-04-21,192.68833923339844,167.32000732421875,283.7007141113281,130.6661376953125,83.643310546875,147.35964965820312,496.21697998046875,342.8125915527344,227.89210510253906,71.70632934570312,483.9607238769531,357.87359619140625,63.66850280761719,987.9099731445312,96.89781188964844,21.260555267333984,96.83391571044922,419.6842041015625,213.41607666015625,103.42613983154297
2025-04-22,199.25228881835938,173.17999267578125,290.1072692871094,134.1543426513672,85.72443389892578,151.1516571044922,514.6558837890625,350.2538757324219,234.46044921875,72.81981658935547,499.5581970214844,365.5469055175781,65.59784698486328,1040.3399658203125,98.87755584716797,21.733224868774414,98.12987518310547,421.5096130371094,214.25570678710938,106.32227325439453
2025-04-23,204.10043334960938,180.60000610351562,294.6904602050781,133.54855346679688,86.91934204101562,155.0235137939453,523.8802490234375,352.220458984375,239.72509765625,72.22858428955078,519.5193481445312,373.09063720703125,66.2179946899414,1049.5899658203125,102.69707489013672,21.598175048828125,99.63202667236328,422.2792663574219,217.10060119628906,105.40925598144531
2025-04-24,207.8612060546875,186.5399932861328,305.739990234375,135.88380432128906,89.62779235839844,158.9452362060547,539.7755126953125,355.4024963378906,243.46705627441406,71.4599838256836,532.3807983398438,385.9557800292969,65.3123779296875,1096.8699951171875,106.4166030883789,21.974384307861328,101.47779083251953,418.6185302734375,212.82337951660156,106.646240234375
2025-04-25,208.76898193359375,188.99000549316406,305.3315124511719,135.5515899658203,89.89664459228516,161.61962890625,539.2708129882812,353.36676025390625,242.38229370117188,70.8589096069336,546.4804077148438,390.4900207519531,65.05644226074219,1101.530029296875,110.99604034423828,22.109432220458984,100.378173828125,413.0830078125,210.68971252441406,106.58734130859375
2025-04-28,209.62689208984375,187.6999969482422,305.93927001953125,136.89019775390625,89.77716064453125,160.2724609375,540.7950439453125,352.7145690917969,242.0538787841797,70.74066162109375,548.9468383789062,389.80242919921875,65.1548843383789,1110.3800048828125,108.71631622314453,22.234834671020508,101.43851470947266,414.4249572753906,210.0180206298828,106.646240234375
2025-04-29,210.69427490234375,187.38999938964844,306.27801513671875,136.1085205078125,90.7828598022461,159.8234100341797,543.2891235351562,354.7700500488281,243.44715881347656,71.29246520996094,553.6400756835938,392.67242431640625,66.19831085205078,1125.6400146484375,109.00627899169922,22.948665618896484,101.22251892089844,403.79791259765625,211.92446899414062,106.38117980957031
2025-04-30,211.9811248779297,184.4199981689453,308.14117431640625,132.9427490234375,90.56379699707031,158.4662628173828,541.9331665039062,356.2424621582031,243.44715881347656,71.48954772949219,548.2078857421875,393.88818359375,65.83409118652344,1131.719970703125,108.90629577636719,23.54673957824707,100.33891296386719,405.97857666015625,213.03082275390625,103.7010269165039
2025-05-01,212.79913330078125,190.1999969482422,312.8140869140625,133.13816833496094,90.42439270019531,160.96099853515625,548.1488037109375,354.0782775878906,245.70626831054688,70.24796295166016,571.3843994140625,423.9235534667969,65.01707458496094,1133.469970703125,111.59595489501953,23.083715438842773,101.20288848876953,395.36138916015625,211.4700927734375,103.8482894897461
2025-05-02,204.8485870361328,189.97999572753906,322.49859619140625,135.3268585205078,92.09725952148438,163.68527221679688,560.2929077148438,360.2249755859375,251.29933166503906,70.60269927978516,596.15869140625,433.769287109375,66.04080963134766,1156.489990234375,114.485595703125,23.344165802001953,103.49046325683594,394.61151123046875,215.62875366210938,104.27043914794922
2025-05-05,198.40435791015625,186.35000610351562,321.9306640625,132.3955841064453,91.7188720703125,163.86489868164062,553.8200073242188,357.4678955078125,251.34909057617188,70.65196990966797,598.4053955078125,434.65618896484375,65.0662841796875,1134.06005859375,113.80567932128906,23.025836944580078,103.41191101074219,399.43658447265625,213.89022827148438,101.38412475585938
2025-05-06,198.0252685546875,185.00999450683594,319.71881103515625,132.49330139160156,91.77861785888672,162.88693237304688,543.724609375,355.14556884765625,248.05496215820312,70.67167663574219,586.462646484375,431.8061218261719,65.4994125366211,1137.68994140625,113.52571868896484,22.070844650268555,102.5970230102539,389.2733154296875,210.60081481933594,102.7978286743164
2025-05-07,195.7707977294922,188.7100067138672,319.1209716796875,132.67893981933594,101.656494140625,151.06185913085938,546.2583618164062,358.475830078125,248.1942901611328,71.34173583984375,595.9489135742188,431.8459777832031,66.30658721923828,1155.4100341796875,117.04527282714844,21.984031677246094,103.12718963623047,385.86907958984375,211.24288940429688,102.69966125488281
2025-05-08,197.00778198242188,192.0800018310547,323.0665283203125,133.90029907226562,104.67362976074219,153.9557647705078,559.8970336914062,360.56097412109375,252.25473022460938,70.12971496582031,597.147216796875,436.6492614746094,67.25157165527344,1144.4300537109375,117.35523986816406,22.157663345336914,103.5689926147461,380.4322204589844,214.19642639160156,104.13299560546875
2025-05-09,198.0452423095703,193.05999755859375,324.4315185546875,135.3170928955078,105.49015045166016,152.42897033691406,561.2825927734375,358.43634033203125,251.86660766601562,69.48921966552734,591.6351928710938,437.2073059082031,69.21044921875,1140.219970703125,116.63532257080078,21.902074813842773,104.96314239501953,375.5874328613281,213.68280029296875,105.35034942626953
2025-05-12,210.55104064941406,208.63999938964844,341.2997131347656,138.3753662109375,110.02082824707031,158.12696838378906,585.2740478515625,372.15277099609375,258.80316162109375,68.51368713378906,638.5073852539062,447.7007751464844,68.60015106201172,1110.0,122.98452758789062,22.698335647583008,108.32086181640625,373.72247314453125,228.05538940429688,107.16657257080078
2025-05-13,212.68861389160156,211.3699951171875,351.2532653808594,139.08865356445312,110.90704345703125,159.19471740722656,597.6160278320312,369.1980285644531,261.7489929199219,67.95201873779297,655.08349609375,447.5812072753906,70.98230743408203,1138.43994140625,129.9136505126953,22.482067108154297,107.70233154296875,307.24676513671875,225.4673309326172,107.4610824584961
2025-05-14,212.08929443359375,210.25,348.3837890625,138.42422485351562,112.4604263305664,165.02244567871094,605.3261108398438,368.4173278808594,264.36639404296875,68.14910125732422,658.4086303710938,451.36798095703125,71.06105041503906,1150.989990234375,135.32296752929688,21.646486282348633,105.64057159423828,303.9215087890625,225.55624389648438,106.49898529052734
2025-05-15,211.21029663085938,205.1699981689453,348.5332336425781,139.00071716308594,111.74348449707031,163.61541748046875,609.5820922851562,374.16876220703125,266.2074890136719,70.56328582763672,642.9509887695312,452.3863220214844,73.38414764404297,1177.97998046875,134.8130340576172,22.21664810180664,107.24089050292969,270.70831298828125,228.03564453125,107.57894134521484
2025-05-16,211.0205078125,205.58999633789062,352.2894592285156,138.84437561035156,112.93838500976562,165.84072875976562,612.6799926757812,376.29339599609375,266.27716064453125,70.94758605957031,639.4161376953125,453.5244445800781,73.82711029052734,1191.530029296875,135.38296508789062,22.442745208740234,108.53685760498047,288.03521728515625,228.59869384765625,107.19253540039062
2025-05-19,208.54331970214844,206.16000366210938,351.2831726074219,136.96530151367188,112.1816177368164,166.1899871826172,606.0189208984375,374.909912109375,263.6100158691406,70.87860870361328,639.5059814453125,458.11688232421875,72.7049331665039,1191.6400146484375,135.55294799804688,22.609861373901367,108.6350326538086,311.6968994140625,226.7021026611328,105.48838806152344
2025-05-20,206.62550354003906,204.07000732421875,348.2143859863281,135.75872802734375,111.88288879394531,163.6353759765625,600.2982788085938,372.60736083984375,264.40618896484375,70.64212036132812,636.1807861328125,457.4180603027344,73.246337890625,1192.02001953125,134.3630828857422,23.121042251586914,106.74999237060547,317.31134033203125,225.54637145996094,103.9823989868164
2025-05-21,201.86090087890625,201.1199951171875,341.2598876953125,134.0675506591797,109.99095153808594,168.20574951171875,587.3722534179688,366.47052001953125,259.7884521484375,70.79977416992188,634.5831298828125,451.8272399902344,70.42121887207031,1194.6300048828125,131.78341674804688,22.649185180664062,102.76393127441406,298.958251953125,220.89376831054688,102.70429992675781
2025-05-22,201.13172912597656,203.10000610351562,343.9300842285156,133.80052185058594,110.6581039428711,170.51089477539062,592.0933227539062,361.8160400390625,259.42022705078125,70.10015106201172,635.6515502929688,454.11346435546875,65.89315032958984,1187.969970703125,132.81329345703125,22.649185180664062,103.17627716064453,292.7320556640625,220.1529083251953,102.02066040039062
2025-05-23,195.04864501953125,200.99000549316406,342.1366882324219,135.03675842285156,109.25409698486328,168.11593627929688,592.400146484375,358.43634033203125,259.46002197265625,70.72093963623047,626.1552734375,449.441162109375,66.70033264160156,1185.3900146484375,131.2734832763672,22.9244327545166,102.14540100097656,291.6466369628906,219.40219116210938,102.0801010131836
2025-05-27,199.98304748535156,206.02000427246094,350.22705078125,136.31256103515625,111.88288879394531,172.53662109375,609.413818359375,366.03570556640625,264.01806640625,70.73079681396484,641.3932495117188,459.93389892578125,66.9759521484375,1211.5699462890625,135.48294067382812,23.209514617919922,104.67842102050781,291.08416748046875,221.61488342285156,102.56558227539062
2025-05-28,200.1927947998047,204.72000122070312,348.2143859863281,134.52249145507812,111.04644775390625,171.9977569580078,602.1985473632812,363.7232971191406,262.2266845703125,70.11001586914062,642.6514282226562,456.609375,66.15892791748047,1208.550048828125,134.7930450439453,22.786808013916016,105.95474243164062,294.15289306640625,219.47132873535156,101.16858673095703
2025-05-29,199.72332763671875,205.6999969482422,350.5060119628906,136.3916778564453,111.54432678222656,171.49880981445312,598.6552734375,363.9505920410156,263.10247802734375,70.44503784179688,644.1193237304688,457.9272155761719,67.91109466552734,1184.8599853515625,139.17250061035156,23.052228927612305,107.24089050292969,294.2121276855469,219.7973175048828,101.74324035644531
2025-05-30,200.622314453125,205.00999450683594,346.7597351074219,135.1949920654297,112.55999755859375,171.3790740966797,597.2528076171875,363.9505920410156,262.7342529296875,71.04612731933594,646.5557861328125,459.60443115234375,69.53529357910156,1207.22998046875,135.11300659179688,23.091550827026367,106.62236022949219,297.9024658203125,220.28428649902344,101.35684204101562
